anum,paper,family,table,lines,kinds
A124698,papers/A124/A124698.pdf,digit-window,,2,gf+recurrence
A124699,papers/A124/A124699.pdf,digit-window,,2,gf+recurrence
A124999,papers/A124/A124999.pdf,digit-window,,2,gf+recurrence
A125316,papers/A125/A125316.pdf,digit-window,,2,gf+recurrence
A125343,papers/A125/A125343.pdf,digit-window,,2,gf+recurrence
A125370,papers/A125/A125370.pdf,digit-window,,2,gf+recurrence
A125396,papers/A125/A125396.pdf,digit-window,,2,gf+recurrence
A125421,papers/A125/A125421.pdf,digit-window,,2,gf+recurrence
A125445,papers/A125/A125445.pdf,digit-window,,2,gf+recurrence
A125468,papers/A125/A125468.pdf,digit-window,,2,gf+recurrence
A126360,papers/A126/A126360.pdf,digit-window,,1,recurrence
A126362,papers/A126/A126362.pdf,digit-window,,1,recurrence
A126395,papers/A126/A126395.pdf,digit-window,,2,gf+recurrence
A126396,papers/A126/A126396.pdf,digit-window,,2,gf+recurrence
A126397,papers/A126/A126397.pdf,digit-window,,2,gf+recurrence
A126475,papers/A126/A126475.pdf,digit-window,,2,gf+recurrence
A126476,papers/A126/A126476.pdf,digit-window,,2,gf+recurrence
A126477,papers/A126/A126477.pdf,digit-window,,2,gf+recurrence
A126478,papers/A126/A126478.pdf,digit-window,,2,gf+recurrence
A126502,papers/A126/A126502.pdf,digit-window,,2,gf+recurrence
A126503,papers/A126/A126503.pdf,digit-window,,2,gf+recurrence
A126504,papers/A126/A126504.pdf,digit-window,,2,gf+recurrence
A126505,papers/A126/A126505.pdf,digit-window,,2,gf+recurrence
A126529,papers/A126/A126529.pdf,digit-window,,2,gf+recurrence
A126530,papers/A126/A126530.pdf,digit-window,,2,gf+recurrence
A126531,papers/A126/A126531.pdf,digit-window,,2,gf+recurrence
A183624,papers/A183/A183624.pdf,subblock-statistic,,2,gf+recurrence
A183625,papers/A183/A183625.pdf,subblock-statistic,,2,gf+recurrence
A183626,papers/A183/A183626.pdf,subblock-statistic,,2,gf+recurrence
A183627,papers/A183/A183627.pdf,subblock-statistic,,2,gf+recurrence
A183628,papers/A183/A183628.pdf,subblock-statistic,,1,recurrence
A183644,papers/A183/A183644.pdf,subblock-statistic,,2,gf+recurrence
A184209,papers/A184/A184209.pdf,subblock-statistic,,2,gf+recurrence
A184210,papers/A184/A184210.pdf,subblock-statistic,,1,recurrence
A184489,papers/A184/A184489.pdf,subblock-statistic,,2,gf+recurrence
A184490,papers/A184/A184490.pdf,subblock-statistic,,1,recurrence
A184491,papers/A184/A184491.pdf,subblock-statistic,,1,recurrence
A184540,papers/A184/A184540.pdf,lex-subblock,,2,gf+recurrence
A184541,papers/A184/A184541.pdf,lex-subblock,,3,gf+polynomial+recurrence
A184542,papers/A184/A184542.pdf,lex-subblock,,3,gf+polynomial+recurrence
A184543,papers/A184/A184543.pdf,lex-subblock,,3,gf+polynomial+recurrence
A184544,papers/A184/A184544.pdf,lex-subblock,,3,gf+polynomial+recurrence
A184556,papers/A184/A184556.pdf,subblock-statistic,,2,gf+recurrence
A184557,papers/A184/A184557.pdf,subblock-statistic,,1,recurrence
A184665,papers/A184/A184665.pdf,subblock-statistic,,2,gf+recurrence
A184666,papers/A184/A184666.pdf,subblock-statistic,,1,recurrence
A185405,papers/A185/A185405.pdf,cell-neighbour-count,,2,gf+recurrence
A185459,papers/A185/A185459.pdf,subblock-statistic,,2,gf+recurrence
A185460,papers/A185/A185460.pdf,subblock-statistic,,2,gf+recurrence
A185461,papers/A185/A185461.pdf,subblock-statistic,,2,gf+recurrence
A185462,papers/A185/A185462.pdf,subblock-statistic,,1,recurrence
A185463,papers/A185/A185463.pdf,subblock-statistic,,1,recurrence
A185464,papers/A185/A185464.pdf,subblock-statistic,,1,recurrence
A185465,papers/A185/A185465.pdf,subblock-statistic,,1,recurrence
A185535,papers/A185/A185535.pdf,cell-neighbour-count,,2,gf+recurrence
A185552,papers/A185/A185552.pdf,cell-neighbour-count,,2,gf+recurrence
A185553,papers/A185/A185553.pdf,cell-neighbour-count,,1,recurrence
A185572,papers/A185/A185572.pdf,subblock-statistic,,1,recurrence
A185761,papers/A185/A185761.pdf,subblock-statistic,,2,gf+recurrence
A185762,papers/A185/A185762.pdf,subblock-statistic,,2,gf+recurrence
A185763,papers/A185/A185763.pdf,subblock-statistic,,2,gf+recurrence
A185764,papers/A185/A185764.pdf,subblock-statistic,,2,gf+recurrence
A185765,papers/A185/A185765.pdf,subblock-statistic,,1,recurrence
A185766,papers/A185/A185766.pdf,subblock-statistic,,1,recurrence
A185767,papers/A185/A185767.pdf,subblock-statistic,,1,recurrence
A185771,papers/A185/A185771.pdf,subblock-statistic,,2,gf+recurrence
A185772,papers/A185/A185772.pdf,subblock-statistic,,1,recurrence
A185790,papers/A185/A185790.pdf,subblock-statistic,,2,gf+recurrence
A185791,papers/A185/A185791.pdf,subblock-statistic,,2,gf+recurrence
A185792,papers/A185/A185792.pdf,subblock-statistic,,1,recurrence
A185793,papers/A185/A185793.pdf,subblock-statistic,,1,recurrence
A185818,papers/A185/A185818.pdf,cell-neighbour-count,,2,gf+recurrence
A185899,papers/A185/A185899.pdf,cell-neighbour-count,,2,gf+recurrence
A185919,papers/A185/A185919.pdf,subblock-statistic,,1,recurrence
A185925,papers/A185/A185925.pdf,subblock-statistic,,2,gf+recurrence
A185926,papers/A185/A185926.pdf,subblock-statistic,,1,recurrence
A186133,papers/A186/A186133.pdf,subblock-statistic,,2,gf+recurrence
A186134,papers/A186/A186134.pdf,subblock-statistic,,1,recurrence
A186135,papers/A186/A186135.pdf,subblock-statistic,,1,recurrence
A186161,papers/A186/A186161.pdf,cell-neighbour-count,,2,gf+recurrence
A186162,papers/A186/A186162.pdf,cell-neighbour-count,,1,recurrence
A186454,papers/A186/A186454.pdf,commuting-subblocks,,2,gf+recurrence
A186455,papers/A186/A186455.pdf,commuting-subblocks,,2,gf+recurrence
A186456,papers/A186/A186456.pdf,commuting-subblocks,,2,gf+recurrence
A186457,papers/A186/A186457.pdf,commuting-subblocks,,2,gf+recurrence
A186458,papers/A186/A186458.pdf,commuting-subblocks,,2,gf+recurrence
A186459,papers/A186/A186459.pdf,commuting-subblocks,,2,gf+recurrence
A186460,papers/A186/A186460.pdf,commuting-subblocks,,2,gf+recurrence
A186464,papers/A186/A186464.pdf,commuting-subblocks,,2,gf+recurrence
A186465,papers/A186/A186465.pdf,commuting-subblocks,,2,gf+recurrence
A186466,papers/A186/A186466.pdf,commuting-subblocks,,2,gf+recurrence
A186467,papers/A186/A186467.pdf,commuting-subblocks,,2,gf+recurrence
A186474,papers/A186/A186474.pdf,commuting-subblocks,,2,gf+recurrence
A186475,papers/A186/A186475.pdf,commuting-subblocks,,2,gf+recurrence
A186476,papers/A186/A186476.pdf,commuting-subblocks,,1,recurrence
A186528,papers/A186/A186528.pdf,subblock-statistic,,1,recurrence
A186529,papers/A186/A186529.pdf,subblock-statistic,,1,recurrence
A186560,papers/A186/A186560.pdf,commuting-subblocks,,1,recurrence
A187597,papers/A187/A187597.pdf,subblock-statistic,,1,recurrence
A188501,papers/A188/A188501.pdf,directional-pattern,,2,gf+recurrence
A188502,papers/A188/A188502.pdf,directional-pattern,,1,recurrence
A188503,papers/A188/A188503.pdf,directional-pattern,,1,recurrence
A188516,papers/A188/A188516.pdf,directional-pattern,,1,recurrence
A188517,papers/A188/A188517.pdf,directional-pattern,,2,gf+recurrence
A188518,papers/A188/A188518.pdf,directional-pattern,,1,recurrence
A188519,papers/A188/A188519.pdf,directional-pattern,,1,recurrence
A188555,papers/A188/A188555.pdf,directional-pattern,,3,gf+polynomial+recurrence
A188556,papers/A188/A188556.pdf,directional-pattern,,3,gf+polynomial+recurrence
A188557,papers/A188/A188557.pdf,directional-pattern,,3,gf+polynomial+recurrence
A188558,papers/A188/A188558.pdf,directional-pattern,,3,gf+polynomial+recurrence
A188559,papers/A188/A188559.pdf,directional-pattern,,3,gf+polynomial+recurrence
A188561,papers/A188/A188561.pdf,directional-pattern,,1,recurrence
A188562,papers/A188/A188562.pdf,directional-pattern,,1,recurrence
A188563,papers/A188/A188563.pdf,directional-pattern,,1,recurrence
A188601,papers/A188/A188601.pdf,directional-pattern,,1,recurrence
A188602,papers/A188/A188602.pdf,directional-pattern,,1,recurrence
A188603,papers/A188/A188603.pdf,directional-pattern,,1,recurrence
A188608,papers/A188/A188608.pdf,directional-pattern,,1,recurrence
A188609,papers/A188/A188609.pdf,directional-pattern,,1,recurrence
A188689,papers/A188/A188689.pdf,directional-pattern,,1,recurrence
A188690,papers/A188/A188690.pdf,directional-pattern,,1,recurrence
A188691,papers/A188/A188691.pdf,directional-pattern,,1,recurrence
A188700,papers/A188/A188700.pdf,directional-pattern,,2,gf+recurrence
A188701,papers/A188/A188701.pdf,directional-pattern,,2,gf+recurrence
A188702,papers/A188/A188702.pdf,directional-pattern,,1,recurrence
A188703,papers/A188/A188703.pdf,directional-pattern,,1,recurrence
A188704,papers/A188/A188704.pdf,directional-pattern,,1,recurrence
A188705,papers/A188/A188705.pdf,directional-pattern,,1,recurrence
A188708,papers/A188/A188708.pdf,directional-pattern,,2,gf+recurrence
A188709,papers/A188/A188709.pdf,directional-pattern,,2,gf+recurrence
A188710,papers/A188/A188710.pdf,directional-pattern,,2,gf+recurrence
A188711,papers/A188/A188711.pdf,directional-pattern,,1,recurrence
A188712,papers/A188/A188712.pdf,directional-pattern,,1,recurrence
A188741,papers/A188/A188741.pdf,directional-pattern,,1,recurrence
A188742,papers/A188/A188742.pdf,directional-pattern,,1,recurrence
A188748,papers/A188/A188748.pdf,directional-pattern,,2,gf+recurrence
A188749,papers/A188/A188749.pdf,directional-pattern,,1,recurrence
A188750,papers/A188/A188750.pdf,directional-pattern,,1,recurrence
A188751,papers/A188/A188751.pdf,directional-pattern,,1,recurrence
A188757,papers/A188/A188757.pdf,directional-pattern,,1,recurrence
A188758,papers/A188/A188758.pdf,directional-pattern,,1,recurrence
A188759,papers/A188/A188759.pdf,directional-pattern,,1,recurrence
A188768,papers/A188/A188768.pdf,directional-pattern,,1,recurrence
A188769,papers/A188/A188769.pdf,directional-pattern,,1,recurrence
A188770,papers/A188/A188770.pdf,directional-pattern,,1,recurrence
A188819,papers/A188/A188819.pdf,directional-pattern,,2,gf+recurrence
A188820,papers/A188/A188820.pdf,directional-pattern,,2,gf+recurrence
A188821,papers/A188/A188821.pdf,directional-pattern,,3,gf+polynomial+recurrence
A188822,papers/A188/A188822.pdf,directional-pattern,,2,gf+recurrence
A188823,papers/A188/A188823.pdf,directional-pattern,,2,gf+polynomial
A188825,papers/A188/A188825.pdf,directional-pattern,,1,recurrence
A188826,papers/A188/A188826.pdf,directional-pattern,,2,gf+recurrence
A188827,papers/A188/A188827.pdf,directional-pattern,,2,gf+recurrence
A188828,papers/A188/A188828.pdf,directional-pattern,,2,gf+recurrence
A188829,papers/A188/A188829.pdf,directional-pattern,,2,gf+recurrence
A188830,papers/A188/A188830.pdf,directional-pattern,,1,recurrence
A188838,papers/A188/A188838.pdf,directional-pattern,,2,gf+polynomial
A188839,papers/A188/A188839.pdf,directional-pattern,,2,gf+polynomial
A188840,papers/A188/A188840.pdf,directional-pattern,,2,gf+polynomial
A188841,papers/A188/A188841.pdf,directional-pattern,,2,gf+polynomial
A188842,papers/A188/A188842.pdf,directional-pattern,,1,polynomial
A188845,papers/A188/A188845.pdf,directional-pattern,,1,recurrence
A188846,papers/A188/A188846.pdf,directional-pattern,,1,recurrence
A188847,papers/A188/A188847.pdf,directional-pattern,,1,recurrence
A188848,papers/A188/A188848.pdf,directional-pattern,,1,recurrence
A188852,papers/A188/A188852.pdf,directional-pattern,,1,recurrence
A188853,papers/A188/A188853.pdf,directional-pattern,,1,recurrence
A188854,papers/A188/A188854.pdf,directional-pattern,,1,recurrence
A188861,papers/A188/A188861.pdf,directional-pattern,,3,gf+polynomial+recurrence
A188862,papers/A188/A188862.pdf,directional-pattern,,2,gf+polynomial
A188863,papers/A188/A188863.pdf,directional-pattern,,2,gf+polynomial
A188864,papers/A188/A188864.pdf,directional-pattern,,2,gf+polynomial
A188865,papers/A188/A188865.pdf,directional-pattern,,3,gf+polynomial+recurrence
A188868,papers/A188/A188868.pdf,directional-pattern,,1,recurrence
A188869,papers/A188/A188869.pdf,directional-pattern,,2,gf+recurrence
A188870,papers/A188/A188870.pdf,directional-pattern,,1,recurrence
A188871,papers/A188/A188871.pdf,directional-pattern,,1,recurrence
A188872,papers/A188/A188872.pdf,directional-pattern,,1,recurrence
A188875,papers/A188/A188875.pdf,directional-pattern,,1,recurrence
A188876,papers/A188/A188876.pdf,directional-pattern,,1,recurrence
A188905,papers/A188/A188905.pdf,directional-pattern,,1,recurrence
A188906,papers/A188/A188906.pdf,directional-pattern,,1,recurrence
A188953,papers/A188/A188953.pdf,index-change,,1,recurrence
A188959,papers/A188/A188959.pdf,index-change,,1,recurrence
A188986,papers/A188/A188986.pdf,directional-pattern,,2,gf+recurrence
A188987,papers/A188/A188987.pdf,directional-pattern,,2,gf+recurrence
A188988,papers/A188/A188988.pdf,directional-pattern,,2,gf+recurrence
A188989,papers/A188/A188989.pdf,directional-pattern,,1,recurrence
A188990,papers/A188/A188990.pdf,directional-pattern,,1,recurrence
A188993,papers/A188/A188993.pdf,directional-pattern,,1,recurrence
A188994,papers/A188/A188994.pdf,directional-pattern,,1,recurrence
A188995,papers/A188/A188995.pdf,directional-pattern,,1,recurrence
A189059,papers/A189/A189059.pdf,directional-pattern,,2,gf+recurrence
A189060,papers/A189/A189060.pdf,directional-pattern,,1,recurrence
A189061,papers/A189/A189061.pdf,directional-pattern,,1,recurrence
A189062,papers/A189/A189062.pdf,directional-pattern,,1,recurrence
A189065,papers/A189/A189065.pdf,directional-pattern,,1,recurrence
A189066,papers/A189/A189066.pdf,directional-pattern,,1,recurrence
A189105,papers/A189/A189105.pdf,directional-pattern,,2,gf+recurrence
A189106,papers/A189/A189106.pdf,directional-pattern,,1,recurrence
A189107,papers/A189/A189107.pdf,directional-pattern,,1,recurrence
A189108,papers/A189/A189108.pdf,directional-pattern,,1,recurrence
A189112,papers/A189/A189112.pdf,directional-pattern,,1,recurrence
A189113,papers/A189/A189113.pdf,directional-pattern,,1,recurrence
A189154,papers/A189/A189154.pdf,directional-pattern,,2,gf+recurrence
A189155,papers/A189/A189155.pdf,directional-pattern,,1,recurrence
A189190,papers/A189/A189190.pdf,directional-pattern,,1,recurrence
A189191,papers/A189/A189191.pdf,directional-pattern,,1,recurrence
A189192,papers/A189/A189192.pdf,directional-pattern,,1,recurrence
A189197,papers/A189/A189197.pdf,directional-pattern,,2,gf+recurrence
A189198,papers/A189/A189198.pdf,directional-pattern,,1,recurrence
A189199,papers/A189/A189199.pdf,directional-pattern,,1,recurrence
A189200,papers/A189/A189200.pdf,directional-pattern,,1,recurrence
A189258,papers/A189/A189258.pdf,directional-pattern,,2,gf+recurrence
A189259,papers/A189/A189259.pdf,directional-pattern,,1,recurrence
A189260,papers/A189/A189260.pdf,directional-pattern,,1,recurrence
A189261,papers/A189/A189261.pdf,directional-pattern,,1,recurrence
A189265,papers/A189/A189265.pdf,directional-pattern,,1,recurrence
A189266,papers/A189/A189266.pdf,directional-pattern,,1,recurrence
A189336,papers/A189/A189336.pdf,directional-pattern,,1,recurrence
A189337,papers/A189/A189337.pdf,directional-pattern,,1,recurrence
A189612,papers/A189/A189612.pdf,directional-pattern,,1,recurrence
A189613,papers/A189/A189613.pdf,directional-pattern,,1,recurrence
A189614,papers/A189/A189614.pdf,directional-pattern,,1,recurrence
A189618,papers/A189/A189618.pdf,directional-pattern,,1,recurrence
A189619,papers/A189/A189619.pdf,directional-pattern,,1,recurrence
A189690,papers/A189/A189690.pdf,directional-pattern,,1,recurrence
A189691,papers/A189/A189691.pdf,directional-pattern,,1,recurrence
A189692,papers/A189/A189692.pdf,directional-pattern,,1,recurrence
A189697,papers/A189/A189697.pdf,directional-pattern,,1,recurrence
A189698,papers/A189/A189698.pdf,directional-pattern,,1,recurrence
A190025,papers/A190/A190025.pdf,commuting-subblocks,,2,gf+recurrence
A190026,papers/A190/A190026.pdf,commuting-subblocks,,2,gf+recurrence
A190027,papers/A190/A190027.pdf,commuting-subblocks,,2,gf+recurrence
A190028,papers/A190/A190028.pdf,commuting-subblocks,,2,gf+recurrence
A195956,papers/A195/A195956.pdf,neighbour-count-equals-value,,2,gf+recurrence
A195957,papers/A195/A195957.pdf,neighbour-count-equals-value,,1,recurrence
A195964,papers/A195/A195964.pdf,neighbour-count-equals-value,,2,gf+recurrence
A195972,papers/A195/A195972.pdf,neighbour-count-equals-value,,2,gf+recurrence
A195973,papers/A195/A195973.pdf,neighbour-count-equals-value,,2,gf+recurrence
A196012,papers/A196/A196012.pdf,neighbour-count-equals-value,,2,gf+recurrence
A196072,papers/A196/A196072.pdf,neighbour-count-equals-value,,2,gf+recurrence
A196073,papers/A196/A196073.pdf,neighbour-count-equals-value,,2,gf+recurrence
A196132,papers/A196/A196132.pdf,neighbour-count-equals-value,,2,gf+recurrence
A196133,papers/A196/A196133.pdf,neighbour-count-equals-value,,1,recurrence
A196140,papers/A196/A196140.pdf,neighbour-count-equals-value,,1,recurrence
A196141,papers/A196/A196141.pdf,neighbour-count-equals-value,,2,gf+recurrence
A196204,papers/A196/A196204.pdf,neighbour-count-equals-value,,2,gf+recurrence
A196205,papers/A196/A196205.pdf,neighbour-count-equals-value,,2,gf+recurrence
A196212,papers/A196/A196212.pdf,neighbour-count-equals-value,,2,gf+recurrence
A196213,papers/A196/A196213.pdf,neighbour-count-equals-value,,1,recurrence
A196282,papers/A196/A196282.pdf,neighbour-count-equals-value,,1,recurrence
A196294,papers/A196/A196294.pdf,neighbour-count-equals-value,,2,gf+recurrence
A196295,papers/A196/A196295.pdf,neighbour-count-equals-value,,1,recurrence
A196316,papers/A196/A196316.pdf,neighbour-count-equals-value,,2,gf+recurrence
A196317,papers/A196/A196317.pdf,neighbour-count-equals-value,,2,gf+recurrence
A196324,papers/A196/A196324.pdf,neighbour-count-equals-value,,2,gf+recurrence
A196332,papers/A196/A196332.pdf,neighbour-count-equals-value,,1,recurrence
A196423,papers/A196/A196423.pdf,neighbour-count-equals-value,,1,recurrence
A196424,papers/A196/A196424.pdf,neighbour-count-equals-value,,1,recurrence
A196425,papers/A196/A196425.pdf,neighbour-count-equals-value,,1,recurrence
A196431,papers/A196/A196431.pdf,neighbour-count-equals-value,,2,gf+recurrence
A196450,papers/A196/A196450.pdf,neighbour-count-equals-value,,2,gf+recurrence
A196451,papers/A196/A196451.pdf,neighbour-count-equals-value,,1,recurrence
A196479,papers/A196/A196479.pdf,neighbour-count-equals-value,,2,gf+recurrence
A196480,papers/A196/A196480.pdf,neighbour-count-equals-value,,1,recurrence
A196488,papers/A196/A196488.pdf,neighbour-count-equals-value,,2,gf+recurrence
A196537,papers/A196/A196537.pdf,neighbour-count-equals-value,,1,recurrence
A196538,papers/A196/A196538.pdf,neighbour-count-equals-value,,1,recurrence
A196539,papers/A196/A196539.pdf,neighbour-count-equals-value,,1,recurrence
A196573,papers/A196/A196573.pdf,neighbour-count-equals-value,,2,gf+recurrence
A196584,papers/A196/A196584.pdf,neighbour-count-equals-value,,2,gf+recurrence
A196585,papers/A196/A196585.pdf,neighbour-count-equals-value,,1,recurrence
A196596,papers/A196/A196596.pdf,neighbour-count-equals-value,,2,gf+recurrence
A196630,papers/A196/A196630.pdf,neighbour-count-equals-value,,2,gf+recurrence
A196631,papers/A196/A196631.pdf,neighbour-count-equals-value,,2,gf+recurrence
A196648,papers/A196/A196648.pdf,neighbour-count-equals-value,,1,recurrence
A196680,papers/A196/A196680.pdf,neighbour-count-equals-value,,1,recurrence
A196690,papers/A196/A196690.pdf,neighbour-count-equals-value,,2,gf+recurrence
A196691,papers/A196/A196691.pdf,neighbour-count-equals-value,,1,recurrence
A196701,papers/A196/A196701.pdf,neighbour-count-equals-value,,2,gf+recurrence
A196702,papers/A196/A196702.pdf,neighbour-count-equals-value,,1,recurrence
A196713,papers/A196/A196713.pdf,neighbour-count-equals-value,,1,recurrence
A196741,papers/A196/A196741.pdf,neighbour-count-equals-value,,2,gf+recurrence
A196781,papers/A196/A196781.pdf,neighbour-count-equals-value,,2,gf+recurrence
A196797,papers/A196/A196797.pdf,neighbour-count-equals-value,,1,recurrence
A196804,papers/A196/A196804.pdf,neighbour-count-equals-value,,2,gf+recurrence
A196850,papers/A196/A196850.pdf,neighbour-count-equals-value,,2,gf+recurrence
A196851,papers/A196/A196851.pdf,neighbour-count-equals-value,,1,recurrence
A196858,papers/A196/A196858.pdf,neighbour-count-equals-value,,2,gf+recurrence
A196899,papers/A196/A196899.pdf,neighbour-count-equals-value,,2,gf+recurrence
A196906,papers/A196/A196906.pdf,neighbour-count-equals-value,,2,gf+recurrence
A196907,papers/A196/A196907.pdf,neighbour-count-equals-value,,1,recurrence
A196917,papers/A196/A196917.pdf,neighbour-count-equals-value,,2,gf+recurrence
A196945,papers/A196/A196945.pdf,neighbour-count-equals-value,,1,recurrence
A196952,papers/A196/A196952.pdf,neighbour-count-equals-value,,2,gf+recurrence
A196961,papers/A196/A196961.pdf,neighbour-count-equals-value,,2,gf+recurrence
A196962,papers/A196/A196962.pdf,neighbour-count-equals-value,,1,recurrence
A196969,papers/A196/A196969.pdf,neighbour-count-equals-value,,1,recurrence
A196976,papers/A196/A196976.pdf,neighbour-count-equals-value,,2,gf+recurrence
A196977,papers/A196/A196977.pdf,neighbour-count-equals-value,,1,recurrence
A196984,papers/A196/A196984.pdf,neighbour-count-equals-value,,2,gf+recurrence
A197042,papers/A197/A197042.pdf,neighbour-count-equals-value,,1,recurrence
A197056,papers/A197/A197056.pdf,neighbour-count-equals-value,,1,recurrence
A197064,papers/A197/A197064.pdf,neighbour-count-equals-value,,1,recurrence
A197074,papers/A197/A197074.pdf,neighbour-count-equals-value,,1,recurrence
A197085,papers/A197/A197085.pdf,neighbour-count-equals-value,,1,recurrence
A197092,papers/A197/A197092.pdf,neighbour-count-equals-value,,2,gf+recurrence
A197093,papers/A197/A197093.pdf,neighbour-count-equals-value,,1,recurrence
A197162,papers/A197/A197162.pdf,neighbour-count-equals-value,,1,recurrence
A197174,papers/A197/A197174.pdf,neighbour-count-equals-value,,2,gf+recurrence
A197175,papers/A197/A197175.pdf,neighbour-count-equals-value,,1,recurrence
A197201,papers/A197/A197201.pdf,neighbour-count-equals-value,,2,gf+recurrence
A197202,papers/A197/A197202.pdf,neighbour-count-equals-value,,1,recurrence
A197211,papers/A197/A197211.pdf,neighbour-count-equals-value,,2,gf+recurrence
A197212,papers/A197/A197212.pdf,neighbour-count-equals-value,,2,gf+recurrence
A197229,papers/A197/A197229.pdf,neighbour-count-equals-value,,2,gf+recurrence
A197244,papers/A197/A197244.pdf,neighbour-count-equals-value,,2,gf+recurrence
A197245,papers/A197/A197245.pdf,neighbour-count-equals-value,,1,recurrence
A197274,papers/A197/A197274.pdf,neighbour-count-equals-value,,2,gf+recurrence
A197275,papers/A197/A197275.pdf,neighbour-count-equals-value,,1,recurrence
A197302,papers/A197/A197302.pdf,neighbour-count-equals-value,,1,recurrence
A197311,papers/A197/A197311.pdf,neighbour-count-equals-value,,2,gf+recurrence
A197312,papers/A197/A197312.pdf,neighbour-count-equals-value,,1,recurrence
A197337,papers/A197/A197337.pdf,neighbour-count-equals-value,,2,gf+recurrence
A197344,papers/A197/A197344.pdf,neighbour-count-equals-value,,2,gf+recurrence
A197345,papers/A197/A197345.pdf,neighbour-count-equals-value,,1,recurrence
A197359,papers/A197/A197359.pdf,neighbour-count-equals-value,,1,recurrence
A197368,papers/A197/A197368.pdf,neighbour-count-equals-value,,2,gf+recurrence
A197396,papers/A197/A197396.pdf,neighbour-count-equals-value,,1,recurrence
A197403,papers/A197/A197403.pdf,neighbour-count-equals-value,,2,gf+recurrence
A197404,papers/A197/A197404.pdf,neighbour-count-equals-value,,1,recurrence
A197426,papers/A197/A197426.pdf,neighbour-count-equals-value,,1,recurrence
A197444,papers/A197/A197444.pdf,neighbour-count-equals-value,,2,gf+recurrence
A197445,papers/A197/A197445.pdf,neighbour-count-equals-value,,1,recurrence
A197469,papers/A197/A197469.pdf,neighbour-count-equals-value,,2,gf+recurrence
A197470,papers/A197/A197470.pdf,neighbour-count-equals-value,,1,recurrence
A197497,papers/A197/A197497.pdf,neighbour-count-equals-value,,2,gf+recurrence
A197498,papers/A197/A197498.pdf,neighbour-count-equals-value,,1,recurrence
A197524,papers/A197/A197524.pdf,neighbour-count-equals-value,,2,gf+recurrence
A197531,papers/A197/A197531.pdf,neighbour-count-equals-value,,2,gf+recurrence
A197532,papers/A197/A197532.pdf,neighbour-count-equals-value,,1,recurrence
A197539,papers/A197/A197539.pdf,neighbour-count-equals-value,,2,gf+recurrence
A197540,papers/A197/A197540.pdf,neighbour-count-equals-value,,1,recurrence
A197556,papers/A197/A197556.pdf,neighbour-count-equals-value,,1,recurrence
A197607,papers/A197/A197607.pdf,neighbour-count-equals-value,,2,gf+recurrence
A197608,papers/A197/A197608.pdf,neighbour-count-equals-value,,1,recurrence
A197617,papers/A197/A197617.pdf,neighbour-count-equals-value,,2,gf+recurrence
A197618,papers/A197/A197618.pdf,neighbour-count-equals-value,,1,recurrence
A197642,papers/A197/A197642.pdf,neighbour-count-equals-value,,2,gf+recurrence
A197643,papers/A197/A197643.pdf,neighbour-count-equals-value,,1,recurrence
A197666,papers/A197/A197666.pdf,neighbour-count-equals-value,,2,gf+recurrence
A197667,papers/A197/A197667.pdf,neighbour-count-equals-value,,1,recurrence
A197674,papers/A197/A197674.pdf,neighbour-count-equals-value,,1,recurrence
A197745,papers/A197/A197745.pdf,neighbour-count-equals-value,,1,recurrence
A197777,papers/A197/A197777.pdf,neighbour-count-equals-value,,1,recurrence
A197800,papers/A197/A197800.pdf,neighbour-count-equals-value,,1,recurrence
A197883,papers/A197/A197883.pdf,neighbour-count-equals-value,,2,gf+recurrence
A197884,papers/A197/A197884.pdf,neighbour-count-equals-value,,1,recurrence
A197891,papers/A197/A197891.pdf,neighbour-count-equals-value,,1,recurrence
A198008,papers/A198/A198008.pdf,neighbour-count-equals-value,,1,recurrence
A198150,papers/A198/A198150.pdf,neighbour-count-equals-value,,1,recurrence
A198179,papers/A198/A198179.pdf,neighbour-count-equals-value,,2,gf+recurrence
A198180,papers/A198/A198180.pdf,neighbour-count-equals-value,,1,recurrence
A198620,papers/A198/A198620.pdf,cell-neighbour-count,,2,gf+recurrence
A198621,papers/A198/A198621.pdf,cell-neighbour-count,,1,recurrence
A198648,papers/A198/A198648.pdf,cell-neighbour-count,,2,gf+recurrence
A198649,papers/A198/A198649.pdf,cell-neighbour-count,,1,recurrence
A198655,papers/A198/A198655.pdf,cell-neighbour-count,,2,gf+recurrence
A198656,papers/A198/A198656.pdf,cell-neighbour-count,,1,recurrence
A198662,papers/A198/A198662.pdf,cell-neighbour-count,,2,gf+recurrence
A198663,papers/A198/A198663.pdf,cell-neighbour-count,,1,recurrence
A198702,papers/A198/A198702.pdf,cell-neighbour-count,,1,recurrence
A198710,papers/A198/A198710.pdf,cell-neighbour-count,,2,gf+recurrence
A198717,papers/A198/A198717.pdf,cell-neighbour-count,,2,gf+recurrence
A198900,papers/A198/A198900.pdf,cell-neighbour-count,,2,gf+recurrence
A198901,papers/A198/A198901.pdf,cell-neighbour-count,,2,gf+recurrence
A198908,papers/A198/A198908.pdf,cell-neighbour-count,,2,gf+recurrence
A198976,papers/A198/A198976.pdf,cell-neighbour-count,,2,gf+recurrence
A199142,papers/A199/A199142.pdf,cell-neighbour-count,,2,gf+recurrence
A199143,papers/A199/A199143.pdf,cell-neighbour-count,,1,recurrence
A199144,papers/A199/A199144.pdf,cell-neighbour-count,,1,recurrence
A199641,papers/A199/A199641.pdf,cell-neighbour-count,,2,gf+recurrence
A199642,papers/A199/A199642.pdf,cell-neighbour-count,,1,recurrence
A202048,papers/A202/A202048.pdf,pattern-avoidance-lines,,3,gf+polynomial+recurrence
A202049,papers/A202/A202049.pdf,pattern-avoidance-lines,,3,gf+polynomial+recurrence
A202310,papers/A202/A202310.pdf,pattern-avoidance-lines,,2,gf+recurrence
A202311,papers/A202/A202311.pdf,pattern-avoidance-lines,,1,recurrence
A202312,papers/A202/A202312.pdf,pattern-avoidance-lines,,1,recurrence
A202313,papers/A202/A202313.pdf,pattern-avoidance-lines,,1,recurrence
A202314,papers/A202/A202314.pdf,pattern-avoidance-lines,,1,recurrence
A202371,papers/A202/A202371.pdf,pattern-avoidance-lines,,1,recurrence
A202372,papers/A202/A202372.pdf,pattern-avoidance-lines,,1,recurrence
A202373,papers/A202/A202373.pdf,pattern-avoidance-lines,,1,recurrence
A202399,papers/A202/A202399.pdf,pattern-avoidance-lines,,1,recurrence
A202400,papers/A202/A202400.pdf,pattern-avoidance-lines,,2,gf+recurrence
A202401,papers/A202/A202401.pdf,pattern-avoidance-lines,,1,recurrence
A202402,papers/A202/A202402.pdf,pattern-avoidance-lines,,1,recurrence
A202428,papers/A202/A202428.pdf,pattern-avoidance-lines,,2,gf+recurrence
A202429,papers/A202/A202429.pdf,pattern-avoidance-lines,,1,recurrence
A202430,papers/A202/A202430.pdf,pattern-avoidance-lines,,1,recurrence
A202431,papers/A202/A202431.pdf,pattern-avoidance-lines,,1,recurrence
A202432,papers/A202/A202432.pdf,pattern-avoidance-lines,,1,recurrence
A202440,papers/A202/A202440.pdf,pattern-avoidance-lines,,3,gf+polynomial+recurrence
A202441,papers/A202/A202441.pdf,pattern-avoidance-lines,,2,gf+recurrence
A202442,papers/A202/A202442.pdf,pattern-avoidance-lines,,2,gf+recurrence
A202443,papers/A202/A202443.pdf,pattern-avoidance-lines,,2,gf+recurrence
A202444,papers/A202/A202444.pdf,pattern-avoidance-lines,,2,gf+recurrence
A202485,papers/A202/A202485.pdf,pattern-avoidance-lines,,1,recurrence
A202486,papers/A202/A202486.pdf,pattern-avoidance-lines,,1,recurrence
A202525,papers/A202/A202525.pdf,pattern-avoidance-lines,,2,gf+recurrence
A202526,papers/A202/A202526.pdf,pattern-avoidance-lines,,2,gf+recurrence
A202527,papers/A202/A202527.pdf,pattern-avoidance-lines,,2,gf+recurrence
A202528,papers/A202/A202528.pdf,pattern-avoidance-lines,,2,gf+recurrence
A202529,papers/A202/A202529.pdf,pattern-avoidance-lines,,2,gf+recurrence
A202584,papers/A202/A202584.pdf,pattern-avoidance-lines,,2,gf+recurrence
A202585,papers/A202/A202585.pdf,pattern-avoidance-lines,,1,recurrence
A202586,papers/A202/A202586.pdf,pattern-avoidance-lines,,1,recurrence
A202587,papers/A202/A202587.pdf,pattern-avoidance-lines,,1,recurrence
A202588,papers/A202/A202588.pdf,pattern-avoidance-lines,,1,recurrence
A202594,papers/A202/A202594.pdf,pattern-avoidance-lines,,2,gf+recurrence
A202595,papers/A202/A202595.pdf,pattern-avoidance-lines,,2,gf+recurrence
A202596,papers/A202/A202596.pdf,pattern-avoidance-lines,,1,recurrence
A202597,papers/A202/A202597.pdf,pattern-avoidance-lines,,1,recurrence
A202598,papers/A202/A202598.pdf,pattern-avoidance-lines,,1,recurrence
A202609,papers/A202/A202609.pdf,pattern-avoidance-lines,,1,recurrence
A202610,papers/A202/A202610.pdf,pattern-avoidance-lines,,1,recurrence
A202640,papers/A202/A202640.pdf,pattern-avoidance-lines,,2,gf+recurrence
A202641,papers/A202/A202641.pdf,pattern-avoidance-lines,,1,recurrence
A202642,papers/A202/A202642.pdf,pattern-avoidance-lines,,1,recurrence
A202643,papers/A202/A202643.pdf,pattern-avoidance-lines,,1,recurrence
A202770,papers/A202/A202770.pdf,pattern-avoidance-lines,,1,recurrence
A202771,papers/A202/A202771.pdf,pattern-avoidance-lines,,1,recurrence
A202772,papers/A202/A202772.pdf,pattern-avoidance-lines,,1,recurrence
A202773,papers/A202/A202773.pdf,pattern-avoidance-lines,,1,recurrence
A202774,papers/A202/A202774.pdf,pattern-avoidance-lines,,1,recurrence
A202882,papers/A202/A202882.pdf,existential-neighbour,,2,gf+recurrence
A202883,papers/A202/A202883.pdf,existential-neighbour,,2,gf+recurrence
A202884,papers/A202/A202884.pdf,existential-neighbour,,1,recurrence
A202885,papers/A202/A202885.pdf,existential-neighbour,,1,recurrence
A202891,papers/A202/A202891.pdf,pattern-avoidance-lines,,1,recurrence
A202892,papers/A202/A202892.pdf,pattern-avoidance-lines,,1,recurrence
A202893,papers/A202/A202893.pdf,pattern-avoidance-lines,,1,recurrence
A202909,papers/A202/A202909.pdf,existential-neighbour,,1,recurrence
A202910,papers/A202/A202910.pdf,existential-neighbour,,1,recurrence
A202973,papers/A202/A202973.pdf,existential-neighbour,,2,gf+recurrence
A202974,papers/A202/A202974.pdf,existential-neighbour,,2,gf+recurrence
A202975,papers/A202/A202975.pdf,existential-neighbour,,1,recurrence
A202976,papers/A202/A202976.pdf,existential-neighbour,,1,recurrence
A202982,papers/A202/A202982.pdf,existential-neighbour,,2,gf+recurrence
A202983,papers/A202/A202983.pdf,existential-neighbour,,1,recurrence
A202984,papers/A202/A202984.pdf,existential-neighbour,,1,recurrence
A203050,papers/A203/A203050.pdf,existential-neighbour,,1,recurrence
A203051,papers/A203/A203051.pdf,existential-neighbour,,1,recurrence
A203059,papers/A203/A203059.pdf,existential-neighbour,,1,recurrence
A203060,papers/A203/A203060.pdf,existential-neighbour,,1,recurrence
A203084,papers/A203/A203084.pdf,pattern-avoidance-lines,,2,gf+recurrence
A203085,papers/A203/A203085.pdf,pattern-avoidance-lines,,1,recurrence
A203086,papers/A203/A203086.pdf,pattern-avoidance-lines,,1,recurrence
A203087,papers/A203/A203087.pdf,pattern-avoidance-lines,,1,recurrence
A203088,papers/A203/A203088.pdf,pattern-avoidance-lines,,1,recurrence
A203094,papers/A203/A203094.pdf,existential-neighbour,,2,gf+recurrence
A203095,papers/A203/A203095.pdf,existential-neighbour,,2,gf+recurrence
A203096,papers/A203/A203096.pdf,existential-neighbour,,1,recurrence
A203184,papers/A203/A203184.pdf,existential-neighbour,,2,gf+recurrence
A203185,papers/A203/A203185.pdf,existential-neighbour,,1,recurrence
A203186,papers/A203/A203186.pdf,existential-neighbour,,1,recurrence
A203256,papers/A203/A203256.pdf,existential-neighbour,,1,recurrence
A203271,papers/A203/A203271.pdf,existential-neighbour,,1,recurrence
A203332,papers/A203/A203332.pdf,existential-neighbour,,1,recurrence
A203340,papers/A203/A203340.pdf,existential-neighbour,,1,recurrence
A203348,papers/A203/A203348.pdf,pattern-avoidance-lines,,1,recurrence
A203349,papers/A203/A203349.pdf,pattern-avoidance-lines,,1,recurrence
A203350,papers/A203/A203350.pdf,pattern-avoidance-lines,,1,recurrence
A203373,papers/A203/A203373.pdf,subblock-statistic,,2,gf+recurrence
A203374,papers/A203/A203374.pdf,subblock-statistic,,2,gf+recurrence
A203375,papers/A203/A203375.pdf,subblock-statistic,,1,recurrence
A203376,papers/A203/A203376.pdf,subblock-statistic,,1,recurrence
A203377,papers/A203/A203377.pdf,subblock-statistic,,1,recurrence
A203383,papers/A203/A203383.pdf,existential-neighbour,,1,recurrence
A203391,papers/A203/A203391.pdf,existential-neighbour,,1,recurrence
A203392,papers/A203/A203392.pdf,existential-neighbour,,1,recurrence
A203402,papers/A203/A203402.pdf,pattern-avoidance-lines,,1,recurrence
A203437,papers/A203/A203437.pdf,existential-neighbour,,1,recurrence
A203454,papers/A203/A203454.pdf,existential-neighbour,,2,gf+recurrence
A203455,papers/A203/A203455.pdf,existential-neighbour,,1,recurrence
A203500,papers/A203/A203500.pdf,existential-neighbour,,1,recurrence
A203544,papers/A203/A203544.pdf,existential-neighbour,,1,recurrence
A203545,papers/A203/A203545.pdf,existential-neighbour,,1,recurrence
A203650,papers/A203/A203650.pdf,subblock-statistic,,2,gf+recurrence
A203651,papers/A203/A203651.pdf,subblock-statistic,,2,gf+recurrence
A203729,papers/A203/A203729.pdf,subblock-statistic,,2,gf+recurrence
A203790,papers/A203/A203790.pdf,subblock-statistic,,2,gf+recurrence
A203791,papers/A203/A203791.pdf,subblock-statistic,,2,gf+recurrence
A203829,papers/A203/A203829.pdf,subblock-statistic,,2,gf+recurrence
A203830,papers/A203/A203830.pdf,subblock-statistic,,2,gf+recurrence
A203831,papers/A203/A203831.pdf,subblock-statistic,,1,recurrence
A203840,papers/A203/A203840.pdf,existential-neighbour,,1,recurrence
A203841,papers/A203/A203841.pdf,existential-neighbour,,1,recurrence
A203881,papers/A203/A203881.pdf,subblock-statistic,,2,gf+recurrence
A203928,papers/A203/A203928.pdf,subblock-statistic,,2,gf+recurrence
A203980,papers/A203/A203980.pdf,subblock-statistic,,2,gf+recurrence
A203981,papers/A203/A203981.pdf,subblock-statistic,,2,gf+recurrence
A204070,papers/A204/A204070.pdf,subblock-statistic,,2,gf+recurrence
A204071,papers/A204/A204071.pdf,subblock-statistic,,2,gf+recurrence
A204072,papers/A204/A204072.pdf,subblock-statistic,,1,recurrence
A204192,papers/A204/A204192.pdf,consecutive-triple,,2,gf+recurrence
A204193,papers/A204/A204193.pdf,consecutive-triple,,1,recurrence
A204194,papers/A204/A204194.pdf,consecutive-triple,,1,recurrence
A204195,papers/A204/A204195.pdf,consecutive-triple,,1,recurrence
A204278,papers/A204/A204278.pdf,consecutive-triple,,2,gf+recurrence
A204364,papers/A204/A204364.pdf,consecutive-triple,,2,gf+recurrence
A204375,papers/A204/A204375.pdf,consecutive-triple,,2,gf+recurrence
A204376,papers/A204/A204376.pdf,consecutive-triple,,2,gf+recurrence
A204377,papers/A204/A204377.pdf,consecutive-triple,,2,gf+recurrence
A204485,papers/A204/A204485.pdf,consecutive-triple,,1,recurrence
A204486,papers/A204/A204486.pdf,consecutive-triple,,1,recurrence
A204565,papers/A204/A204565.pdf,subblock-statistic,,2,gf+recurrence
A204566,papers/A204/A204566.pdf,subblock-statistic,,2,gf+recurrence
A204567,papers/A204/A204567.pdf,subblock-statistic,,1,recurrence
A204678,papers/A204/A204678.pdf,consecutive-triple,,2,gf+recurrence
A204679,papers/A204/A204679.pdf,consecutive-triple,,2,gf+recurrence
A204680,papers/A204/A204680.pdf,consecutive-triple,,1,recurrence
A204699,papers/A204/A204699.pdf,consecutive-triple,,2,gf+recurrence
A204700,papers/A204/A204700.pdf,consecutive-triple,,1,recurrence
A204748,papers/A204/A204748.pdf,consecutive-triple,,2,gf+recurrence
A204749,papers/A204/A204749.pdf,consecutive-triple,,2,gf+recurrence
A204750,papers/A204/A204750.pdf,consecutive-triple,,2,gf+recurrence
A204880,papers/A204/A204880.pdf,consecutive-triple,,1,recurrence
A204973,papers/A204/A204973.pdf,consecutive-triple,,1,recurrence
A205156,papers/A205/A205156.pdf,consecutive-triple,,1,recurrence
A205305,papers/A205/A205305.pdf,consecutive-triple,,1,recurrence
A205408,papers/A205/A205408.pdf,consecutive-triple,,1,recurrence
A206645,papers/A206/A206645.pdf,consecutive-triple,,1,recurrence
A206646,papers/A206/A206646.pdf,consecutive-triple,,1,recurrence
A206780,papers/A206/A206780.pdf,pattern-avoidance,,1,recurrence
A206781,papers/A206/A206781.pdf,pattern-avoidance,,1,recurrence
A206782,papers/A206/A206782.pdf,pattern-avoidance,,1,recurrence
A206783,papers/A206/A206783.pdf,pattern-avoidance,,1,recurrence
A206866,papers/A206/A206866.pdf,pattern-avoidance,,2,gf+recurrence
A206867,papers/A206/A206867.pdf,pattern-avoidance,,1,recurrence
A206868,papers/A206/A206868.pdf,pattern-avoidance,,1,recurrence
A206872,papers/A206/A206872.pdf,pattern-avoidance,,2,gf+recurrence
A206873,papers/A206/A206873.pdf,pattern-avoidance,,1,recurrence
A206874,papers/A206/A206874.pdf,pattern-avoidance,,1,recurrence
A206878,papers/A206/A206878.pdf,pattern-avoidance,,1,recurrence
A206879,papers/A206/A206879.pdf,pattern-avoidance,,1,recurrence
A206880,papers/A206/A206880.pdf,pattern-avoidance,,1,recurrence
A206885,papers/A206/A206885.pdf,pattern-avoidance,,1,recurrence
A206886,papers/A206/A206886.pdf,pattern-avoidance,,1,recurrence
A206887,papers/A206/A206887.pdf,pattern-avoidance,,1,recurrence
A206890,papers/A206/A206890.pdf,pattern-avoidance,,1,recurrence
A206931,papers/A206/A206931.pdf,pattern-avoidance,,2,gf+recurrence
A206932,papers/A206/A206932.pdf,pattern-avoidance,,1,recurrence
A206933,papers/A206/A206933.pdf,pattern-avoidance,,1,recurrence
A206934,papers/A206/A206934.pdf,pattern-avoidance,,1,recurrence
A206937,papers/A206/A206937.pdf,pattern-avoidance,,1,recurrence
A206938,papers/A206/A206938.pdf,pattern-avoidance,,1,recurrence
A206989,papers/A206/A206989.pdf,pattern-avoidance,,2,gf+recurrence
A206990,papers/A206/A206990.pdf,pattern-avoidance,,1,recurrence
A206991,papers/A206/A206991.pdf,pattern-avoidance,,1,recurrence
A206996,papers/A206/A206996.pdf,pattern-avoidance,,1,recurrence
A206997,papers/A206/A206997.pdf,pattern-avoidance,,1,recurrence
A206998,papers/A206/A206998.pdf,pattern-avoidance,,1,recurrence
A207001,papers/A207/A207001.pdf,pattern-avoidance,,1,recurrence
A207002,papers/A207/A207002.pdf,pattern-avoidance,,1,recurrence
A207020,papers/A207/A207020.pdf,pattern-avoidance,,3,gf+polynomial+recurrence
A207021,papers/A207/A207021.pdf,pattern-avoidance,,1,polynomial
A207022,papers/A207/A207022.pdf,pattern-avoidance,,1,polynomial
A207023,papers/A207/A207023.pdf,pattern-avoidance,,1,polynomial
A207024,papers/A207/A207024.pdf,pattern-avoidance,yes,5,polynomial
A207025,papers/A207/A207025.pdf,pattern-avoidance,,2,gf+recurrence
A207026,papers/A207/A207026.pdf,pattern-avoidance,,1,recurrence
A207027,papers/A207/A207027.pdf,pattern-avoidance,,1,recurrence
A207028,papers/A207/A207028.pdf,pattern-avoidance,,1,recurrence
A207029,papers/A207/A207029.pdf,pattern-avoidance,,1,recurrence
A207030,papers/A207/A207030.pdf,pattern-avoidance,,1,recurrence
A207064,papers/A207/A207064.pdf,pattern-avoidance,,3,gf+polynomial+recurrence
A207065,papers/A207/A207065.pdf,pattern-avoidance,,3,gf+polynomial+recurrence
A207066,papers/A207/A207066.pdf,pattern-avoidance,,3,gf+polynomial+recurrence
A207067,papers/A207/A207067.pdf,pattern-avoidance,,3,gf+polynomial+recurrence
A207068,papers/A207/A207068.pdf,pattern-avoidance,yes,5,polynomial
A207069,papers/A207/A207069.pdf,pattern-avoidance,,2,gf+recurrence
A207070,papers/A207/A207070.pdf,pattern-avoidance,,1,recurrence
A207071,papers/A207/A207071.pdf,pattern-avoidance,,1,recurrence
A207072,papers/A207/A207072.pdf,pattern-avoidance,,1,recurrence
A207073,papers/A207/A207073.pdf,pattern-avoidance,,1,recurrence
A207074,papers/A207/A207074.pdf,pattern-avoidance,,1,recurrence
A207083,papers/A207/A207083.pdf,pattern-avoidance,,2,gf+recurrence
A207084,papers/A207/A207084.pdf,pattern-avoidance,,1,recurrence
A207085,papers/A207/A207085.pdf,pattern-avoidance,,1,recurrence
A207086,papers/A207/A207086.pdf,pattern-avoidance,,1,recurrence
A207089,papers/A207/A207089.pdf,pattern-avoidance,,2,gf+recurrence
A207090,papers/A207/A207090.pdf,pattern-avoidance,,1,recurrence
A207091,papers/A207/A207091.pdf,pattern-avoidance,,1,recurrence
A207106,papers/A207/A207106.pdf,pattern-avoidance,,3,gf+polynomial+recurrence
A207107,papers/A207/A207107.pdf,pattern-avoidance,,3,gf+polynomial+recurrence
A207108,papers/A207/A207108.pdf,pattern-avoidance,,3,gf+polynomial+recurrence
A207109,papers/A207/A207109.pdf,pattern-avoidance,,3,gf+polynomial+recurrence
A207110,papers/A207/A207110.pdf,pattern-avoidance,,3,gf+polynomial+recurrence
A207111,papers/A207/A207111.pdf,pattern-avoidance,yes,5,polynomial
A207112,papers/A207/A207112.pdf,pattern-avoidance,,1,recurrence
A207113,papers/A207/A207113.pdf,pattern-avoidance,,1,recurrence
A207114,papers/A207/A207114.pdf,pattern-avoidance,,1,recurrence
A207115,papers/A207/A207115.pdf,pattern-avoidance,,1,recurrence
A207116,papers/A207/A207116.pdf,pattern-avoidance,,1,recurrence
A207118,papers/A207/A207118.pdf,pattern-avoidance,,2,gf+recurrence
A207119,papers/A207/A207119.pdf,pattern-avoidance,,1,recurrence
A207120,papers/A207/A207120.pdf,pattern-avoidance,,1,recurrence
A207121,papers/A207/A207121.pdf,pattern-avoidance,,1,recurrence
A207122,papers/A207/A207122.pdf,pattern-avoidance,,1,recurrence
A207124,papers/A207/A207124.pdf,pattern-avoidance,,1,recurrence
A207125,papers/A207/A207125.pdf,pattern-avoidance,,1,recurrence
A207126,papers/A207/A207126.pdf,pattern-avoidance,,1,recurrence
A207127,papers/A207/A207127.pdf,pattern-avoidance,,1,recurrence
A207165,papers/A207/A207165.pdf,pattern-avoidance,,3,gf+polynomial+recurrence
A207166,papers/A207/A207166.pdf,pattern-avoidance,,3,gf+polynomial+recurrence
A207167,papers/A207/A207167.pdf,pattern-avoidance,,3,gf+polynomial+recurrence
A207168,papers/A207/A207168.pdf,pattern-avoidance,,3,gf+polynomial+recurrence
A207169,papers/A207/A207169.pdf,pattern-avoidance,yes,5,polynomial
A207170,papers/A207/A207170.pdf,pattern-avoidance,,1,recurrence
A207171,papers/A207/A207171.pdf,pattern-avoidance,,2,gf+recurrence
A207172,papers/A207/A207172.pdf,pattern-avoidance,,2,gf+recurrence
A207173,papers/A207/A207173.pdf,pattern-avoidance,,2,gf+recurrence
A207174,papers/A207/A207174.pdf,pattern-avoidance,,2,gf+recurrence
A207175,papers/A207/A207175.pdf,pattern-avoidance,,2,gf+recurrence
A207177,papers/A207/A207177.pdf,pattern-avoidance,,2,gf+recurrence
A207178,papers/A207/A207178.pdf,pattern-avoidance,,1,recurrence
A207179,papers/A207/A207179.pdf,pattern-avoidance,,1,recurrence
A207183,papers/A207/A207183.pdf,pattern-avoidance,,1,recurrence
A207184,papers/A207/A207184.pdf,pattern-avoidance,,1,recurrence
A207185,papers/A207/A207185.pdf,pattern-avoidance,,1,recurrence
A207237,papers/A207/A207237.pdf,pattern-avoidance,,1,recurrence
A207238,papers/A207/A207238.pdf,pattern-avoidance,,1,recurrence
A207239,papers/A207/A207239.pdf,pattern-avoidance,,1,recurrence
A207243,papers/A207/A207243.pdf,pattern-avoidance,,1,recurrence
A207244,papers/A207/A207244.pdf,pattern-avoidance,,1,recurrence
A207245,papers/A207/A207245.pdf,pattern-avoidance,,1,recurrence
A207246,papers/A207/A207246.pdf,pattern-avoidance,,1,recurrence
A207247,papers/A207/A207247.pdf,pattern-avoidance,,1,recurrence
A207249,papers/A207/A207249.pdf,pattern-avoidance,,2,gf+recurrence
A207250,papers/A207/A207250.pdf,pattern-avoidance,,2,gf+recurrence
A207251,papers/A207/A207251.pdf,pattern-avoidance,,1,recurrence
A207252,papers/A207/A207252.pdf,pattern-avoidance,,1,recurrence
A207253,papers/A207/A207253.pdf,pattern-avoidance,,1,recurrence
A207255,papers/A207/A207255.pdf,pattern-avoidance,,3,gf+polynomial+recurrence
A207256,papers/A207/A207256.pdf,pattern-avoidance,,3,gf+polynomial+recurrence
A207257,papers/A207/A207257.pdf,pattern-avoidance,,3,gf+polynomial+recurrence
A207258,papers/A207/A207258.pdf,pattern-avoidance,,3,gf+polynomial+recurrence
A207264,papers/A207/A207264.pdf,pattern-avoidance,,1,recurrence
A207265,papers/A207/A207265.pdf,pattern-avoidance,,1,recurrence
A207266,papers/A207/A207266.pdf,pattern-avoidance,,1,recurrence
A207267,papers/A207/A207267.pdf,pattern-avoidance,,1,recurrence
A207268,papers/A207/A207268.pdf,pattern-avoidance,,1,recurrence
A207270,papers/A207/A207270.pdf,pattern-avoidance,,1,recurrence
A207271,papers/A207/A207271.pdf,pattern-avoidance,,1,recurrence
A207272,papers/A207/A207272.pdf,pattern-avoidance,,1,recurrence
A207273,papers/A207/A207273.pdf,pattern-avoidance,,1,recurrence
A207274,papers/A207/A207274.pdf,pattern-avoidance,,1,recurrence
A207302,papers/A207/A207302.pdf,pattern-avoidance,,3,gf+polynomial+recurrence
A207303,papers/A207/A207303.pdf,pattern-avoidance,,3,gf+polynomial+recurrence
A207304,papers/A207/A207304.pdf,pattern-avoidance,,3,gf+polynomial+recurrence
A207305,papers/A207/A207305.pdf,pattern-avoidance,yes,5,polynomial
A207306,papers/A207/A207306.pdf,pattern-avoidance,,2,gf+recurrence
A207307,papers/A207/A207307.pdf,pattern-avoidance,,1,recurrence
A207308,papers/A207/A207308.pdf,pattern-avoidance,,1,recurrence
A207309,papers/A207/A207309.pdf,pattern-avoidance,,1,recurrence
A207310,papers/A207/A207310.pdf,pattern-avoidance,,1,recurrence
A207341,papers/A207/A207341.pdf,pattern-avoidance,,1,recurrence
A207342,papers/A207/A207342.pdf,pattern-avoidance,,1,recurrence
A207343,papers/A207/A207343.pdf,pattern-avoidance,,1,recurrence
A207347,papers/A207/A207347.pdf,pattern-avoidance,,2,gf+recurrence
A207348,papers/A207/A207348.pdf,pattern-avoidance,,1,recurrence
A207349,papers/A207/A207349.pdf,pattern-avoidance,,1,recurrence
A207363,papers/A207/A207363.pdf,pattern-avoidance,,2,gf+recurrence
A207364,papers/A207/A207364.pdf,pattern-avoidance,,2,gf+recurrence
A207365,papers/A207/A207365.pdf,pattern-avoidance,,1,recurrence
A207366,papers/A207/A207366.pdf,pattern-avoidance,,1,recurrence
A207367,papers/A207/A207367.pdf,pattern-avoidance,,1,recurrence
A207369,papers/A207/A207369.pdf,pattern-avoidance,,1,recurrence
A207370,papers/A207/A207370.pdf,pattern-avoidance,,1,recurrence
A207371,papers/A207/A207371.pdf,pattern-avoidance,,1,recurrence
A207372,papers/A207/A207372.pdf,pattern-avoidance,,1,recurrence
A207388,papers/A207/A207388.pdf,pattern-avoidance,,3,gf+polynomial+recurrence
A207389,papers/A207/A207389.pdf,pattern-avoidance,,3,gf+polynomial+recurrence
A207390,papers/A207/A207390.pdf,pattern-avoidance,,3,gf+polynomial+recurrence
A207391,papers/A207/A207391.pdf,pattern-avoidance,yes,5,polynomial
A207392,papers/A207/A207392.pdf,pattern-avoidance,,1,recurrence
A207393,papers/A207/A207393.pdf,pattern-avoidance,,1,recurrence
A207394,papers/A207/A207394.pdf,pattern-avoidance,,1,recurrence
A207395,papers/A207/A207395.pdf,pattern-avoidance,,1,recurrence
A207396,papers/A207/A207396.pdf,pattern-avoidance,,1,recurrence
A207399,papers/A207/A207399.pdf,pattern-avoidance,,3,gf+polynomial+recurrence
A207400,papers/A207/A207400.pdf,pattern-avoidance,,3,gf+polynomial+recurrence
A207401,papers/A207/A207401.pdf,pattern-avoidance,,3,gf+polynomial+recurrence
A207402,papers/A207/A207402.pdf,pattern-avoidance,,3,gf+polynomial+recurrence
A207403,papers/A207/A207403.pdf,pattern-avoidance,yes,5,polynomial
A207404,papers/A207/A207404.pdf,pattern-avoidance,,1,recurrence
A207405,papers/A207/A207405.pdf,pattern-avoidance,,1,recurrence
A207406,papers/A207/A207406.pdf,pattern-avoidance,,1,recurrence
A207407,papers/A207/A207407.pdf,pattern-avoidance,,1,recurrence
A207414,papers/A207/A207414.pdf,pattern-avoidance,,1,recurrence
A207415,papers/A207/A207415.pdf,pattern-avoidance,,1,recurrence
A207416,papers/A207/A207416.pdf,pattern-avoidance,,1,recurrence
A207417,papers/A207/A207417.pdf,pattern-avoidance,,1,recurrence
A207421,papers/A207/A207421.pdf,pattern-avoidance,,1,recurrence
A207422,papers/A207/A207422.pdf,pattern-avoidance,,1,recurrence
A207423,papers/A207/A207423.pdf,pattern-avoidance,,1,recurrence
A207427,papers/A207/A207427.pdf,pattern-avoidance,,1,recurrence
A207428,papers/A207/A207428.pdf,pattern-avoidance,,1,recurrence
A207436,papers/A207/A207436.pdf,pattern-avoidance,,2,gf+recurrence
A207437,papers/A207/A207437.pdf,pattern-avoidance,,2,gf+recurrence
A207438,papers/A207/A207438.pdf,pattern-avoidance,,1,recurrence
A207439,papers/A207/A207439.pdf,pattern-avoidance,,1,recurrence
A207440,papers/A207/A207440.pdf,pattern-avoidance,,1,recurrence
A207441,papers/A207/A207441.pdf,pattern-avoidance,,1,recurrence
A207443,papers/A207/A207443.pdf,pattern-avoidance,,1,recurrence
A207444,papers/A207/A207444.pdf,pattern-avoidance,,1,recurrence
A207445,papers/A207/A207445.pdf,pattern-avoidance,,1,recurrence
A207449,papers/A207/A207449.pdf,pattern-avoidance,,3,gf+polynomial+recurrence
A207450,papers/A207/A207450.pdf,pattern-avoidance,,3,gf+polynomial+recurrence
A207451,papers/A207/A207451.pdf,pattern-avoidance,,3,gf+polynomial+recurrence
A207452,papers/A207/A207452.pdf,pattern-avoidance,,3,gf+polynomial+recurrence
A207454,papers/A207/A207454.pdf,pattern-avoidance,,2,gf+recurrence
A207455,papers/A207/A207455.pdf,pattern-avoidance,,2,gf+recurrence
A207456,papers/A207/A207456.pdf,pattern-avoidance,,2,gf+recurrence
A207457,papers/A207/A207457.pdf,pattern-avoidance,,2,gf+recurrence
A207458,papers/A207/A207458.pdf,pattern-avoidance,,2,gf+recurrence
A207462,papers/A207/A207462.pdf,pattern-avoidance,,1,recurrence
A207463,papers/A207/A207463.pdf,pattern-avoidance,,1,recurrence
A207464,papers/A207/A207464.pdf,pattern-avoidance,,1,recurrence
A207468,papers/A207/A207468.pdf,pattern-avoidance,,1,recurrence
A207469,papers/A207/A207469.pdf,pattern-avoidance,,1,recurrence
A207483,papers/A207/A207483.pdf,pattern-avoidance,,2,gf+recurrence
A207484,papers/A207/A207484.pdf,pattern-avoidance,,1,recurrence
A207485,papers/A207/A207485.pdf,pattern-avoidance,,1,recurrence
A207486,papers/A207/A207486.pdf,pattern-avoidance,,1,recurrence
A207487,papers/A207/A207487.pdf,pattern-avoidance,,1,recurrence
A207489,papers/A207/A207489.pdf,pattern-avoidance,,1,recurrence
A207490,papers/A207/A207490.pdf,pattern-avoidance,,1,recurrence
A207491,papers/A207/A207491.pdf,pattern-avoidance,,1,recurrence
A207495,papers/A207/A207495.pdf,pattern-avoidance,,2,gf+recurrence
A207496,papers/A207/A207496.pdf,pattern-avoidance,,1,recurrence
A207497,papers/A207/A207497.pdf,pattern-avoidance,,1,recurrence
A207498,papers/A207/A207498.pdf,pattern-avoidance,,1,recurrence
A207499,papers/A207/A207499.pdf,pattern-avoidance,,1,recurrence
A207501,papers/A207/A207501.pdf,pattern-avoidance,,1,recurrence
A207502,papers/A207/A207502.pdf,pattern-avoidance,,1,recurrence
A207503,papers/A207/A207503.pdf,pattern-avoidance,,1,recurrence
A207504,papers/A207/A207504.pdf,pattern-avoidance,,1,recurrence
A207509,papers/A207/A207509.pdf,pattern-avoidance,,2,gf+recurrence
A207510,papers/A207/A207510.pdf,pattern-avoidance,,1,recurrence
A207511,papers/A207/A207511.pdf,pattern-avoidance,,1,recurrence
A207512,papers/A207/A207512.pdf,pattern-avoidance,,1,recurrence
A207513,papers/A207/A207513.pdf,pattern-avoidance,,1,recurrence
A207520,papers/A207/A207520.pdf,pattern-avoidance,,1,recurrence
A207521,papers/A207/A207521.pdf,pattern-avoidance,,1,recurrence
A207559,papers/A207/A207559.pdf,pattern-avoidance,,2,gf+recurrence
A207560,papers/A207/A207560.pdf,pattern-avoidance,,1,recurrence
A207561,papers/A207/A207561.pdf,pattern-avoidance,,1,recurrence
A207562,papers/A207/A207562.pdf,pattern-avoidance,,1,recurrence
A207563,papers/A207/A207563.pdf,pattern-avoidance,,1,recurrence
A207565,papers/A207/A207565.pdf,pattern-avoidance,,1,recurrence
A207566,papers/A207/A207566.pdf,pattern-avoidance,,1,recurrence
A207567,papers/A207/A207567.pdf,pattern-avoidance,,1,recurrence
A207568,papers/A207/A207568.pdf,pattern-avoidance,,1,recurrence
A207584,papers/A207/A207584.pdf,pattern-avoidance,,2,gf+recurrence
A207585,papers/A207/A207585.pdf,pattern-avoidance,,1,recurrence
A207586,papers/A207/A207586.pdf,pattern-avoidance,,1,recurrence
A207590,papers/A207/A207590.pdf,pattern-avoidance,,2,gf+recurrence
A207591,papers/A207/A207591.pdf,pattern-avoidance,,2,gf+recurrence
A207592,papers/A207/A207592.pdf,pattern-avoidance,,2,gf+recurrence
A207593,papers/A207/A207593.pdf,pattern-avoidance,,2,gf+recurrence
A207594,papers/A207/A207594.pdf,pattern-avoidance,,1,recurrence
A207596,papers/A207/A207596.pdf,pattern-avoidance,,3,gf+polynomial+recurrence
A207597,papers/A207/A207597.pdf,pattern-avoidance,,3,gf+polynomial+recurrence
A207598,papers/A207/A207598.pdf,pattern-avoidance,,3,gf+polynomial+recurrence
A207599,papers/A207/A207599.pdf,pattern-avoidance,yes,5,polynomial
A207600,papers/A207/A207600.pdf,pattern-avoidance,,1,recurrence
A207601,papers/A207/A207601.pdf,pattern-avoidance,,1,recurrence
A207602,papers/A207/A207602.pdf,pattern-avoidance,,1,recurrence
A207603,papers/A207/A207603.pdf,pattern-avoidance,,1,recurrence
A207604,papers/A207/A207604.pdf,pattern-avoidance,,1,recurrence
A207656,papers/A207/A207656.pdf,pattern-avoidance,,2,gf+recurrence
A207657,papers/A207/A207657.pdf,pattern-avoidance,,1,recurrence
A207658,papers/A207/A207658.pdf,pattern-avoidance,,1,recurrence
A207659,papers/A207/A207659.pdf,pattern-avoidance,,1,recurrence
A207662,papers/A207/A207662.pdf,pattern-avoidance,,1,recurrence
A207663,papers/A207/A207663.pdf,pattern-avoidance,,1,recurrence
A207664,papers/A207/A207664.pdf,pattern-avoidance,,1,recurrence
A207678,papers/A207/A207678.pdf,pattern-avoidance,,1,recurrence
A207679,papers/A207/A207679.pdf,pattern-avoidance,,1,recurrence
A207680,papers/A207/A207680.pdf,pattern-avoidance,,1,recurrence
A207681,papers/A207/A207681.pdf,pattern-avoidance,,1,recurrence
A207683,papers/A207/A207683.pdf,pattern-avoidance,,2,gf+recurrence
A207684,papers/A207/A207684.pdf,pattern-avoidance,,1,recurrence
A207685,papers/A207/A207685.pdf,pattern-avoidance,,1,recurrence
A207686,papers/A207/A207686.pdf,pattern-avoidance,,1,recurrence
A207689,papers/A207/A207689.pdf,pattern-avoidance,,2,gf+recurrence
A207690,papers/A207/A207690.pdf,pattern-avoidance,,1,recurrence
A207691,papers/A207/A207691.pdf,pattern-avoidance,,1,recurrence
A207694,papers/A207/A207694.pdf,pattern-avoidance,,2,gf+recurrence
A207695,papers/A207/A207695.pdf,pattern-avoidance,,1,recurrence
A207696,papers/A207/A207696.pdf,pattern-avoidance,,1,recurrence
A207697,papers/A207/A207697.pdf,pattern-avoidance,,1,recurrence
A207700,papers/A207/A207700.pdf,pattern-avoidance,,3,gf+polynomial+recurrence
A207701,papers/A207/A207701.pdf,pattern-avoidance,,3,gf+polynomial+recurrence
A207702,papers/A207/A207702.pdf,pattern-avoidance,,3,gf+polynomial+recurrence
A207704,papers/A207/A207704.pdf,pattern-avoidance,,1,recurrence
A207705,papers/A207/A207705.pdf,pattern-avoidance,,1,recurrence
A207706,papers/A207/A207706.pdf,pattern-avoidance,,1,recurrence
A207707,papers/A207/A207707.pdf,pattern-avoidance,,1,recurrence
A207708,papers/A207/A207708.pdf,pattern-avoidance,,1,recurrence
A207712,papers/A207/A207712.pdf,pattern-avoidance,,2,gf+recurrence
A207713,papers/A207/A207713.pdf,pattern-avoidance,,1,recurrence
A207714,papers/A207/A207714.pdf,pattern-avoidance,,1,recurrence
A207715,papers/A207/A207715.pdf,pattern-avoidance,,1,recurrence
A207716,papers/A207/A207716.pdf,pattern-avoidance,,1,recurrence
A207718,papers/A207/A207718.pdf,pattern-avoidance,,2,gf+recurrence
A207719,papers/A207/A207719.pdf,pattern-avoidance,,2,gf+recurrence
A207720,papers/A207/A207720.pdf,pattern-avoidance,,1,recurrence
A207721,papers/A207/A207721.pdf,pattern-avoidance,,1,recurrence
A207722,papers/A207/A207722.pdf,pattern-avoidance,,1,recurrence
A207724,papers/A207/A207724.pdf,pattern-avoidance,,1,recurrence
A207725,papers/A207/A207725.pdf,pattern-avoidance,,2,gf+recurrence
A207726,papers/A207/A207726.pdf,pattern-avoidance,,1,recurrence
A207727,papers/A207/A207727.pdf,pattern-avoidance,,1,recurrence
A207728,papers/A207/A207728.pdf,pattern-avoidance,,1,recurrence
A207730,papers/A207/A207730.pdf,pattern-avoidance,,2,gf+recurrence
A207731,papers/A207/A207731.pdf,pattern-avoidance,,1,recurrence
A207732,papers/A207/A207732.pdf,pattern-avoidance,,1,recurrence
A207733,papers/A207/A207733.pdf,pattern-avoidance,,1,recurrence
A207734,papers/A207/A207734.pdf,pattern-avoidance,,1,recurrence
A207737,papers/A207/A207737.pdf,pattern-avoidance,,2,gf+recurrence
A207738,papers/A207/A207738.pdf,pattern-avoidance,,1,recurrence
A207739,papers/A207/A207739.pdf,pattern-avoidance,,1,recurrence
A207740,papers/A207/A207740.pdf,pattern-avoidance,,1,recurrence
A207742,papers/A207/A207742.pdf,pattern-avoidance,,1,recurrence
A207747,papers/A207/A207747.pdf,pattern-avoidance,,2,gf+recurrence
A207748,papers/A207/A207748.pdf,pattern-avoidance,,1,recurrence
A207749,papers/A207/A207749.pdf,pattern-avoidance,,1,recurrence
A207750,papers/A207/A207750.pdf,pattern-avoidance,,1,recurrence
A207751,papers/A207/A207751.pdf,pattern-avoidance,,1,recurrence
A207753,papers/A207/A207753.pdf,pattern-avoidance,,2,gf+recurrence
A207754,papers/A207/A207754.pdf,pattern-avoidance,,1,recurrence
A207755,papers/A207/A207755.pdf,pattern-avoidance,,1,recurrence
A207756,papers/A207/A207756.pdf,pattern-avoidance,,1,recurrence
A207758,papers/A207/A207758.pdf,pattern-avoidance,,1,recurrence
A207759,papers/A207/A207759.pdf,pattern-avoidance,,1,recurrence
A207760,papers/A207/A207760.pdf,pattern-avoidance,,1,recurrence
A207761,papers/A207/A207761.pdf,pattern-avoidance,,1,recurrence
A207763,papers/A207/A207763.pdf,pattern-avoidance,,1,recurrence
A207764,papers/A207/A207764.pdf,pattern-avoidance,,1,recurrence
A207765,papers/A207/A207765.pdf,pattern-avoidance,,1,recurrence
A207766,papers/A207/A207766.pdf,pattern-avoidance,,1,recurrence
A207767,papers/A207/A207767.pdf,pattern-avoidance,,1,recurrence
A207769,papers/A207/A207769.pdf,pattern-avoidance,,2,gf+recurrence
A207770,papers/A207/A207770.pdf,pattern-avoidance,,1,recurrence
A207771,papers/A207/A207771.pdf,pattern-avoidance,,1,recurrence
A207772,papers/A207/A207772.pdf,pattern-avoidance,,1,recurrence
A207775,papers/A207/A207775.pdf,pattern-avoidance,,1,recurrence
A207781,papers/A207/A207781.pdf,pattern-avoidance,,1,recurrence
A207782,papers/A207/A207782.pdf,pattern-avoidance,,1,recurrence
A207783,papers/A207/A207783.pdf,pattern-avoidance,,1,recurrence
A207786,papers/A207/A207786.pdf,pattern-avoidance,,1,recurrence
A207787,papers/A207/A207787.pdf,pattern-avoidance,,1,recurrence
A207788,papers/A207/A207788.pdf,pattern-avoidance,,1,recurrence
A207789,papers/A207/A207789.pdf,pattern-avoidance,,1,recurrence
A207804,papers/A207/A207804.pdf,pattern-avoidance,,1,recurrence
A207805,papers/A207/A207805.pdf,pattern-avoidance,,1,recurrence
A207809,papers/A207/A207809.pdf,pattern-avoidance,,1,recurrence
A207810,papers/A207/A207810.pdf,pattern-avoidance,,1,recurrence
A207811,papers/A207/A207811.pdf,pattern-avoidance,,1,recurrence
A207812,papers/A207/A207812.pdf,pattern-avoidance,,1,recurrence
A207840,papers/A207/A207840.pdf,pattern-avoidance,,2,gf+recurrence
A207841,papers/A207/A207841.pdf,pattern-avoidance,,1,recurrence
A207842,papers/A207/A207842.pdf,pattern-avoidance,,1,recurrence
A207843,papers/A207/A207843.pdf,pattern-avoidance,,1,recurrence
A207844,papers/A207/A207844.pdf,pattern-avoidance,,1,recurrence
A207846,papers/A207/A207846.pdf,pattern-avoidance,,2,gf+recurrence
A207847,papers/A207/A207847.pdf,pattern-avoidance,,2,gf+recurrence
A207848,papers/A207/A207848.pdf,pattern-avoidance,,2,gf+recurrence
A207849,papers/A207/A207849.pdf,pattern-avoidance,,1,recurrence
A207850,papers/A207/A207850.pdf,pattern-avoidance,,1,recurrence
A207854,papers/A207/A207854.pdf,pattern-avoidance,,1,recurrence
A207855,papers/A207/A207855.pdf,pattern-avoidance,,1,recurrence
A207856,papers/A207/A207856.pdf,pattern-avoidance,,1,recurrence
A207859,papers/A207/A207859.pdf,pattern-avoidance,,1,recurrence
A207875,papers/A207/A207875.pdf,pattern-avoidance,,1,recurrence
A207876,papers/A207/A207876.pdf,pattern-avoidance,,1,recurrence
A207877,papers/A207/A207877.pdf,pattern-avoidance,,1,recurrence
A207878,papers/A207/A207878.pdf,pattern-avoidance,,1,recurrence
A207881,papers/A207/A207881.pdf,pattern-avoidance,,1,recurrence
A207882,papers/A207/A207882.pdf,pattern-avoidance,,1,recurrence
A207883,papers/A207/A207883.pdf,pattern-avoidance,,1,recurrence
A207884,papers/A207/A207884.pdf,pattern-avoidance,,1,recurrence
A207886,papers/A207/A207886.pdf,pattern-avoidance,,1,recurrence
A207887,papers/A207/A207887.pdf,pattern-avoidance,,1,recurrence
A207888,papers/A207/A207888.pdf,pattern-avoidance,,1,recurrence
A207892,papers/A207/A207892.pdf,pattern-avoidance,,1,recurrence
A207896,papers/A207/A207896.pdf,pattern-avoidance,,2,gf+recurrence
A207897,papers/A207/A207897.pdf,pattern-avoidance,,1,recurrence
A207898,papers/A207/A207898.pdf,pattern-avoidance,,1,recurrence
A207903,papers/A207/A207903.pdf,pattern-avoidance,,1,recurrence
A207904,papers/A207/A207904.pdf,pattern-avoidance,,1,recurrence
A207905,papers/A207/A207905.pdf,pattern-avoidance,,1,recurrence
A207906,papers/A207/A207906.pdf,pattern-avoidance,,1,recurrence
A207907,papers/A207/A207907.pdf,pattern-avoidance,,1,recurrence
A207909,papers/A207/A207909.pdf,pattern-avoidance,,1,recurrence
A207914,papers/A207/A207914.pdf,pattern-avoidance,,1,recurrence
A207915,papers/A207/A207915.pdf,pattern-avoidance,,1,recurrence
A207919,papers/A207/A207919.pdf,pattern-avoidance,,1,recurrence
A207920,papers/A207/A207920.pdf,pattern-avoidance,,1,recurrence
A207921,papers/A207/A207921.pdf,pattern-avoidance,,1,recurrence
A207924,papers/A207/A207924.pdf,pattern-avoidance,,2,gf+recurrence
A207925,papers/A207/A207925.pdf,pattern-avoidance,,1,recurrence
A207926,papers/A207/A207926.pdf,pattern-avoidance,,1,recurrence
A207927,papers/A207/A207927.pdf,pattern-avoidance,,1,recurrence
A207929,papers/A207/A207929.pdf,pattern-avoidance,,2,gf+recurrence
A207930,papers/A207/A207930.pdf,pattern-avoidance,,1,recurrence
A207931,papers/A207/A207931.pdf,pattern-avoidance,,1,recurrence
A207935,papers/A207/A207935.pdf,pattern-avoidance,,3,gf+polynomial+recurrence
A207936,papers/A207/A207936.pdf,pattern-avoidance,,3,gf+polynomial+recurrence
A207937,papers/A207/A207937.pdf,pattern-avoidance,,3,gf+polynomial+recurrence
A207939,papers/A207/A207939.pdf,pattern-avoidance,,2,gf+recurrence
A207940,papers/A207/A207940.pdf,pattern-avoidance,,1,recurrence
A207941,papers/A207/A207941.pdf,pattern-avoidance,,1,recurrence
A207942,papers/A207/A207942.pdf,pattern-avoidance,,1,recurrence
A207943,papers/A207/A207943.pdf,pattern-avoidance,,1,recurrence
A207946,papers/A207/A207946.pdf,pattern-avoidance,,1,recurrence
A207947,papers/A207/A207947.pdf,pattern-avoidance,,1,recurrence
A207948,papers/A207/A207948.pdf,pattern-avoidance,,1,recurrence
A207950,papers/A207/A207950.pdf,pattern-avoidance,,1,recurrence
A207951,papers/A207/A207951.pdf,pattern-avoidance,,1,recurrence
A207952,papers/A207/A207952.pdf,pattern-avoidance,,1,recurrence
A207953,papers/A207/A207953.pdf,pattern-avoidance,,1,recurrence
A207956,papers/A207/A207956.pdf,pattern-avoidance,,1,recurrence
A207957,papers/A207/A207957.pdf,pattern-avoidance,,1,recurrence
A207958,papers/A207/A207958.pdf,pattern-avoidance,,1,recurrence
A207959,papers/A207/A207959.pdf,pattern-avoidance,,1,recurrence
A207961,papers/A207/A207961.pdf,pattern-avoidance,,2,gf+recurrence
A207962,papers/A207/A207962.pdf,pattern-avoidance,,1,recurrence
A207963,papers/A207/A207963.pdf,pattern-avoidance,,1,recurrence
A207964,papers/A207/A207964.pdf,pattern-avoidance,,1,recurrence
A207965,papers/A207/A207965.pdf,pattern-avoidance,,1,recurrence
A208003,papers/A208/A208003.pdf,pattern-avoidance,,1,recurrence
A208004,papers/A208/A208004.pdf,pattern-avoidance,,1,recurrence
A208005,papers/A208/A208005.pdf,pattern-avoidance,,1,recurrence
A208006,papers/A208/A208006.pdf,pattern-avoidance,,1,recurrence
A208009,papers/A208/A208009.pdf,pattern-avoidance,,2,gf+recurrence
A208010,papers/A208/A208010.pdf,pattern-avoidance,,1,recurrence
A208011,papers/A208/A208011.pdf,pattern-avoidance,,1,recurrence
A208012,papers/A208/A208012.pdf,pattern-avoidance,,1,recurrence
A208014,papers/A208/A208014.pdf,pattern-avoidance,,2,gf+recurrence
A208015,papers/A208/A208015.pdf,pattern-avoidance,,2,gf+recurrence
A208016,papers/A208/A208016.pdf,pattern-avoidance,,2,gf+recurrence
A208017,papers/A208/A208017.pdf,pattern-avoidance,,1,recurrence
A208023,papers/A208/A208023.pdf,pattern-avoidance,,2,gf+recurrence
A208024,papers/A208/A208024.pdf,pattern-avoidance,,1,recurrence
A208025,papers/A208/A208025.pdf,pattern-avoidance,,1,recurrence
A208026,papers/A208/A208026.pdf,pattern-avoidance,,1,recurrence
A208029,papers/A208/A208029.pdf,pattern-avoidance,,2,gf+recurrence
A208030,papers/A208/A208030.pdf,pattern-avoidance,,2,gf+recurrence
A208031,papers/A208/A208031.pdf,pattern-avoidance,,1,recurrence
A208032,papers/A208/A208032.pdf,pattern-avoidance,,1,recurrence
A208035,papers/A208/A208035.pdf,pattern-avoidance,,2,gf+recurrence
A208036,papers/A208/A208036.pdf,pattern-avoidance,,1,recurrence
A208037,papers/A208/A208037.pdf,pattern-avoidance,,1,recurrence
A208038,papers/A208/A208038.pdf,pattern-avoidance,,1,recurrence
A208040,papers/A208/A208040.pdf,pattern-avoidance,,1,recurrence
A208041,papers/A208/A208041.pdf,pattern-avoidance,,1,recurrence
A208064,papers/A208/A208064.pdf,pattern-avoidance,,2,gf+recurrence
A208065,papers/A208/A208065.pdf,pattern-avoidance,,2,gf+recurrence
A208066,papers/A208/A208066.pdf,pattern-avoidance,,2,gf+recurrence
A208067,papers/A208/A208067.pdf,pattern-avoidance,,2,gf+recurrence
A208068,papers/A208/A208068.pdf,pattern-avoidance,,2,gf+recurrence
A208070,papers/A208/A208070.pdf,pattern-avoidance,,2,gf+recurrence
A208071,papers/A208/A208071.pdf,pattern-avoidance,,2,gf+recurrence
A208072,papers/A208/A208072.pdf,pattern-avoidance,,1,recurrence
A208074,papers/A208/A208074.pdf,pattern-avoidance,,1,recurrence
A208075,papers/A208/A208075.pdf,pattern-avoidance,,1,recurrence
A208079,papers/A208/A208079.pdf,pattern-avoidance,,2,gf+recurrence
A208080,papers/A208/A208080.pdf,pattern-avoidance,,2,gf+recurrence
A208081,papers/A208/A208081.pdf,pattern-avoidance,,2,gf+recurrence
A208082,papers/A208/A208082.pdf,pattern-avoidance,,1,recurrence
A208103,papers/A208/A208103.pdf,pattern-avoidance,,2,gf+recurrence
A208104,papers/A208/A208104.pdf,pattern-avoidance,,2,gf+recurrence
A208105,papers/A208/A208105.pdf,pattern-avoidance,,1,recurrence
A208106,papers/A208/A208106.pdf,pattern-avoidance,,1,recurrence
A208107,papers/A208/A208107.pdf,pattern-avoidance,,1,recurrence
A208109,papers/A208/A208109.pdf,pattern-avoidance,,2,gf+recurrence
A208110,papers/A208/A208110.pdf,pattern-avoidance,,2,gf+recurrence
A208111,papers/A208/A208111.pdf,pattern-avoidance,,2,gf+recurrence
A208112,papers/A208/A208112.pdf,pattern-avoidance,,1,recurrence
A208114,papers/A208/A208114.pdf,pattern-avoidance,,2,gf+recurrence
A208115,papers/A208/A208115.pdf,pattern-avoidance,,2,gf+recurrence
A208116,papers/A208/A208116.pdf,pattern-avoidance,,1,recurrence
A208117,papers/A208/A208117.pdf,pattern-avoidance,,1,recurrence
A208119,papers/A208/A208119.pdf,pattern-avoidance,,2,gf+recurrence
A208120,papers/A208/A208120.pdf,pattern-avoidance,,1,recurrence
A208121,papers/A208/A208121.pdf,pattern-avoidance,,2,gf+recurrence
A208122,papers/A208/A208122.pdf,pattern-avoidance,,1,recurrence
A208138,papers/A208/A208138.pdf,pattern-avoidance,,2,gf+polynomial
A208139,papers/A208/A208139.pdf,pattern-avoidance,,3,gf+polynomial+recurrence
A208140,papers/A208/A208140.pdf,pattern-avoidance,,3,gf+polynomial+recurrence
A208141,papers/A208/A208141.pdf,pattern-avoidance,,3,gf+polynomial+recurrence
A208142,papers/A208/A208142.pdf,pattern-avoidance,yes,5,polynomial
A208143,papers/A208/A208143.pdf,pattern-avoidance,,1,recurrence
A208144,papers/A208/A208144.pdf,pattern-avoidance,,1,recurrence
A208145,papers/A208/A208145.pdf,pattern-avoidance,,1,recurrence
A208146,papers/A208/A208146.pdf,pattern-avoidance,,1,recurrence
A208160,papers/A208/A208160.pdf,pattern-avoidance,,1,recurrence
A208161,papers/A208/A208161.pdf,pattern-avoidance,,1,recurrence
A208165,papers/A208/A208165.pdf,pattern-avoidance,,1,recurrence
A208166,papers/A208/A208166.pdf,pattern-avoidance,,1,recurrence
A208167,papers/A208/A208167.pdf,pattern-avoidance,,1,recurrence
A208170,papers/A208/A208170.pdf,cell-neighbour-count,,2,gf+recurrence
A208195,papers/A208/A208195.pdf,cell-neighbour-count,,2,gf+recurrence
A208196,papers/A208/A208196.pdf,cell-neighbour-count,,2,gf+recurrence
A208253,papers/A208/A208253.pdf,cell-neighbour-count,,2,gf+recurrence
A208254,papers/A208/A208254.pdf,cell-neighbour-count,,2,gf+recurrence
A208264,papers/A208/A208264.pdf,cell-neighbour-count,,2,gf+recurrence
A208265,papers/A208/A208265.pdf,cell-neighbour-count,,2,gf+recurrence
A208266,papers/A208/A208266.pdf,cell-neighbour-count,,1,recurrence
A208267,papers/A208/A208267.pdf,cell-neighbour-count,,1,recurrence
A208268,papers/A208/A208268.pdf,cell-neighbour-count,,1,recurrence
A208283,papers/A208/A208283.pdf,pattern-avoidance,,3,gf+polynomial+recurrence
A208284,papers/A208/A208284.pdf,pattern-avoidance,,3,gf+polynomial+recurrence
A208285,papers/A208/A208285.pdf,pattern-avoidance,,3,gf+polynomial+recurrence
A208286,papers/A208/A208286.pdf,pattern-avoidance,,3,gf+polynomial+recurrence
A208287,papers/A208/A208287.pdf,pattern-avoidance,yes,5,polynomial
A208288,papers/A208/A208288.pdf,pattern-avoidance,,2,gf+recurrence
A208289,papers/A208/A208289.pdf,pattern-avoidance,,2,gf+recurrence
A208290,papers/A208/A208290.pdf,pattern-avoidance,,2,gf+recurrence
A208291,papers/A208/A208291.pdf,pattern-avoidance,,2,gf+recurrence
A208309,papers/A208/A208309.pdf,cell-neighbour-count,,2,gf+recurrence
A208310,papers/A208/A208310.pdf,cell-neighbour-count,,2,gf+recurrence
A208311,papers/A208/A208311.pdf,cell-neighbour-count,,2,gf+recurrence
A208312,papers/A208/A208312.pdf,cell-neighbour-count,,1,recurrence
A208313,papers/A208/A208313.pdf,cell-neighbour-count,,1,recurrence
A208316,papers/A208/A208316.pdf,cell-neighbour-count,,2,gf+recurrence
A208317,papers/A208/A208317.pdf,cell-neighbour-count,,2,gf+recurrence
A208318,papers/A208/A208318.pdf,cell-neighbour-count,,2,gf+recurrence
A208365,papers/A208/A208365.pdf,pattern-avoidance,,1,recurrence
A208370,papers/A208/A208370.pdf,pattern-avoidance,,2,gf+recurrence
A208371,papers/A208/A208371.pdf,pattern-avoidance,,1,recurrence
A208372,papers/A208/A208372.pdf,pattern-avoidance,,1,recurrence
A208373,papers/A208/A208373.pdf,pattern-avoidance,,1,recurrence
A208375,papers/A208/A208375.pdf,pattern-avoidance,,3,gf+polynomial+recurrence
A208376,papers/A208/A208376.pdf,pattern-avoidance,,3,gf+polynomial+recurrence
A208377,papers/A208/A208377.pdf,pattern-avoidance,,3,gf+polynomial+recurrence
A208378,papers/A208/A208378.pdf,pattern-avoidance,,3,gf+polynomial+recurrence
A208379,papers/A208/A208379.pdf,pattern-avoidance,yes,5,polynomial
A208380,papers/A208/A208380.pdf,pattern-avoidance,,2,gf+recurrence
A208381,papers/A208/A208381.pdf,pattern-avoidance,,2,gf+recurrence
A208382,papers/A208/A208382.pdf,pattern-avoidance,,2,gf+recurrence
A208383,papers/A208/A208383.pdf,pattern-avoidance,,2,gf+recurrence
A208387,papers/A208/A208387.pdf,cell-neighbour-count,,1,recurrence
A208388,papers/A208/A208388.pdf,cell-neighbour-count,,2,gf+recurrence
A208393,papers/A208/A208393.pdf,cell-neighbour-count,,2,gf+recurrence
A208394,papers/A208/A208394.pdf,cell-neighbour-count,,2,gf+recurrence
A208395,papers/A208/A208395.pdf,cell-neighbour-count,,1,recurrence
A208402,papers/A208/A208402.pdf,cell-neighbour-count,,2,gf+recurrence
A208403,papers/A208/A208403.pdf,cell-neighbour-count,,2,gf+recurrence
A208409,papers/A208/A208409.pdf,cell-neighbour-count,,2,gf+recurrence
A208410,papers/A208/A208410.pdf,cell-neighbour-count,,1,recurrence
A208416,papers/A208/A208416.pdf,pattern-avoidance,,1,recurrence
A208417,papers/A208/A208417.pdf,pattern-avoidance,,1,recurrence
A208418,papers/A208/A208418.pdf,pattern-avoidance,,1,recurrence
A208419,papers/A208/A208419.pdf,pattern-avoidance,,1,recurrence
A208421,papers/A208/A208421.pdf,pattern-avoidance,,2,gf+recurrence
A208422,papers/A208/A208422.pdf,pattern-avoidance,,1,recurrence
A208423,papers/A208/A208423.pdf,pattern-avoidance,,1,recurrence
A208424,papers/A208/A208424.pdf,pattern-avoidance,,1,recurrence
A208496,papers/A208/A208496.pdf,pattern-avoidance,,2,gf+recurrence
A208497,papers/A208/A208497.pdf,pattern-avoidance,,1,recurrence
A208498,papers/A208/A208498.pdf,pattern-avoidance,,1,recurrence
A208499,papers/A208/A208499.pdf,pattern-avoidance,,1,recurrence
A208502,papers/A208/A208502.pdf,pattern-avoidance,,2,gf+recurrence
A208503,papers/A208/A208503.pdf,pattern-avoidance,,2,gf+recurrence
A208504,papers/A208/A208504.pdf,pattern-avoidance,,2,gf+recurrence
A208505,papers/A208/A208505.pdf,pattern-avoidance,,2,gf+recurrence
A208551,papers/A208/A208551.pdf,pattern-avoidance,,1,recurrence
A208552,papers/A208/A208552.pdf,pattern-avoidance,,2,gf+recurrence
A208553,papers/A208/A208553.pdf,pattern-avoidance,,1,recurrence
A208554,papers/A208/A208554.pdf,pattern-avoidance,,1,recurrence
A208556,papers/A208/A208556.pdf,pattern-avoidance,,2,gf+recurrence
A208557,papers/A208/A208557.pdf,pattern-avoidance,,2,gf+recurrence
A208558,papers/A208/A208558.pdf,pattern-avoidance,,2,gf+recurrence
A208559,papers/A208/A208559.pdf,pattern-avoidance,,2,gf+recurrence
A208561,papers/A208/A208561.pdf,cell-neighbour-count,,2,gf+recurrence
A208562,papers/A208/A208562.pdf,cell-neighbour-count,,2,gf+recurrence
A208563,papers/A208/A208563.pdf,cell-neighbour-count,,1,recurrence
A208633,papers/A208/A208633.pdf,cell-neighbour-count,,2,gf+recurrence
A208634,papers/A208/A208634.pdf,cell-neighbour-count,,2,gf+recurrence
A208635,papers/A208/A208635.pdf,cell-neighbour-count,,2,gf+recurrence
A208636,papers/A208/A208636.pdf,cell-neighbour-count,,2,gf+recurrence
A208637,papers/A208/A208637.pdf,cell-neighbour-count,yes,5,recurrence
A208638,papers/A208/A208638.pdf,cell-neighbour-count,,2,gf+recurrence
A208639,papers/A208/A208639.pdf,cell-neighbour-count,,2,gf+recurrence
A208640,papers/A208/A208640.pdf,cell-neighbour-count,,2,gf+recurrence
A208641,papers/A208/A208641.pdf,cell-neighbour-count,,2,gf+recurrence
A208642,papers/A208/A208642.pdf,cell-neighbour-count,,2,gf+recurrence
A208684,papers/A208/A208684.pdf,pattern-avoidance,,1,recurrence
A208685,papers/A208/A208685.pdf,pattern-avoidance,,1,recurrence
A208686,papers/A208/A208686.pdf,pattern-avoidance,,1,recurrence
A208687,papers/A208/A208687.pdf,pattern-avoidance,,1,recurrence
A208689,papers/A208/A208689.pdf,pattern-avoidance,,2,gf+recurrence
A208690,papers/A208/A208690.pdf,pattern-avoidance,,2,gf+recurrence
A208691,papers/A208/A208691.pdf,pattern-avoidance,,2,gf+recurrence
A208692,papers/A208/A208692.pdf,pattern-avoidance,,2,gf+recurrence
A208693,papers/A208/A208693.pdf,pattern-avoidance,,2,gf+recurrence
A208695,papers/A208/A208695.pdf,pattern-avoidance,,1,recurrence
A208699,papers/A208/A208699.pdf,pattern-avoidance,,1,recurrence
A208700,papers/A208/A208700.pdf,pattern-avoidance,,1,recurrence
A208701,papers/A208/A208701.pdf,pattern-avoidance,,1,recurrence
A208704,papers/A208/A208704.pdf,cell-neighbour-count,,1,recurrence
A208705,papers/A208/A208705.pdf,cell-neighbour-count,,2,gf+recurrence
A208706,papers/A208/A208706.pdf,cell-neighbour-count,,2,gf+recurrence
A208707,papers/A208/A208707.pdf,cell-neighbour-count,,2,gf+recurrence
A208710,papers/A208/A208710.pdf,cell-neighbour-count,,2,gf+recurrence
A208711,papers/A208/A208711.pdf,cell-neighbour-count,,1,recurrence
A208712,papers/A208/A208712.pdf,cell-neighbour-count,,1,recurrence
A208713,papers/A208/A208713.pdf,cell-neighbour-count,,1,recurrence
A208778,papers/A208/A208778.pdf,pattern-avoidance,,2,gf+recurrence
A208779,papers/A208/A208779.pdf,pattern-avoidance,,2,gf+recurrence
A208780,papers/A208/A208780.pdf,pattern-avoidance,yes,5,recurrence
A208836,papers/A208/A208836.pdf,pattern-avoidance,,2,gf+recurrence
A208837,papers/A208/A208837.pdf,pattern-avoidance,,1,recurrence
A208838,papers/A208/A208838.pdf,pattern-avoidance,,1,recurrence
A208839,papers/A208/A208839.pdf,pattern-avoidance,,1,recurrence
A208841,papers/A208/A208841.pdf,pattern-avoidance,,1,recurrence
A208842,papers/A208/A208842.pdf,pattern-avoidance,,2,gf+recurrence
A208843,papers/A208/A208843.pdf,pattern-avoidance,,2,gf+recurrence
A208844,papers/A208/A208844.pdf,pattern-avoidance,,2,gf+recurrence
A208858,papers/A208/A208858.pdf,cell-neighbour-count,,2,gf+recurrence
A208859,papers/A208/A208859.pdf,cell-neighbour-count,,2,gf+recurrence
A208866,papers/A208/A208866.pdf,cell-neighbour-count,,2,gf+recurrence
A208867,papers/A208/A208867.pdf,cell-neighbour-count,,2,gf+recurrence
A208873,papers/A208/A208873.pdf,cell-neighbour-count,,2,gf+recurrence
A208874,papers/A208/A208874.pdf,cell-neighbour-count,,1,recurrence
A209094,papers/A209/A209094.pdf,cell-neighbour-count,,2,gf+recurrence
A209095,papers/A209/A209095.pdf,cell-neighbour-count,,2,gf+recurrence
A209096,papers/A209/A209096.pdf,cell-neighbour-count,,2,gf+recurrence
A209101,papers/A209/A209101.pdf,cell-neighbour-count,,2,gf+recurrence
A209102,papers/A209/A209102.pdf,cell-neighbour-count,,2,gf+recurrence
A209103,papers/A209/A209103.pdf,cell-neighbour-count,,1,recurrence
A209220,papers/A209/A209220.pdf,pattern-avoidance,,2,gf+recurrence
A209221,papers/A209/A209221.pdf,pattern-avoidance,,1,recurrence
A209222,papers/A209/A209222.pdf,pattern-avoidance,,1,recurrence
A209225,papers/A209/A209225.pdf,pattern-avoidance,,2,gf+recurrence
A209226,papers/A209/A209226.pdf,pattern-avoidance,,2,gf+recurrence
A209227,papers/A209/A209227.pdf,pattern-avoidance,,1,recurrence
A209228,papers/A209/A209228.pdf,pattern-avoidance,,1,recurrence
A209646,papers/A209/A209646.pdf,pattern-avoidance,,1,polynomial
A209647,papers/A209/A209647.pdf,pattern-avoidance,,3,gf+polynomial+recurrence
A209648,papers/A209/A209648.pdf,pattern-avoidance,,3,gf+polynomial+recurrence
A209649,papers/A209/A209649.pdf,pattern-avoidance,,3,gf+polynomial+recurrence
A209650,papers/A209/A209650.pdf,pattern-avoidance,yes,5,polynomial
A209651,papers/A209/A209651.pdf,pattern-avoidance,,1,recurrence
A209652,papers/A209/A209652.pdf,pattern-avoidance,,1,recurrence
A209653,papers/A209/A209653.pdf,pattern-avoidance,,1,recurrence
A209654,papers/A209/A209654.pdf,pattern-avoidance,,1,recurrence
A218189,papers/A218/A218189.pdf,image-count,,2,gf+recurrence
A218190,papers/A218/A218190.pdf,image-count,,1,recurrence
A218199,papers/A218/A218199.pdf,image-count,,2,gf+recurrence
A218200,papers/A218/A218200.pdf,image-count,,2,gf+recurrence
A218201,papers/A218/A218201.pdf,image-count,,1,recurrence
A218227,papers/A218/A218227.pdf,image-count,,2,gf+recurrence
A218228,papers/A218/A218228.pdf,image-count,,1,recurrence
A218236,papers/A218/A218236.pdf,image-count,,2,gf+recurrence
A218237,papers/A218/A218237.pdf,image-count,,2,gf+recurrence
A218281,papers/A218/A218281.pdf,image-count,,2,gf+recurrence
A218282,papers/A218/A218282.pdf,image-count,,1,recurrence
A218313,papers/A218/A218313.pdf,image-count,,2,gf+recurrence
A218314,papers/A218/A218314.pdf,image-count,,2,gf+recurrence
A218366,papers/A218/A218366.pdf,image-count,,1,recurrence
A218587,papers/A218/A218587.pdf,image-count,,2,gf+recurrence
A218593,papers/A218/A218593.pdf,image-count,,1,recurrence
A218594,papers/A218/A218594.pdf,image-count,,1,recurrence
A218633,papers/A218/A218633.pdf,image-count,,1,recurrence
A218759,papers/A218/A218759.pdf,image-count,,2,gf+recurrence
A218760,papers/A218/A218760.pdf,image-count,,1,recurrence
A218804,papers/A218/A218804.pdf,image-count,,2,gf+recurrence
A218805,papers/A218/A218805.pdf,image-count,,2,gf+recurrence
A218811,papers/A218/A218811.pdf,image-count,,1,recurrence
A218837,papers/A218/A218837.pdf,image-count,,2,gf+recurrence
A218838,papers/A218/A218838.pdf,image-count,,2,gf+recurrence
A218839,papers/A218/A218839.pdf,image-count,,1,recurrence
A218843,papers/A218/A218843.pdf,image-count,,2,gf+recurrence
A218997,papers/A218/A218997.pdf,image-count,,2,gf+recurrence
A219003,papers/A219/A219003.pdf,image-count,,2,gf+recurrence
A219004,papers/A219/A219004.pdf,image-count,,2,gf+recurrence
A219058,papers/A219/A219058.pdf,image-count,,1,recurrence
A219064,papers/A219/A219064.pdf,image-count,,1,recurrence
A219100,papers/A219/A219100.pdf,image-count,,2,gf+recurrence
A219101,papers/A219/A219101.pdf,image-count,,1,recurrence
A219405,papers/A219/A219405.pdf,image-count,,2,gf+recurrence
A219406,papers/A219/A219406.pdf,image-count,,2,gf+recurrence
A219411,papers/A219/A219411.pdf,image-count,,2,gf+recurrence
A219412,papers/A219/A219412.pdf,image-count,,1,recurrence
A219436,papers/A219/A219436.pdf,image-count,,1,recurrence
A219437,papers/A219/A219437.pdf,image-count,,1,recurrence
A219737,papers/A219/A219737.pdf,image-count,,1,recurrence
A219738,papers/A219/A219738.pdf,image-count,,1,recurrence
A219980,papers/A219/A219980.pdf,image-count,,1,recurrence
A220243,papers/A220/A220243.pdf,image-count,,1,recurrence
A220250,papers/A220/A220250.pdf,image-count,,1,recurrence
A220316,papers/A220/A220316.pdf,image-count,,1,recurrence
A220339,papers/A220/A220339.pdf,image-count,,1,recurrence
A220964,papers/A220/A220964.pdf,image-count,,1,recurrence
A220971,papers/A220/A220971.pdf,image-count,,2,gf+recurrence
A220972,papers/A220/A220972.pdf,image-count,,1,recurrence
A221066,papers/A221/A221066.pdf,image-count,,2,gf+recurrence
A221587,papers/A221/A221587.pdf,image-count,,2,gf+recurrence
A223615,papers/A223/A223615.pdf,line-monotonicity,,3,gf+polynomial+recurrence
A223616,papers/A223/A223616.pdf,line-monotonicity,,3,gf+polynomial+recurrence
A223617,papers/A223/A223617.pdf,line-monotonicity,,1,polynomial
A223618,papers/A223/A223618.pdf,line-monotonicity,,1,polynomial
A223619,papers/A223/A223619.pdf,line-monotonicity,,1,polynomial
A223632,papers/A223/A223632.pdf,line-monotonicity,,3,gf+polynomial+recurrence
A223633,papers/A223/A223633.pdf,line-monotonicity,,3,gf+polynomial+recurrence
A223635,papers/A223/A223635.pdf,line-monotonicity,,1,polynomial
A223639,papers/A223/A223639.pdf,line-monotonicity,,3,gf+polynomial+recurrence
A223640,papers/A223/A223640.pdf,line-monotonicity,,3,gf+polynomial+recurrence
A223641,papers/A223/A223641.pdf,line-monotonicity,,1,polynomial
A223642,papers/A223/A223642.pdf,line-monotonicity,,1,polynomial
A223665,papers/A223/A223665.pdf,line-monotonicity,,1,recurrence
A223666,papers/A223/A223666.pdf,line-monotonicity,,1,recurrence
A223669,papers/A223/A223669.pdf,line-monotonicity,yes,4,order+recurrence
A223670,papers/A223/A223670.pdf,line-monotonicity,,3,gf+polynomial+recurrence
A223671,papers/A223/A223671.pdf,line-monotonicity,,1,polynomial
A223672,papers/A223/A223672.pdf,line-monotonicity,,1,polynomial
A223676,papers/A223/A223676.pdf,line-monotonicity,,1,recurrence
A223677,papers/A223/A223677.pdf,line-monotonicity,,1,recurrence
A223678,papers/A223/A223678.pdf,line-monotonicity,,1,recurrence
A223679,papers/A223/A223679.pdf,line-monotonicity,,1,recurrence
A223680,papers/A223/A223680.pdf,line-monotonicity,yes,4,order+recurrence
A223681,papers/A223/A223681.pdf,line-monotonicity,,3,gf+polynomial+recurrence
A223682,papers/A223/A223682.pdf,line-monotonicity,,3,gf+polynomial+recurrence
A223683,papers/A223/A223683.pdf,line-monotonicity,,1,polynomial
A223684,papers/A223/A223684.pdf,line-monotonicity,,1,polynomial
A223719,papers/A223/A223719.pdf,line-monotonicity,,3,gf+polynomial+recurrence
A223720,papers/A223/A223720.pdf,line-monotonicity,,1,polynomial
A223721,papers/A223/A223721.pdf,line-monotonicity,,1,polynomial
A223737,papers/A223/A223737.pdf,line-monotonicity,,1,polynomial
A223738,papers/A223/A223738.pdf,line-monotonicity,,1,polynomial
A223756,papers/A223/A223756.pdf,line-monotonicity,,3,gf+polynomial+recurrence
A223757,papers/A223/A223757.pdf,line-monotonicity,,1,polynomial
A223764,papers/A223/A223764.pdf,line-monotonicity,,3,gf+polynomial+recurrence
A223765,papers/A223/A223765.pdf,line-monotonicity,,3,gf+polynomial+recurrence
A223766,papers/A223/A223766.pdf,line-monotonicity,,3,gf+polynomial+recurrence
A223767,papers/A223/A223767.pdf,line-monotonicity,,1,polynomial
A223768,papers/A223/A223768.pdf,line-monotonicity,,1,polynomial
A223769,papers/A223/A223769.pdf,line-monotonicity,,1,polynomial
A223772,papers/A223/A223772.pdf,line-monotonicity,,3,gf+polynomial+recurrence
A223773,papers/A223/A223773.pdf,line-monotonicity,,3,gf+polynomial+recurrence
A223774,papers/A223/A223774.pdf,line-monotonicity,,3,gf+polynomial+recurrence
A223775,papers/A223/A223775.pdf,line-monotonicity,,1,polynomial
A223776,papers/A223/A223776.pdf,line-monotonicity,,1,polynomial
A223784,papers/A223/A223784.pdf,line-monotonicity,,1,recurrence
A223785,papers/A223/A223785.pdf,line-monotonicity,,1,recurrence
A223789,papers/A223/A223789.pdf,line-monotonicity,yes,3,order+recurrence
A223790,papers/A223/A223790.pdf,line-monotonicity,,1,polynomial
A223791,papers/A223/A223791.pdf,line-monotonicity,,1,polynomial
A223796,papers/A223/A223796.pdf,line-monotonicity,,1,recurrence
A223797,papers/A223/A223797.pdf,line-monotonicity,,1,recurrence
A223801,papers/A223/A223801.pdf,line-monotonicity,yes,2,recurrence
A223802,papers/A223/A223802.pdf,line-monotonicity,,1,polynomial
A223807,papers/A223/A223807.pdf,line-monotonicity,,1,polynomial
A223808,papers/A223/A223808.pdf,line-monotonicity,,1,polynomial
A223826,papers/A223/A223826.pdf,line-monotonicity,,1,polynomial
A223827,papers/A223/A223827.pdf,line-monotonicity,,1,polynomial
A223828,papers/A223/A223828.pdf,line-monotonicity,,1,polynomial
A223833,papers/A223/A223833.pdf,line-monotonicity,,3,gf+polynomial+recurrence
A223834,papers/A223/A223834.pdf,line-monotonicity,,3,gf+polynomial+recurrence
A223835,papers/A223/A223835.pdf,line-monotonicity,,3,gf+polynomial+recurrence
A223836,papers/A223/A223836.pdf,line-monotonicity,,3,gf+polynomial+recurrence
A223837,papers/A223/A223837.pdf,line-monotonicity,,3,gf+polynomial+recurrence
A223839,papers/A223/A223839.pdf,line-monotonicity,,3,gf+polynomial+recurrence
A223840,papers/A223/A223840.pdf,line-monotonicity,,3,gf+polynomial+recurrence
A223841,papers/A223/A223841.pdf,line-monotonicity,,1,polynomial
A223842,papers/A223/A223842.pdf,line-monotonicity,,1,polynomial
A223843,papers/A223/A223843.pdf,line-monotonicity,,1,polynomial
A223845,papers/A223/A223845.pdf,line-monotonicity,,1,polynomial
A223846,papers/A223/A223846.pdf,line-monotonicity,,1,polynomial
A223859,papers/A223/A223859.pdf,line-monotonicity,,3,gf+polynomial+recurrence
A223860,papers/A223/A223860.pdf,line-monotonicity,,1,polynomial
A223861,papers/A223/A223861.pdf,line-monotonicity,,1,polynomial
A223862,papers/A223/A223862.pdf,line-monotonicity,,1,polynomial
A223865,papers/A223/A223865.pdf,line-monotonicity,,1,polynomial
A223866,papers/A223/A223866.pdf,line-monotonicity,,1,polynomial
A223867,papers/A223/A223867.pdf,line-monotonicity,,1,polynomial
A223868,papers/A223/A223868.pdf,line-monotonicity,,1,polynomial
A223871,papers/A223/A223871.pdf,line-monotonicity,,1,recurrence
A223876,papers/A223/A223876.pdf,line-monotonicity,yes,2,recurrence
A223877,papers/A223/A223877.pdf,line-monotonicity,,1,polynomial
A223913,papers/A223/A223913.pdf,line-monotonicity,,3,gf+polynomial+recurrence
A223914,papers/A223/A223914.pdf,line-monotonicity,,3,gf+polynomial+recurrence
A223915,papers/A223/A223915.pdf,line-monotonicity,,1,polynomial
A223916,papers/A223/A223916.pdf,line-monotonicity,,1,polynomial
A223917,papers/A223/A223917.pdf,line-monotonicity,,1,polynomial
A223919,papers/A223/A223919.pdf,line-monotonicity,,3,gf+polynomial+recurrence
A223920,papers/A223/A223920.pdf,line-monotonicity,,1,polynomial
A223921,papers/A223/A223921.pdf,line-monotonicity,,1,polynomial
A223922,papers/A223/A223922.pdf,line-monotonicity,,1,polynomial
A223923,papers/A223/A223923.pdf,line-monotonicity,,1,polynomial
A223924,papers/A223/A223924.pdf,line-monotonicity,,1,degree
A223927,papers/A223/A223927.pdf,line-monotonicity,,3,gf+polynomial+recurrence
A223928,papers/A223/A223928.pdf,line-monotonicity,,1,polynomial
A223929,papers/A223/A223929.pdf,line-monotonicity,,1,polynomial
A223930,papers/A223/A223930.pdf,line-monotonicity,,1,polynomial
A223931,papers/A223/A223931.pdf,line-monotonicity,,1,polynomial
A223944,papers/A223/A223944.pdf,line-monotonicity,,2,gf+recurrence
A223945,papers/A223/A223945.pdf,line-monotonicity,,2,gf+recurrence
A223946,papers/A223/A223946.pdf,line-monotonicity,,1,recurrence
A223947,papers/A223/A223947.pdf,line-monotonicity,,1,recurrence
A223948,papers/A223/A223948.pdf,line-monotonicity,,1,recurrence
A223950,papers/A223/A223950.pdf,line-monotonicity,,3,gf+polynomial+recurrence
A223951,papers/A223/A223951.pdf,line-monotonicity,,3,gf+polynomial+recurrence
A223952,papers/A223/A223952.pdf,line-monotonicity,,3,gf+polynomial+recurrence
A223953,papers/A223/A223953.pdf,line-monotonicity,,3,gf+polynomial+recurrence
A223954,papers/A223/A223954.pdf,line-monotonicity,,3,gf+polynomial+recurrence
A223956,papers/A223/A223956.pdf,line-monotonicity,,1,recurrence
A223957,papers/A223/A223957.pdf,line-monotonicity,,1,recurrence
A223962,papers/A223/A223962.pdf,line-monotonicity,,3,gf+polynomial+recurrence
A223963,papers/A223/A223963.pdf,line-monotonicity,,3,gf+polynomial+recurrence
A223964,papers/A223/A223964.pdf,line-monotonicity,,1,polynomial
A223965,papers/A223/A223965.pdf,line-monotonicity,,1,polynomial
A223970,papers/A223/A223970.pdf,line-monotonicity,,2,gf+recurrence
A223971,papers/A223/A223971.pdf,line-monotonicity,,1,recurrence
A223972,papers/A223/A223972.pdf,line-monotonicity,,1,order
A223976,papers/A223/A223976.pdf,line-monotonicity,,1,polynomial
A223977,papers/A223/A223977.pdf,line-monotonicity,,1,polynomial
A223982,papers/A223/A223982.pdf,line-monotonicity,,3,gf+polynomial+recurrence
A223983,papers/A223/A223983.pdf,line-monotonicity,,1,polynomial
A223984,papers/A223/A223984.pdf,line-monotonicity,,1,polynomial
A223985,papers/A223/A223985.pdf,line-monotonicity,,1,polynomial
A223988,papers/A223/A223988.pdf,line-monotonicity,,1,polynomial
A223989,papers/A223/A223989.pdf,line-monotonicity,,1,polynomial
A223990,papers/A223/A223990.pdf,line-monotonicity,,1,degree
A223994,papers/A223/A223994.pdf,line-monotonicity,,1,recurrence
A223995,papers/A223/A223995.pdf,line-monotonicity,,1,recurrence
A223996,papers/A223/A223996.pdf,line-monotonicity,,1,recurrence
A223997,papers/A223/A223997.pdf,line-monotonicity,,1,recurrence
A223998,papers/A223/A223998.pdf,line-monotonicity,,1,order
A224000,papers/A224/A224000.pdf,line-monotonicity,,3,gf+polynomial+recurrence
A224001,papers/A224/A224001.pdf,line-monotonicity,,3,gf+polynomial+recurrence
A224002,papers/A224/A224002.pdf,line-monotonicity,,3,gf+polynomial+recurrence
A224003,papers/A224/A224003.pdf,line-monotonicity,,1,polynomial
A224004,papers/A224/A224004.pdf,line-monotonicity,,1,polynomial
A224007,papers/A224/A224007.pdf,line-monotonicity,,2,gf+recurrence
A224008,papers/A224/A224008.pdf,line-monotonicity,,2,gf+recurrence
A224009,papers/A224/A224009.pdf,line-monotonicity,,1,recurrence
A224010,papers/A224/A224010.pdf,line-monotonicity,,1,recurrence
A224011,papers/A224/A224011.pdf,line-monotonicity,,1,recurrence
A224013,papers/A224/A224013.pdf,line-monotonicity,,3,gf+polynomial+recurrence
A224014,papers/A224/A224014.pdf,line-monotonicity,,3,gf+polynomial+recurrence
A224015,papers/A224/A224015.pdf,line-monotonicity,,1,polynomial
A224016,papers/A224/A224016.pdf,line-monotonicity,,1,polynomial
A224019,papers/A224/A224019.pdf,line-monotonicity,,2,gf+recurrence
A224020,papers/A224/A224020.pdf,line-monotonicity,,1,recurrence
A224021,papers/A224/A224021.pdf,line-monotonicity,,1,recurrence
A224022,papers/A224/A224022.pdf,line-monotonicity,,1,recurrence
A224025,papers/A224/A224025.pdf,line-monotonicity,,3,gf+polynomial+recurrence
A224026,papers/A224/A224026.pdf,line-monotonicity,,1,polynomial
A224027,papers/A224/A224027.pdf,line-monotonicity,,1,polynomial
A224033,papers/A224/A224033.pdf,line-monotonicity,,2,gf+recurrence
A224034,papers/A224/A224034.pdf,line-monotonicity,,1,recurrence
A224035,papers/A224/A224035.pdf,line-monotonicity,,2,gf+recurrence
A224036,papers/A224/A224036.pdf,line-monotonicity,,1,recurrence
A224037,papers/A224/A224037.pdf,line-monotonicity,,1,recurrence
A224039,papers/A224/A224039.pdf,line-monotonicity,,3,gf+polynomial+recurrence
A224040,papers/A224/A224040.pdf,line-monotonicity,,3,gf+polynomial+recurrence
A224041,papers/A224/A224041.pdf,line-monotonicity,,3,gf+polynomial+recurrence
A224042,papers/A224/A224042.pdf,line-monotonicity,,3,gf+polynomial+recurrence
A224043,papers/A224/A224043.pdf,line-monotonicity,,3,gf+polynomial+recurrence
A224045,papers/A224/A224045.pdf,line-monotonicity,,1,polynomial
A224046,papers/A224/A224046.pdf,line-monotonicity,,1,polynomial
A224052,papers/A224/A224052.pdf,line-monotonicity,,1,polynomial
A224053,papers/A224/A224053.pdf,line-monotonicity,,1,polynomial
A224054,papers/A224/A224054.pdf,line-monotonicity,,1,polynomial
A224055,papers/A224/A224055.pdf,line-monotonicity,,1,polynomial
A224058,papers/A224/A224058.pdf,line-monotonicity,,1,polynomial
A224059,papers/A224/A224059.pdf,line-monotonicity,,1,polynomial
A224060,papers/A224/A224060.pdf,line-monotonicity,,1,polynomial
A224128,papers/A224/A224128.pdf,line-monotonicity,,2,gf+recurrence
A224129,papers/A224/A224129.pdf,line-monotonicity,,2,gf+recurrence
A224130,papers/A224/A224130.pdf,line-monotonicity,,2,gf+recurrence
A224131,papers/A224/A224131.pdf,line-monotonicity,,2,gf+recurrence
A224132,papers/A224/A224132.pdf,line-monotonicity,,2,gf+recurrence
A224133,papers/A224/A224133.pdf,line-monotonicity,yes,5,recurrence
A224134,papers/A224/A224134.pdf,line-monotonicity,,3,gf+polynomial+recurrence
A224135,papers/A224/A224135.pdf,line-monotonicity,,3,gf+polynomial+recurrence
A224136,papers/A224/A224136.pdf,line-monotonicity,,3,gf+polynomial+recurrence
A224137,papers/A224/A224137.pdf,line-monotonicity,,3,gf+polynomial+recurrence
A224138,papers/A224/A224138.pdf,line-monotonicity,,3,gf+polynomial+recurrence
A224141,papers/A224/A224141.pdf,line-monotonicity,,3,gf+polynomial+recurrence
A224142,papers/A224/A224142.pdf,line-monotonicity,,3,gf+polynomial+recurrence
A224143,papers/A224/A224143.pdf,line-monotonicity,,3,gf+polynomial+recurrence
A224144,papers/A224/A224144.pdf,line-monotonicity,,3,gf+polynomial+recurrence
A224145,papers/A224/A224145.pdf,line-monotonicity,,3,gf+polynomial+recurrence
A224147,papers/A224/A224147.pdf,line-monotonicity,,3,gf+polynomial+recurrence
A224148,papers/A224/A224148.pdf,line-monotonicity,,3,gf+polynomial+recurrence
A224149,papers/A224/A224149.pdf,line-monotonicity,,3,gf+polynomial+recurrence
A224150,papers/A224/A224150.pdf,line-monotonicity,,3,gf+polynomial+recurrence
A224151,papers/A224/A224151.pdf,line-monotonicity,,1,polynomial
A224153,papers/A224/A224153.pdf,line-monotonicity,,2,gf+recurrence
A224154,papers/A224/A224154.pdf,line-monotonicity,,1,recurrence
A224155,papers/A224/A224155.pdf,line-monotonicity,,1,recurrence
A224156,papers/A224/A224156.pdf,line-monotonicity,,1,recurrence
A224157,papers/A224/A224157.pdf,line-monotonicity,,1,recurrence
A224159,papers/A224/A224159.pdf,line-monotonicity,,3,gf+polynomial+recurrence
A224160,papers/A224/A224160.pdf,line-monotonicity,,3,gf+polynomial+recurrence
A224161,papers/A224/A224161.pdf,line-monotonicity,,1,polynomial
A224162,papers/A224/A224162.pdf,line-monotonicity,,1,polynomial
A224163,papers/A224/A224163.pdf,line-monotonicity,,1,polynomial
A224168,papers/A224/A224168.pdf,line-monotonicity,,3,gf+polynomial+recurrence
A224169,papers/A224/A224169.pdf,line-monotonicity,,1,polynomial
A224170,papers/A224/A224170.pdf,line-monotonicity,,1,polynomial
A224174,papers/A224/A224174.pdf,line-monotonicity,,1,polynomial
A224175,papers/A224/A224175.pdf,line-monotonicity,,1,polynomial
A224185,papers/A224/A224185.pdf,line-monotonicity,,3,gf+polynomial+recurrence
A224186,papers/A224/A224186.pdf,line-monotonicity,,3,gf+polynomial+recurrence
A224187,papers/A224/A224187.pdf,line-monotonicity,,1,polynomial
A224188,papers/A224/A224188.pdf,line-monotonicity,,1,polynomial
A224189,papers/A224/A224189.pdf,line-monotonicity,,1,polynomial
A224191,papers/A224/A224191.pdf,line-monotonicity,,1,polynomial
A224192,papers/A224/A224192.pdf,line-monotonicity,,1,polynomial
A224193,papers/A224/A224193.pdf,line-monotonicity,,1,polynomial
A224194,papers/A224/A224194.pdf,line-monotonicity,,1,degree
A224199,papers/A224/A224199.pdf,line-monotonicity,,1,recurrence
A224200,papers/A224/A224200.pdf,line-monotonicity,,1,recurrence
A224201,papers/A224/A224201.pdf,line-monotonicity,,1,recurrence
A224202,papers/A224/A224202.pdf,line-monotonicity,,1,recurrence
A224205,papers/A224/A224205.pdf,line-monotonicity,,1,polynomial
A224206,papers/A224/A224206.pdf,line-monotonicity,,1,polynomial
A224257,papers/A224/A224257.pdf,line-monotonicity,,3,gf+polynomial+recurrence
A224258,papers/A224/A224258.pdf,line-monotonicity,,3,gf+polynomial+recurrence
A224259,papers/A224/A224259.pdf,line-monotonicity,,1,polynomial
A224260,papers/A224/A224260.pdf,line-monotonicity,,1,polynomial
A224261,papers/A224/A224261.pdf,line-monotonicity,,1,polynomial
A224263,papers/A224/A224263.pdf,line-monotonicity,,1,polynomial
A224264,papers/A224/A224264.pdf,line-monotonicity,,1,polynomial
A224265,papers/A224/A224265.pdf,line-monotonicity,,1,polynomial
A224266,papers/A224/A224266.pdf,line-monotonicity,,1,polynomial
A224267,papers/A224/A224267.pdf,line-monotonicity,,1,degree
A224276,papers/A224/A224276.pdf,line-monotonicity,,1,recurrence
A224277,papers/A224/A224277.pdf,line-monotonicity,,1,order
A224282,papers/A224/A224282.pdf,line-monotonicity,,1,polynomial
A224283,papers/A224/A224283.pdf,line-monotonicity,,1,polynomial
A224305,papers/A224/A224305.pdf,line-monotonicity,,1,recurrence
A224306,papers/A224/A224306.pdf,line-monotonicity,,1,recurrence
A224307,papers/A224/A224307.pdf,line-monotonicity,,1,order
A224310,papers/A224/A224310.pdf,line-monotonicity,yes,4,order+recurrence
A224311,papers/A224/A224311.pdf,line-monotonicity,,1,polynomial
A224312,papers/A224/A224312.pdf,line-monotonicity,,1,polynomial
A224313,papers/A224/A224313.pdf,line-monotonicity,,1,polynomial
A224348,papers/A224/A224348.pdf,line-monotonicity,,1,recurrence
A224349,papers/A224/A224349.pdf,line-monotonicity,,1,recurrence
A224350,papers/A224/A224350.pdf,line-monotonicity,,1,order
A224354,papers/A224/A224354.pdf,line-monotonicity,,3,gf+polynomial+recurrence
A224355,papers/A224/A224355.pdf,line-monotonicity,,3,gf+polynomial+recurrence
A224356,papers/A224/A224356.pdf,line-monotonicity,,1,polynomial
A224357,papers/A224/A224357.pdf,line-monotonicity,,1,polynomial
A224369,papers/A224/A224369.pdf,line-monotonicity,,2,gf+recurrence
A224370,papers/A224/A224370.pdf,line-monotonicity,,2,gf+recurrence
A224371,papers/A224/A224371.pdf,line-monotonicity,,1,recurrence
A224372,papers/A224/A224372.pdf,line-monotonicity,,1,recurrence
A224373,papers/A224/A224373.pdf,line-monotonicity,,1,recurrence
A224375,papers/A224/A224375.pdf,line-monotonicity,,1,polynomial
A224376,papers/A224/A224376.pdf,line-monotonicity,,1,polynomial
A224377,papers/A224/A224377.pdf,line-monotonicity,,1,polynomial
A224378,papers/A224/A224378.pdf,line-monotonicity,,1,polynomial
A224386,papers/A224/A224386.pdf,line-monotonicity,,1,recurrence
A224387,papers/A224/A224387.pdf,line-monotonicity,,1,order
A224391,papers/A224/A224391.pdf,line-monotonicity,yes,3,order+recurrence
A224392,papers/A224/A224392.pdf,line-monotonicity,,3,gf+polynomial+recurrence
A224393,papers/A224/A224393.pdf,line-monotonicity,,1,polynomial
A224394,papers/A224/A224394.pdf,line-monotonicity,,1,polynomial
A224404,papers/A224/A224404.pdf,line-monotonicity,,2,gf+recurrence
A224405,papers/A224/A224405.pdf,line-monotonicity,,2,gf+recurrence
A224406,papers/A224/A224406.pdf,line-monotonicity,,2,gf+recurrence
A224407,papers/A224/A224407.pdf,line-monotonicity,,2,gf+recurrence
A224408,papers/A224/A224408.pdf,line-monotonicity,,2,gf+recurrence
A224410,papers/A224/A224410.pdf,line-monotonicity,,3,gf+polynomial+recurrence
A224411,papers/A224/A224411.pdf,line-monotonicity,,3,gf+polynomial+recurrence
A224412,papers/A224/A224412.pdf,line-monotonicity,,1,polynomial
A224413,papers/A224/A224413.pdf,line-monotonicity,,1,polynomial
A224414,papers/A224/A224414.pdf,line-monotonicity,,1,polynomial
A224544,papers/A224/A224544.pdf,idempotent-subblock,,2,gf+recurrence
A224545,papers/A224/A224545.pdf,idempotent-subblock,,2,gf+recurrence
A224546,papers/A224/A224546.pdf,idempotent-subblock,,2,gf+recurrence
A224547,papers/A224/A224547.pdf,idempotent-subblock,,2,gf+recurrence
A224548,papers/A224/A224548.pdf,idempotent-subblock,,2,gf+recurrence
A224549,papers/A224/A224549.pdf,idempotent-subblock,,2,gf+recurrence
A224550,papers/A224/A224550.pdf,idempotent-subblock,yes,2,recurrence
A224552,papers/A224/A224552.pdf,idempotent-subblock,,2,gf+recurrence
A224553,papers/A224/A224553.pdf,idempotent-subblock,,2,gf+recurrence
A224554,papers/A224/A224554.pdf,idempotent-subblock,,2,gf+recurrence
A224555,papers/A224/A224555.pdf,idempotent-subblock,,2,gf+recurrence
A224556,papers/A224/A224556.pdf,idempotent-subblock,,2,gf+recurrence
A224559,papers/A224/A224559.pdf,idempotent-subblock,yes,2,recurrence
A224599,papers/A224/A224599.pdf,idempotent-subblock,,2,gf+recurrence
A224600,papers/A224/A224600.pdf,idempotent-subblock,,2,gf+recurrence
A224606,papers/A224/A224606.pdf,idempotent-subblock,yes,2,recurrence
A224669,papers/A224/A224669.pdf,idempotent-subblock,,2,gf+recurrence
A224670,papers/A224/A224670.pdf,idempotent-subblock,,2,gf+recurrence
A224671,papers/A224/A224671.pdf,idempotent-subblock,,2,gf+recurrence
A224672,papers/A224/A224672.pdf,idempotent-subblock,,2,gf+recurrence
A224673,papers/A224/A224673.pdf,idempotent-subblock,,2,gf+recurrence
A224674,papers/A224/A224674.pdf,idempotent-subblock,,2,gf+recurrence
A224676,papers/A224/A224676.pdf,idempotent-subblock,yes,2,recurrence
A225008,papers/A225/A225008.pdf,line-monotonicity,,3,gf+polynomial+recurrence
A225009,papers/A225/A225009.pdf,line-monotonicity,,3,gf+polynomial+recurrence
A225011,papers/A225/A225011.pdf,line-monotonicity,,1,gf
A225012,papers/A225/A225012.pdf,line-monotonicity,,1,gf
A225013,papers/A225/A225013.pdf,line-monotonicity,,1,polynomial
A225014,papers/A225/A225014.pdf,line-monotonicity,,1,polynomial
A229454,papers/A229/A229454.pdf,defective-colouring,,2,gf+recurrence
A229455,papers/A229/A229455.pdf,defective-colouring,,2,gf+recurrence
A229456,papers/A229/A229456.pdf,defective-colouring,,1,recurrence
A229457,papers/A229/A229457.pdf,defective-colouring,,1,recurrence
A229458,papers/A229/A229458.pdf,defective-colouring,,1,recurrence
A229460,papers/A229/A229460.pdf,defective-colouring,yes,4,order+recurrence
A229472,papers/A229/A229472.pdf,defective-colouring,,2,gf+recurrence
A229473,papers/A229/A229473.pdf,defective-colouring,,2,gf+recurrence
A229474,papers/A229/A229474.pdf,defective-colouring,,2,gf+recurrence
A229475,papers/A229/A229475.pdf,defective-colouring,,2,gf+recurrence
A229476,papers/A229/A229476.pdf,defective-colouring,,1,recurrence
A229479,papers/A229/A229479.pdf,defective-colouring,yes,4,order+recurrence
A229504,papers/A229/A229504.pdf,defective-colouring,,2,gf+recurrence
A229505,papers/A229/A229505.pdf,defective-colouring,,2,gf+recurrence
A229506,papers/A229/A229506.pdf,defective-colouring,,2,gf+recurrence
A229507,papers/A229/A229507.pdf,defective-colouring,,2,gf+recurrence
A229508,papers/A229/A229508.pdf,defective-colouring,,2,gf+recurrence
A229510,papers/A229/A229510.pdf,defective-colouring,yes,4,recurrence
A229529,papers/A229/A229529.pdf,defective-colouring,,2,gf+recurrence
A229530,papers/A229/A229530.pdf,defective-colouring,,2,gf+recurrence
A229531,papers/A229/A229531.pdf,defective-colouring,,1,recurrence
A229532,papers/A229/A229532.pdf,defective-colouring,,1,recurrence
A229533,papers/A229/A229533.pdf,defective-colouring,,1,recurrence
A229534,papers/A229/A229534.pdf,defective-colouring,yes,4,recurrence
A229535,papers/A229/A229535.pdf,defective-colouring,,2,gf+recurrence
A229536,papers/A229/A229536.pdf,defective-colouring,,2,gf+recurrence
A229537,papers/A229/A229537.pdf,defective-colouring,,1,recurrence
A229538,papers/A229/A229538.pdf,defective-colouring,,1,recurrence
A229572,papers/A229/A229572.pdf,defective-colouring,,2,gf+recurrence
A229573,papers/A229/A229573.pdf,defective-colouring,,2,gf+recurrence
A229574,papers/A229/A229574.pdf,defective-colouring,,2,gf+recurrence
A229575,papers/A229/A229575.pdf,defective-colouring,,2,gf+recurrence
A229578,papers/A229/A229578.pdf,defective-colouring,yes,5,recurrence
A229580,papers/A229/A229580.pdf,defective-colouring,,2,gf+recurrence
A229581,papers/A229/A229581.pdf,defective-colouring,,2,gf+recurrence
A229582,papers/A229/A229582.pdf,defective-colouring,,2,gf+recurrence
A229583,papers/A229/A229583.pdf,defective-colouring,,2,gf+recurrence
A229584,papers/A229/A229584.pdf,defective-colouring,,2,gf+recurrence
A229586,papers/A229/A229586.pdf,defective-colouring,yes,4,recurrence
A229588,papers/A229/A229588.pdf,defective-colouring,,2,gf+recurrence
A229589,papers/A229/A229589.pdf,defective-colouring,,1,recurrence
A229590,papers/A229/A229590.pdf,defective-colouring,,1,recurrence
A229591,papers/A229/A229591.pdf,defective-colouring,,1,recurrence
A229600,papers/A229/A229600.pdf,defective-colouring,,2,gf+recurrence
A229601,papers/A229/A229601.pdf,defective-colouring,,2,gf+recurrence
A229602,papers/A229/A229602.pdf,defective-colouring,,1,recurrence
A229603,papers/A229/A229603.pdf,defective-colouring,,1,recurrence
A229604,papers/A229/A229604.pdf,defective-colouring,,1,recurrence
A229606,papers/A229/A229606.pdf,defective-colouring,yes,4,order+recurrence
A229632,papers/A229/A229632.pdf,defective-colouring,,1,recurrence
A229633,papers/A229/A229633.pdf,defective-colouring,,2,gf+recurrence
A229634,papers/A229/A229634.pdf,defective-colouring,,1,recurrence
A229637,papers/A229/A229637.pdf,defective-colouring,yes,4,order+recurrence
A229638,papers/A229/A229638.pdf,defective-colouring,,2,gf+recurrence
A229640,papers/A229/A229640.pdf,defective-colouring,,1,recurrence
A229641,papers/A229/A229641.pdf,defective-colouring,,1,recurrence
A229642,papers/A229/A229642.pdf,defective-colouring,,1,order
A229665,papers/A229/A229665.pdf,defective-colouring,,1,recurrence
A229666,papers/A229/A229666.pdf,defective-colouring,,2,gf+recurrence
A229667,papers/A229/A229667.pdf,defective-colouring,,1,recurrence
A229668,papers/A229/A229668.pdf,defective-colouring,,1,recurrence
A229669,papers/A229/A229669.pdf,defective-colouring,,1,recurrence
A229672,papers/A229/A229672.pdf,defective-colouring,yes,3,order+recurrence
A229679,papers/A229/A229679.pdf,defective-colouring,,2,gf+recurrence
A229680,papers/A229/A229680.pdf,defective-colouring,,1,recurrence
A229681,papers/A229/A229681.pdf,defective-colouring,,2,gf+recurrence
A229682,papers/A229/A229682.pdf,defective-colouring,,2,gf+recurrence
A229683,papers/A229/A229683.pdf,defective-colouring,,1,recurrence
A229685,papers/A229/A229685.pdf,defective-colouring,yes,4,recurrence
A229689,papers/A229/A229689.pdf,defective-colouring,,1,recurrence
A229690,papers/A229/A229690.pdf,defective-colouring,,1,recurrence
A229691,papers/A229/A229691.pdf,defective-colouring,,1,recurrence
A229692,papers/A229/A229692.pdf,defective-colouring,,1,recurrence
A229694,papers/A229/A229694.pdf,defective-colouring,yes,4,recurrence
A229695,papers/A229/A229695.pdf,defective-colouring,,1,recurrence
A229696,papers/A229/A229696.pdf,defective-colouring,,1,recurrence
A229697,papers/A229/A229697.pdf,defective-colouring,,1,recurrence
A229698,papers/A229/A229698.pdf,defective-colouring,,1,recurrence
A229699,papers/A229/A229699.pdf,defective-colouring,,1,recurrence
A229749,papers/A229/A229749.pdf,defective-colouring,,2,gf+recurrence
A229750,papers/A229/A229750.pdf,defective-colouring,,2,gf+recurrence
A229751,papers/A229/A229751.pdf,defective-colouring,,2,gf+recurrence
A229752,papers/A229/A229752.pdf,defective-colouring,,2,gf+recurrence
A229755,papers/A229/A229755.pdf,defective-colouring,yes,5,recurrence
A229841,papers/A229/A229841.pdf,existential-neighbour,,2,gf+recurrence
A229842,papers/A229/A229842.pdf,existential-neighbour,,1,recurrence
A229843,papers/A229/A229843.pdf,existential-neighbour,,1,recurrence
A229847,papers/A229/A229847.pdf,existential-neighbour,yes,4,order+recurrence
A229928,papers/A229/A229928.pdf,existential-neighbour,,1,recurrence
A229929,papers/A229/A229929.pdf,existential-neighbour,,1,recurrence
A229934,papers/A229/A229934.pdf,existential-neighbour,yes,1,order
A230063,papers/A230/A230063.pdf,existential-neighbour,,2,gf+recurrence
A230064,papers/A230/A230064.pdf,existential-neighbour,,1,recurrence
A230068,papers/A230/A230068.pdf,existential-neighbour,yes,4,order+recurrence
A230170,papers/A230/A230170.pdf,existential-neighbour,,2,gf+recurrence
A230171,papers/A230/A230171.pdf,existential-neighbour,,1,recurrence
A230172,papers/A230/A230172.pdf,existential-neighbour,,1,order
A230176,papers/A230/A230176.pdf,existential-neighbour,yes,3,order+recurrence
A230179,papers/A230/A230179.pdf,existential-neighbour,,2,gf+recurrence
A230180,papers/A230/A230180.pdf,existential-neighbour,,2,gf+recurrence
A230184,papers/A230/A230184.pdf,existential-neighbour,yes,4,recurrence
A230185,papers/A230/A230185.pdf,existential-neighbour,,2,gf+recurrence
A230186,papers/A230/A230186.pdf,existential-neighbour,,1,recurrence
A230245,papers/A230/A230245.pdf,existential-neighbour,,2,gf+recurrence
A230250,papers/A230/A230250.pdf,existential-neighbour,yes,3,order+recurrence
A230269,papers/A230/A230269.pdf,existential-neighbour,,2,gf+recurrence
A230270,papers/A230/A230270.pdf,existential-neighbour,,1,recurrence
A230271,papers/A230/A230271.pdf,existential-neighbour,,1,recurrence
A230275,papers/A230/A230275.pdf,existential-neighbour,yes,4,order+recurrence
A230331,papers/A230/A230331.pdf,existential-neighbour,,2,gf+recurrence
A230332,papers/A230/A230332.pdf,existential-neighbour,,1,recurrence
A230333,papers/A230/A230333.pdf,existential-neighbour,,1,recurrence
A230337,papers/A230/A230337.pdf,existential-neighbour,yes,4,order+recurrence
A230393,papers/A230/A230393.pdf,existential-neighbour,,2,gf+recurrence
A230394,papers/A230/A230394.pdf,existential-neighbour,,1,recurrence
A230464,papers/A230/A230464.pdf,existential-neighbour,,2,gf+recurrence
A230465,papers/A230/A230465.pdf,existential-neighbour,,1,recurrence
A230470,papers/A230/A230470.pdf,existential-neighbour,,2,gf+recurrence
A230471,papers/A230/A230471.pdf,existential-neighbour,,1,recurrence
A230472,papers/A230/A230472.pdf,existential-neighbour,,1,order
A230509,papers/A230/A230509.pdf,existential-neighbour,,2,gf+recurrence
A230520,papers/A230/A230520.pdf,existential-neighbour,,2,gf+recurrence
A230521,papers/A230/A230521.pdf,existential-neighbour,,1,recurrence
A230522,papers/A230/A230522.pdf,existential-neighbour,,1,recurrence
A230529,papers/A230/A230529.pdf,existential-neighbour,,2,gf+recurrence
A230572,papers/A230/A230572.pdf,existential-neighbour,,1,recurrence
A230588,papers/A230/A230588.pdf,existential-neighbour,,2,gf+recurrence
A230610,papers/A230/A230610.pdf,existential-neighbour,,1,recurrence
A230615,papers/A230/A230615.pdf,existential-neighbour,,1,recurrence
A230616,papers/A230/A230616.pdf,existential-neighbour,,1,order
A230670,papers/A230/A230670.pdf,existential-neighbour,,2,gf+recurrence
A230671,papers/A230/A230671.pdf,existential-neighbour,,1,recurrence
A230676,papers/A230/A230676.pdf,existential-neighbour,,2,gf+recurrence
A230677,papers/A230/A230677.pdf,existential-neighbour,,1,recurrence
A230678,papers/A230/A230678.pdf,existential-neighbour,,1,order
A230750,papers/A230/A230750.pdf,existential-neighbour,,1,recurrence
A230782,papers/A230/A230782.pdf,existential-neighbour,,2,gf+recurrence
A230783,papers/A230/A230783.pdf,existential-neighbour,,1,recurrence
A230835,papers/A230/A230835.pdf,existential-neighbour,,2,gf+recurrence
A230836,papers/A230/A230836.pdf,existential-neighbour,,1,recurrence
A231192,papers/A231/A231192.pdf,strict-majority,,2,gf+recurrence
A231193,papers/A231/A231193.pdf,strict-majority,,1,recurrence
A231194,papers/A231/A231194.pdf,strict-majority,,1,order
A231213,papers/A231/A231213.pdf,strict-majority,,2,gf+recurrence
A231214,papers/A231/A231214.pdf,strict-majority,,1,recurrence
A231221,papers/A231/A231221.pdf,strict-majority,,2,gf+recurrence
A231257,papers/A231/A231257.pdf,strict-majority,,2,gf+recurrence
A231258,papers/A231/A231258.pdf,strict-majority,,2,gf+recurrence
A231264,papers/A231/A231264.pdf,strict-majority,,2,gf+recurrence
A231265,papers/A231/A231265.pdf,strict-majority,,1,recurrence
A231280,papers/A231/A231280.pdf,existential-neighbour,,2,gf+recurrence
A231286,papers/A231/A231286.pdf,existential-neighbour,,1,recurrence
A231295,papers/A231/A231295.pdf,strict-majority,,2,gf+recurrence
A231296,papers/A231/A231296.pdf,strict-majority,,2,gf+recurrence
A231297,papers/A231/A231297.pdf,strict-majority,,1,recurrence
A231317,papers/A231/A231317.pdf,strict-majority,,2,gf+recurrence
A231318,papers/A231/A231318.pdf,strict-majority,,1,recurrence
A231319,papers/A231/A231319.pdf,strict-majority,,1,recurrence
A231337,papers/A231/A231337.pdf,strict-majority,,2,gf+recurrence
A231338,papers/A231/A231338.pdf,strict-majority,,2,gf+recurrence
A231356,papers/A231/A231356.pdf,strict-majority,,2,gf+recurrence
A231357,papers/A231/A231357.pdf,strict-majority,,1,recurrence
A231376,papers/A231/A231376.pdf,strict-majority,,2,gf+recurrence
A231377,papers/A231/A231377.pdf,strict-majority,,2,gf+recurrence
A231378,papers/A231/A231378.pdf,strict-majority,,1,recurrence
A231379,papers/A231/A231379.pdf,strict-majority,,1,recurrence
A231390,papers/A231/A231390.pdf,strict-majority,,2,gf+recurrence
A231391,papers/A231/A231391.pdf,strict-majority,,1,recurrence
A231397,papers/A231/A231397.pdf,strict-majority,,2,gf+recurrence
A231398,papers/A231/A231398.pdf,strict-majority,,1,recurrence
A231399,papers/A231/A231399.pdf,strict-majority,,1,order
A231413,papers/A231/A231413.pdf,strict-majority,,2,gf+recurrence
A231414,papers/A231/A231414.pdf,strict-majority,,1,recurrence
A231415,papers/A231/A231415.pdf,strict-majority,,1,recurrence
A231420,papers/A231/A231420.pdf,strict-majority,,2,gf+recurrence
A231421,papers/A231/A231421.pdf,strict-majority,,1,recurrence
A231444,papers/A231/A231444.pdf,strict-majority,,2,gf+recurrence
A231445,papers/A231/A231445.pdf,strict-majority,,2,gf+recurrence
A231452,papers/A231/A231452.pdf,strict-majority,,1,recurrence
A231458,papers/A231/A231458.pdf,strict-majority,,2,gf+recurrence
A231464,papers/A231/A231464.pdf,strict-majority,,2,gf+recurrence
A231465,papers/A231/A231465.pdf,strict-majority,,1,recurrence
A231509,papers/A231/A231509.pdf,strict-majority,,2,gf+recurrence
A231510,papers/A231/A231510.pdf,strict-majority,,1,recurrence
A231511,papers/A231/A231511.pdf,strict-majority,,1,recurrence
A231518,papers/A231/A231518.pdf,strict-majority,,1,recurrence
A231519,papers/A231/A231519.pdf,strict-majority,,1,recurrence
A231520,papers/A231/A231520.pdf,strict-majority,,1,order
A231524,papers/A231/A231524.pdf,strict-majority,,2,gf+recurrence
A231525,papers/A231/A231525.pdf,strict-majority,,1,recurrence
A231526,papers/A231/A231526.pdf,strict-majority,,1,recurrence
A231538,papers/A231/A231538.pdf,strict-majority,,2,gf+recurrence
A231539,papers/A231/A231539.pdf,strict-majority,,1,recurrence
A231540,papers/A231/A231540.pdf,strict-majority,,1,recurrence
A231581,papers/A231/A231581.pdf,strict-majority,,1,recurrence
A231582,papers/A231/A231582.pdf,strict-majority,,1,order
A231645,papers/A231/A231645.pdf,strict-majority,,2,gf+recurrence
A231646,papers/A231/A231646.pdf,strict-majority,,1,recurrence
A231657,papers/A231/A231657.pdf,strict-majority,,1,recurrence
A231658,papers/A231/A231658.pdf,strict-majority,,1,recurrence
A231694,papers/A231/A231694.pdf,strict-majority,,1,recurrence
A231741,papers/A231/A231741.pdf,strict-majority,,1,recurrence
A231742,papers/A231/A231742.pdf,strict-majority,,1,order
A231747,papers/A231/A231747.pdf,strict-majority,,2,gf+recurrence
A231748,papers/A231/A231748.pdf,strict-majority,,1,recurrence
A231833,papers/A231/A231833.pdf,strict-majority,,2,gf+recurrence
A231834,papers/A231/A231834.pdf,strict-majority,,1,recurrence
A231840,papers/A231/A231840.pdf,strict-majority,,1,recurrence
A231936,papers/A231/A231936.pdf,strict-majority,,1,order
A231941,papers/A231/A231941.pdf,strict-majority,,1,recurrence
A232017,papers/A232/A232017.pdf,strict-majority,,2,gf+recurrence
A232018,papers/A232/A232018.pdf,strict-majority,,2,gf+recurrence
A232019,papers/A232/A232019.pdf,strict-majority,,1,recurrence
A233785,papers/A233/A233785.pdf,subblock-six-differences,,2,gf+recurrence
A233786,papers/A233/A233786.pdf,subblock-six-differences,,1,recurrence
A233787,papers/A233/A233787.pdf,subblock-six-differences,,1,recurrence
A233811,papers/A233/A233811.pdf,subblock-six-differences,,2,gf+recurrence
A233812,papers/A233/A233812.pdf,subblock-six-differences,,1,recurrence
A233813,papers/A233/A233813.pdf,subblock-six-differences,,1,order
A233853,papers/A233/A233853.pdf,subblock-six-differences,,1,recurrence
A233854,papers/A233/A233854.pdf,subblock-six-differences,,1,order
A233869,papers/A233/A233869.pdf,subblock-six-differences,,1,recurrence
A233870,papers/A233/A233870.pdf,subblock-six-differences,,1,order
A233875,papers/A233/A233875.pdf,subblock-six-differences,yes,2,order
A233877,papers/A233/A233877.pdf,subblock-six-differences,,2,gf+recurrence
A233878,papers/A233/A233878.pdf,subblock-six-differences,,1,recurrence
A233879,papers/A233/A233879.pdf,subblock-six-differences,,1,recurrence
A233880,papers/A233/A233880.pdf,subblock-six-differences,,1,recurrence
A233897,papers/A233/A233897.pdf,subblock-six-differences,,2,gf+recurrence
A233898,papers/A233/A233898.pdf,subblock-six-differences,,1,recurrence
A233899,papers/A233/A233899.pdf,subblock-six-differences,,1,order
A233934,papers/A233/A233934.pdf,subblock-six-differences,,1,recurrence
A233960,papers/A233/A233960.pdf,subblock-six-differences,,2,gf+recurrence
A233961,papers/A233/A233961.pdf,subblock-six-differences,,1,recurrence
A233962,papers/A233/A233962.pdf,subblock-six-differences,,1,recurrence
A233974,papers/A233/A233974.pdf,subblock-six-differences,,1,recurrence
A233975,papers/A233/A233975.pdf,subblock-six-differences,,1,order
A234029,papers/A234/A234029.pdf,subblock-six-differences,,2,gf+recurrence
A234030,papers/A234/A234030.pdf,subblock-six-differences,,1,recurrence
A234031,papers/A234/A234031.pdf,subblock-six-differences,,1,recurrence
A234036,papers/A234/A234036.pdf,subblock-six-differences,yes,2,order+recurrence
A234076,papers/A234/A234076.pdf,subblock-six-differences,,2,gf+recurrence
A234077,papers/A234/A234077.pdf,subblock-six-differences,,1,recurrence
A234084,papers/A234/A234084.pdf,subblock-six-differences,,1,recurrence
A234085,papers/A234/A234085.pdf,subblock-six-differences,,1,recurrence
A234107,papers/A234/A234107.pdf,subblock-six-differences,,2,gf+recurrence
A234108,papers/A234/A234108.pdf,subblock-six-differences,,1,recurrence
A234109,papers/A234/A234109.pdf,subblock-six-differences,,1,recurrence
A234110,papers/A234/A234110.pdf,subblock-six-differences,,1,order
A234114,papers/A234/A234114.pdf,subblock-six-differences,yes,3,order+recurrence
A234116,papers/A234/A234116.pdf,subblock-six-differences,,2,gf+recurrence
A234117,papers/A234/A234117.pdf,subblock-six-differences,,2,gf+recurrence
A234118,papers/A234/A234118.pdf,subblock-six-differences,,1,recurrence
A234119,papers/A234/A234119.pdf,subblock-six-differences,,1,recurrence
A234120,papers/A234/A234120.pdf,subblock-six-differences,,1,recurrence
A234122,papers/A234/A234122.pdf,subblock-six-differences,yes,2,recurrence
A234124,papers/A234/A234124.pdf,subblock-six-differences,,2,gf+recurrence
A234125,papers/A234/A234125.pdf,subblock-six-differences,,1,recurrence
A234126,papers/A234/A234126.pdf,subblock-six-differences,,1,recurrence
A234131,papers/A234/A234131.pdf,subblock-six-differences,yes,2,order+recurrence
A234133,papers/A234/A234133.pdf,subblock-six-differences,,2,gf+recurrence
A234134,papers/A234/A234134.pdf,subblock-six-differences,,2,gf+recurrence
A234135,papers/A234/A234135.pdf,subblock-six-differences,,2,gf+recurrence
A234136,papers/A234/A234136.pdf,subblock-six-differences,,2,gf+recurrence
A234140,papers/A234/A234140.pdf,subblock-six-differences,yes,4,recurrence
A234154,papers/A234/A234154.pdf,subblock-six-differences,,2,gf+recurrence
A234155,papers/A234/A234155.pdf,subblock-six-differences,,2,gf+recurrence
A234156,papers/A234/A234156.pdf,subblock-six-differences,,1,recurrence
A234157,papers/A234/A234157.pdf,subblock-six-differences,,1,recurrence
A234161,papers/A234/A234161.pdf,subblock-six-differences,yes,2,recurrence
A234162,papers/A234/A234162.pdf,constant-stress,,2,gf+recurrence
A234163,papers/A234/A234163.pdf,constant-stress,,1,recurrence
A234164,papers/A234/A234164.pdf,constant-stress,,1,order
A234169,papers/A234/A234169.pdf,constant-stress,yes,2,order+recurrence
A234170,papers/A234/A234170.pdf,constant-stress,,2,gf+recurrence
A234171,papers/A234/A234171.pdf,constant-stress,,1,recurrence
A234175,papers/A234/A234175.pdf,constant-stress,yes,1,recurrence
A234177,papers/A234/A234177.pdf,subblock-six-differences,,2,gf+recurrence
A234178,papers/A234/A234178.pdf,subblock-six-differences,,1,recurrence
A234179,papers/A234/A234179.pdf,subblock-six-differences,,1,recurrence
A234184,papers/A234/A234184.pdf,subblock-six-differences,yes,2,order+recurrence
A234185,papers/A234/A234185.pdf,constant-stress,,2,gf+recurrence
A234186,papers/A234/A234186.pdf,constant-stress,,1,recurrence
A234190,papers/A234/A234190.pdf,constant-stress,yes,1,order
A234201,papers/A234/A234201.pdf,subblock-six-differences,,1,recurrence
A234202,papers/A234/A234202.pdf,subblock-six-differences,,1,recurrence
A234208,papers/A234/A234208.pdf,subblock-six-differences,yes,2,order+recurrence
A234210,papers/A234/A234210.pdf,subblock-six-differences,,2,gf+recurrence
A234211,papers/A234/A234211.pdf,subblock-six-differences,,1,recurrence
A234212,papers/A234/A234212.pdf,subblock-six-differences,,1,recurrence
A234220,papers/A234/A234220.pdf,constant-stress,,2,gf+recurrence
A234221,papers/A234/A234221.pdf,constant-stress,,2,gf+recurrence
A234222,papers/A234/A234222.pdf,constant-stress,,1,recurrence
A234223,papers/A234/A234223.pdf,constant-stress,,1,recurrence
A234227,papers/A234/A234227.pdf,constant-stress,yes,3,order+recurrence
A234228,papers/A234/A234228.pdf,constant-stress,,2,gf+recurrence
A234229,papers/A234/A234229.pdf,constant-stress,,1,order
A234233,papers/A234/A234233.pdf,constant-stress,yes,1,recurrence
A234241,papers/A234/A234241.pdf,constant-stress,,1,recurrence
A234242,papers/A234/A234242.pdf,constant-stress,,1,order
A234245,papers/A234/A234245.pdf,constant-stress,yes,1,order
A234259,papers/A234/A234259.pdf,constant-stress,,2,gf+recurrence
A234260,papers/A234/A234260.pdf,constant-stress,,2,gf+recurrence
A234261,papers/A234/A234261.pdf,constant-stress,,2,gf+recurrence
A234262,papers/A234/A234262.pdf,constant-stress,,2,gf+recurrence
A234263,papers/A234/A234263.pdf,constant-stress,,2,gf+recurrence
A234264,papers/A234/A234264.pdf,constant-stress,,2,gf+recurrence
A234266,papers/A234/A234266.pdf,constant-stress,yes,4,recurrence
A234326,papers/A234/A234326.pdf,constant-stress,,2,gf+recurrence
A234327,papers/A234/A234327.pdf,constant-stress,,1,recurrence
A234328,papers/A234/A234328.pdf,constant-stress,,1,recurrence
A234333,papers/A234/A234333.pdf,constant-stress,yes,2,order+recurrence
A234414,papers/A234/A234414.pdf,subblock-six-differences,,2,gf+recurrence
A234415,papers/A234/A234415.pdf,subblock-six-differences,,1,recurrence
A234421,papers/A234/A234421.pdf,subblock-six-differences,yes,2,order+recurrence
A234436,papers/A234/A234436.pdf,constant-stress,,1,recurrence
A234437,papers/A234/A234437.pdf,constant-stress,,2,gf+recurrence
A234438,papers/A234/A234438.pdf,constant-stress,,1,recurrence
A234439,papers/A234/A234439.pdf,constant-stress,,1,recurrence
A234443,papers/A234/A234443.pdf,constant-stress,yes,3,order+recurrence
A234444,papers/A234/A234444.pdf,constant-stress,,2,gf+recurrence
A234445,papers/A234/A234445.pdf,constant-stress,,1,recurrence
A234446,papers/A234/A234446.pdf,constant-stress,,1,order
A234450,papers/A234/A234450.pdf,constant-stress,yes,2,order+recurrence
A234452,papers/A234/A234452.pdf,constant-stress,,2,gf+recurrence
A234453,papers/A234/A234453.pdf,constant-stress,,1,recurrence
A234458,papers/A234/A234458.pdf,constant-stress,yes,1,recurrence
A234476,papers/A234/A234476.pdf,constant-stress,,1,recurrence
A234477,papers/A234/A234477.pdf,constant-stress,,1,order
A234481,papers/A234/A234481.pdf,constant-stress,yes,1,recurrence
A234483,papers/A234/A234483.pdf,constant-stress,,2,gf+recurrence
A234484,papers/A234/A234484.pdf,constant-stress,,2,gf+recurrence
A234485,papers/A234/A234485.pdf,constant-stress,,1,recurrence
A234486,papers/A234/A234486.pdf,constant-stress,,1,recurrence
A234487,papers/A234/A234487.pdf,constant-stress,,1,recurrence
A234490,papers/A234/A234490.pdf,constant-stress,yes,3,order+recurrence
A234491,papers/A234/A234491.pdf,constant-stress,,2,gf+recurrence
A234492,papers/A234/A234492.pdf,constant-stress,,1,recurrence
A234497,papers/A234/A234497.pdf,constant-stress,yes,1,recurrence
A234543,papers/A234/A234543.pdf,constant-stress,,2,gf+recurrence
A234544,papers/A234/A234544.pdf,constant-stress,,1,recurrence
A234545,papers/A234/A234545.pdf,constant-stress,,1,order
A234549,papers/A234/A234549.pdf,constant-stress,yes,2,order+recurrence
A234550,papers/A234/A234550.pdf,constant-stress,,2,gf+recurrence
A234551,papers/A234/A234551.pdf,constant-stress,,1,recurrence
A234555,papers/A234/A234555.pdf,constant-stress,yes,1,recurrence
A234557,papers/A234/A234557.pdf,constant-stress,,2,gf+recurrence
A234558,papers/A234/A234558.pdf,constant-stress,,1,recurrence
A234559,papers/A234/A234559.pdf,constant-stress,,1,recurrence
A234560,papers/A234/A234560.pdf,constant-stress,,1,recurrence
A234564,papers/A234/A234564.pdf,constant-stress,yes,1,recurrence
A234651,papers/A234/A234651.pdf,constant-stress,,2,gf+recurrence
A234652,papers/A234/A234652.pdf,constant-stress,,1,recurrence
A234653,papers/A234/A234653.pdf,constant-stress,,1,recurrence
A234658,papers/A234/A234658.pdf,constant-stress,yes,2,order+recurrence
A234659,papers/A234/A234659.pdf,constant-stress,,2,gf+recurrence
A234660,papers/A234/A234660.pdf,constant-stress,,1,recurrence
A234661,papers/A234/A234661.pdf,constant-stress,,1,recurrence
A234665,papers/A234/A234665.pdf,constant-stress,yes,2,order+recurrence
A234667,papers/A234/A234667.pdf,constant-stress,,2,gf+recurrence
A234668,papers/A234/A234668.pdf,constant-stress,,1,recurrence
A234672,papers/A234/A234672.pdf,constant-stress,yes,1,order
A234674,papers/A234/A234674.pdf,constant-stress,,2,gf+recurrence
A234675,papers/A234/A234675.pdf,constant-stress,,1,recurrence
A234676,papers/A234/A234676.pdf,constant-stress,,1,recurrence
A234681,papers/A234/A234681.pdf,constant-stress,yes,1,recurrence
A234683,papers/A234/A234683.pdf,constant-stress,,2,gf+recurrence
A234684,papers/A234/A234684.pdf,constant-stress,,1,recurrence
A234685,papers/A234/A234685.pdf,constant-stress,,1,recurrence
A234690,papers/A234/A234690.pdf,constant-stress,yes,2,order+recurrence
A234697,papers/A234/A234697.pdf,constant-stress,,2,gf+recurrence
A234698,papers/A234/A234698.pdf,constant-stress,,1,recurrence
A234699,papers/A234/A234699.pdf,constant-stress,,1,recurrence
A234702,papers/A234/A234702.pdf,constant-stress,yes,2,order+recurrence
A234705,papers/A234/A234705.pdf,constant-stress,,2,gf+recurrence
A234706,papers/A234/A234706.pdf,constant-stress,,1,recurrence
A234707,papers/A234/A234707.pdf,constant-stress,,1,recurrence
A234712,papers/A234/A234712.pdf,constant-stress,yes,2,order
A234721,papers/A234/A234721.pdf,constant-stress,,2,gf+recurrence
A234722,papers/A234/A234722.pdf,constant-stress,,1,recurrence
A234723,papers/A234/A234723.pdf,constant-stress,,1,recurrence
A234728,papers/A234/A234728.pdf,constant-stress,yes,1,recurrence
A234731,papers/A234/A234731.pdf,constant-stress,,2,gf+recurrence
A234732,papers/A234/A234732.pdf,constant-stress,,1,recurrence
A234733,papers/A234/A234733.pdf,constant-stress,,1,recurrence
A234738,papers/A234/A234738.pdf,constant-stress,yes,1,recurrence
A234816,papers/A234/A234816.pdf,constant-stress,,2,gf+recurrence
A234817,papers/A234/A234817.pdf,constant-stress,,1,recurrence
A234818,papers/A234/A234818.pdf,constant-stress,,1,recurrence
A234823,papers/A234/A234823.pdf,constant-stress,yes,3,order
A234875,papers/A234/A234875.pdf,constant-stress,,2,gf+recurrence
A234876,papers/A234/A234876.pdf,constant-stress,,2,gf+recurrence
A234877,papers/A234/A234877.pdf,constant-stress,,2,gf+recurrence
A234878,papers/A234/A234878.pdf,constant-stress,,1,recurrence
A234882,papers/A234/A234882.pdf,constant-stress,yes,4,order+recurrence
A234883,papers/A234/A234883.pdf,constant-stress,,2,gf+recurrence
A234884,papers/A234/A234884.pdf,constant-stress,,1,recurrence
A234885,papers/A234/A234885.pdf,constant-stress,,1,recurrence
A234890,papers/A234/A234890.pdf,constant-stress,yes,3,order+recurrence
A234891,papers/A234/A234891.pdf,constant-stress,,1,recurrence
A234892,papers/A234/A234892.pdf,constant-stress,,1,order
A234898,papers/A234/A234898.pdf,constant-stress,yes,2,order+recurrence
A234905,papers/A234/A234905.pdf,constant-stress,,1,recurrence
A234906,papers/A234/A234906.pdf,constant-stress,,1,order
A234911,papers/A234/A234911.pdf,constant-stress,yes,2,order+recurrence
A234914,papers/A234/A234914.pdf,constant-stress,,2,gf+recurrence
A234915,papers/A234/A234915.pdf,constant-stress,,1,recurrence
A234916,papers/A234/A234916.pdf,constant-stress,,1,recurrence
A234917,papers/A234/A234917.pdf,constant-stress,,1,order
A234921,papers/A234/A234921.pdf,constant-stress,yes,3,order+recurrence
A234984,papers/A234/A234984.pdf,constant-stress,,2,gf+recurrence
A234985,papers/A234/A234985.pdf,constant-stress,,1,recurrence
A234986,papers/A234/A234986.pdf,constant-stress,,1,order
A234991,papers/A234/A234991.pdf,constant-stress,yes,2,order
A234992,papers/A234/A234992.pdf,constant-stress,,1,recurrence
A234993,papers/A234/A234993.pdf,constant-stress,,1,recurrence
A234998,papers/A234/A234998.pdf,constant-stress,yes,2,order
A235002,papers/A235/A235002.pdf,constant-stress,,1,recurrence
A235003,papers/A235/A235003.pdf,constant-stress,,1,order
A235007,papers/A235/A235007.pdf,constant-stress,yes,1,order
A235011,papers/A235/A235011.pdf,constant-stress,,2,gf+recurrence
A235012,papers/A235/A235012.pdf,constant-stress,,2,gf+recurrence
A235013,papers/A235/A235013.pdf,constant-stress,,2,gf+recurrence
A235017,papers/A235/A235017.pdf,constant-stress,yes,3,order+recurrence
A235019,papers/A235/A235019.pdf,constant-stress,,2,gf+recurrence
A235020,papers/A235/A235020.pdf,constant-stress,,1,recurrence
A235021,papers/A235/A235021.pdf,constant-stress,,1,order
A235026,papers/A235/A235026.pdf,constant-stress,yes,3,order+recurrence
A235064,papers/A235/A235064.pdf,constant-stress,,1,recurrence
A235065,papers/A235/A235065.pdf,constant-stress,,1,recurrence
A235071,papers/A235/A235071.pdf,constant-stress,yes,2,order+recurrence
A235072,papers/A235/A235072.pdf,constant-stress,,1,recurrence
A235073,papers/A235/A235073.pdf,constant-stress,,1,order
A235078,papers/A235/A235078.pdf,constant-stress,yes,2,order+recurrence
A235080,papers/A235/A235080.pdf,constant-stress,,2,gf+recurrence
A235081,papers/A235/A235081.pdf,constant-stress,,2,gf+recurrence
A235082,papers/A235/A235082.pdf,constant-stress,,1,recurrence
A235083,papers/A235/A235083.pdf,constant-stress,,1,recurrence
A235087,papers/A235/A235087.pdf,constant-stress,yes,3,order+recurrence
A235091,papers/A235/A235091.pdf,constant-stress,,2,gf+recurrence
A235092,papers/A235/A235092.pdf,constant-stress,,1,recurrence
A235093,papers/A235/A235093.pdf,constant-stress,,1,recurrence
A235098,papers/A235/A235098.pdf,constant-stress,yes,3,order+recurrence
A235100,papers/A235/A235100.pdf,constant-stress,,2,gf+recurrence
A235101,papers/A235/A235101.pdf,constant-stress,,1,recurrence
A235102,papers/A235/A235102.pdf,constant-stress,,1,order
A235107,papers/A235/A235107.pdf,constant-stress,yes,2,order+recurrence
A235169,papers/A235/A235169.pdf,constant-stress,,1,recurrence
A235170,papers/A235/A235170.pdf,constant-stress,,1,recurrence
A235175,papers/A235/A235175.pdf,constant-stress,yes,2,order
A235179,papers/A235/A235179.pdf,constant-stress,,2,gf+recurrence
A235180,papers/A235/A235180.pdf,constant-stress,,1,recurrence
A235181,papers/A235/A235181.pdf,constant-stress,,1,recurrence
A235186,papers/A235/A235186.pdf,constant-stress,yes,3,order+recurrence
A235191,papers/A235/A235191.pdf,constant-stress,,2,gf+recurrence
A235192,papers/A235/A235192.pdf,constant-stress,,1,recurrence
A235193,papers/A235/A235193.pdf,constant-stress,,1,recurrence
A235198,papers/A235/A235198.pdf,constant-stress,yes,2,order+recurrence
A235205,papers/A235/A235205.pdf,constant-stress,,2,gf+recurrence
A235206,papers/A235/A235206.pdf,constant-stress,,1,recurrence
A235212,papers/A235/A235212.pdf,constant-stress,yes,2,order+recurrence
A235232,papers/A235/A235232.pdf,constant-stress,,2,gf+recurrence
A235233,papers/A235/A235233.pdf,constant-stress,,1,recurrence
A235234,papers/A235/A235234.pdf,constant-stress,,1,recurrence
A235239,papers/A235/A235239.pdf,constant-stress,yes,3,order
A235241,papers/A235/A235241.pdf,constant-stress,,2,gf+recurrence
A235242,papers/A235/A235242.pdf,constant-stress,,1,recurrence
A235243,papers/A235/A235243.pdf,constant-stress,,1,order
A235248,papers/A235/A235248.pdf,constant-stress,yes,2,order
A235251,papers/A235/A235251.pdf,constant-stress,,1,recurrence
A235252,papers/A235/A235252.pdf,constant-stress,,1,recurrence
A235253,papers/A235/A235253.pdf,constant-stress,,1,order
A235258,papers/A235/A235258.pdf,constant-stress,yes,2,order+recurrence
A235271,papers/A235/A235271.pdf,constant-stress,,2,gf+recurrence
A235272,papers/A235/A235272.pdf,constant-stress,,2,gf+recurrence
A235273,papers/A235/A235273.pdf,constant-stress,,2,gf+recurrence
A235274,papers/A235/A235274.pdf,constant-stress,,2,gf+recurrence
A235282,papers/A235/A235282.pdf,constant-stress,,2,gf+recurrence
A235283,papers/A235/A235283.pdf,constant-stress,,2,gf+recurrence
A235284,papers/A235/A235284.pdf,constant-stress,,1,recurrence
A235285,papers/A235/A235285.pdf,constant-stress,,1,recurrence
A235286,papers/A235/A235286.pdf,constant-stress,,1,recurrence
A235291,papers/A235/A235291.pdf,constant-stress,,2,gf+recurrence
A235292,papers/A235/A235292.pdf,constant-stress,,2,gf+recurrence
A235293,papers/A235/A235293.pdf,constant-stress,,2,gf+recurrence
A235294,papers/A235/A235294.pdf,constant-stress,,2,gf+recurrence
A235295,papers/A235/A235295.pdf,constant-stress,,1,recurrence
A235303,papers/A235/A235303.pdf,constant-stress,,2,gf+recurrence
A235304,papers/A235/A235304.pdf,constant-stress,,1,recurrence
A235305,papers/A235/A235305.pdf,constant-stress,,1,recurrence
A235310,papers/A235/A235310.pdf,constant-stress,yes,1,recurrence
A235312,papers/A235/A235312.pdf,constant-stress,,2,gf+recurrence
A235313,papers/A235/A235313.pdf,constant-stress,,1,recurrence
A235314,papers/A235/A235314.pdf,constant-stress,,1,recurrence
A235319,papers/A235/A235319.pdf,constant-stress,yes,1,recurrence
A240478,papers/A240/A240478.pdf,cell-neighbour-count,,2,gf+recurrence
A240479,papers/A240/A240479.pdf,cell-neighbour-count,,2,gf+recurrence
A240480,papers/A240/A240480.pdf,cell-neighbour-count,,1,recurrence
A240481,papers/A240/A240481.pdf,cell-neighbour-count,,1,recurrence
A240484,papers/A240/A240484.pdf,cell-neighbour-count,yes,4,order+recurrence
A240513,papers/A240/A240513.pdf,cell-neighbour-count,,2,gf+recurrence
A240514,papers/A240/A240514.pdf,cell-neighbour-count,,1,recurrence
A240515,papers/A240/A240515.pdf,cell-neighbour-count,,1,recurrence
A240519,papers/A240/A240519.pdf,cell-neighbour-count,yes,4,order+recurrence
A240625,papers/A240/A240625.pdf,cell-neighbour-count,,1,recurrence
A240626,papers/A240/A240626.pdf,cell-neighbour-count,,1,recurrence
A240629,papers/A240/A240629.pdf,cell-neighbour-count,yes,3,order+recurrence
A240631,papers/A240/A240631.pdf,cell-neighbour-count,,2,gf+recurrence
A240632,papers/A240/A240632.pdf,cell-neighbour-count,,1,recurrence
A240636,papers/A240/A240636.pdf,cell-neighbour-count,yes,4,order+recurrence
A240637,papers/A240/A240637.pdf,cell-neighbour-count,,2,gf+recurrence
A240638,papers/A240/A240638.pdf,cell-neighbour-count,,2,gf+recurrence
A240642,papers/A240/A240642.pdf,cell-neighbour-count,yes,3,recurrence
A240651,papers/A240/A240651.pdf,cell-neighbour-count,,1,recurrence
A240652,papers/A240/A240652.pdf,cell-neighbour-count,,1,recurrence
A240656,papers/A240/A240656.pdf,cell-neighbour-count,yes,4,order+recurrence
A240770,papers/A240/A240770.pdf,cell-neighbour-count,,1,recurrence
A240771,papers/A240/A240771.pdf,cell-neighbour-count,,1,recurrence
A240774,papers/A240/A240774.pdf,cell-neighbour-count,yes,2,order+recurrence
A241073,papers/A241/A241073.pdf,cell-neighbour-count,,2,gf+recurrence
A241074,papers/A241/A241074.pdf,cell-neighbour-count,,1,recurrence
A241078,papers/A241/A241078.pdf,cell-neighbour-count,yes,3,order+recurrence
A241103,papers/A241/A241103.pdf,cell-neighbour-count,,2,gf+recurrence
A241104,papers/A241/A241104.pdf,cell-neighbour-count,,1,recurrence
A241108,papers/A241/A241108.pdf,cell-neighbour-count,yes,4,order+recurrence
A241109,papers/A241/A241109.pdf,cell-neighbour-count,,1,recurrence
A241110,papers/A241/A241110.pdf,cell-neighbour-count,,1,recurrence
A241114,papers/A241/A241114.pdf,cell-neighbour-count,yes,3,order+recurrence
A241115,papers/A241/A241115.pdf,cell-neighbour-count,,1,recurrence
A241119,papers/A241/A241119.pdf,cell-neighbour-count,yes,3,order+recurrence
A241125,papers/A241/A241125.pdf,cell-neighbour-count,,2,gf+recurrence
A241126,papers/A241/A241126.pdf,cell-neighbour-count,,1,recurrence
A241130,papers/A241/A241130.pdf,cell-neighbour-count,yes,3,order+recurrence
A241608,papers/A241/A241608.pdf,word-window,,2,gf+recurrence
A241609,papers/A241/A241609.pdf,word-window,,2,gf+recurrence
A241610,papers/A241/A241610.pdf,word-window,,1,recurrence
A241611,papers/A241/A241611.pdf,word-window,,1,recurrence
A241612,papers/A241/A241612.pdf,word-window,,1,recurrence
A241613,papers/A241/A241613.pdf,word-window,,1,recurrence
A241614,papers/A241/A241614.pdf,word-window,,1,recurrence
A241615,papers/A241/A241615.pdf,word-window,,1,recurrence
A241616,papers/A241/A241616.pdf,word-window,,1,recurrence
A241617,papers/A241/A241617.pdf,word-window,,1,order
A241618,papers/A241/A241618.pdf,word-window,,1,order
A242468,papers/A242/A242468.pdf,word-window,,2,gf+recurrence
A242469,papers/A242/A242469.pdf,word-window,,1,recurrence
A242470,papers/A242/A242470.pdf,word-window,,1,recurrence
A242471,papers/A242/A242471.pdf,word-window,,1,recurrence
A242543,papers/A242/A242543.pdf,word-window,,2,gf+recurrence
A242544,papers/A242/A242544.pdf,word-window,,2,gf+recurrence
A242545,papers/A242/A242545.pdf,word-window,,2,gf+recurrence
A242546,papers/A242/A242546.pdf,word-window,,1,recurrence
A242547,papers/A242/A242547.pdf,word-window,,1,recurrence
A242548,papers/A242/A242548.pdf,word-window,,1,recurrence
A242578,papers/A242/A242578.pdf,word-window,,2,gf+recurrence
A242579,papers/A242/A242579.pdf,word-window,,2,gf+recurrence
A242580,papers/A242/A242580.pdf,word-window,,1,recurrence
A242581,papers/A242/A242581.pdf,word-window,,1,recurrence
A242582,papers/A242/A242582.pdf,word-window,,1,recurrence
A242583,papers/A242/A242583.pdf,word-window,,1,recurrence
A243027,papers/A243/A243027.pdf,word-window,,2,gf+recurrence
A243028,papers/A243/A243028.pdf,word-window,,2,gf+recurrence
A243029,papers/A243/A243029.pdf,word-window,,2,gf+recurrence
A243030,papers/A243/A243030.pdf,word-window,,1,recurrence
A243031,papers/A243/A243031.pdf,word-window,,1,recurrence
A243032,papers/A243/A243032.pdf,word-window,,1,recurrence
A243038,papers/A243/A243038.pdf,word-window,,2,gf+recurrence
A243039,papers/A243/A243039.pdf,word-window,,2,gf+recurrence
A243040,papers/A243/A243040.pdf,word-window,,1,recurrence
A243041,papers/A243/A243041.pdf,word-window,,1,recurrence
A243042,papers/A243/A243042.pdf,word-window,,1,recurrence
A243043,papers/A243/A243043.pdf,word-window,,1,recurrence
A243383,papers/A243/A243383.pdf,word-window,,2,gf+recurrence
A243384,papers/A243/A243384.pdf,word-window,,2,gf+recurrence
A243385,papers/A243/A243385.pdf,word-window,,1,recurrence
A243386,papers/A243/A243386.pdf,word-window,,1,recurrence
A243387,papers/A243/A243387.pdf,word-window,,1,recurrence
A243388,papers/A243/A243388.pdf,word-window,,1,recurrence
A243513,papers/A243/A243513.pdf,word-window,,2,gf+recurrence
A243514,papers/A243/A243514.pdf,word-window,,2,gf+recurrence
A243515,papers/A243/A243515.pdf,word-window,,2,gf+recurrence
A243516,papers/A243/A243516.pdf,word-window,,2,gf+recurrence
A243517,papers/A243/A243517.pdf,word-window,,2,gf+recurrence
A243518,papers/A243/A243518.pdf,word-window,,2,gf+recurrence
A243600,papers/A243/A243600.pdf,word-window,,2,gf+recurrence
A243601,papers/A243/A243601.pdf,word-window,,2,gf+recurrence
A243602,papers/A243/A243602.pdf,word-window,,2,gf+recurrence
A243603,papers/A243/A243603.pdf,word-window,,1,recurrence
A243604,papers/A243/A243604.pdf,word-window,,1,recurrence
A243605,papers/A243/A243605.pdf,word-window,,1,recurrence
A243606,papers/A243/A243606.pdf,word-window,,1,recurrence
A243635,papers/A243/A243635.pdf,word-window,,2,gf+recurrence
A243636,papers/A243/A243636.pdf,word-window,,2,gf+recurrence
A243637,papers/A243/A243637.pdf,word-window,,2,gf+recurrence
A243638,papers/A243/A243638.pdf,word-window,,2,gf+recurrence
A243639,papers/A243/A243639.pdf,word-window,,1,recurrence
A243640,papers/A243/A243640.pdf,word-window,,1,recurrence
A243722,papers/A243/A243722.pdf,word-window,,2,gf+recurrence
A243723,papers/A243/A243723.pdf,word-window,,2,gf+recurrence
A243724,papers/A243/A243724.pdf,word-window,,2,gf+recurrence
A243725,papers/A243/A243725.pdf,word-window,,2,gf+recurrence
A243726,papers/A243/A243726.pdf,word-window,,2,gf+recurrence
A243727,papers/A243/A243727.pdf,word-window,,2,gf+recurrence
A243728,papers/A243/A243728.pdf,word-window,,1,recurrence
A244177,papers/A244/A244177.pdf,word-window,,2,gf+recurrence
A244178,papers/A244/A244178.pdf,word-window,,1,recurrence
A244179,papers/A244/A244179.pdf,word-window,,1,recurrence
A244180,papers/A244/A244180.pdf,word-window,,1,recurrence
A244181,papers/A244/A244181.pdf,word-window,,1,recurrence
A244182,papers/A244/A244182.pdf,word-window,,1,recurrence
A244183,papers/A244/A244183.pdf,word-window,,1,recurrence
A244184,papers/A244/A244184.pdf,word-window,,1,recurrence
A244694,papers/A244/A244694.pdf,word-window,,2,gf+recurrence
A244695,papers/A244/A244695.pdf,word-window,,1,recurrence
A244696,papers/A244/A244696.pdf,word-window,,1,recurrence
A244697,papers/A244/A244697.pdf,word-window,,1,recurrence
A244698,papers/A244/A244698.pdf,word-window,,1,recurrence
A244699,papers/A244/A244699.pdf,word-window,,1,recurrence
A244700,papers/A244/A244700.pdf,word-window,,1,recurrence
A244701,papers/A244/A244701.pdf,word-window,,1,recurrence
A245864,papers/A245/A245864.pdf,word-window,,2,gf+recurrence
A245865,papers/A245/A245865.pdf,word-window,,2,gf+recurrence
A245866,papers/A245/A245866.pdf,word-window,,2,gf+recurrence
A245867,papers/A245/A245867.pdf,word-window,,2,gf+recurrence
A245868,papers/A245/A245868.pdf,word-window,,2,gf+recurrence
A245945,papers/A245/A245945.pdf,word-window,,2,gf+recurrence
A245946,papers/A245/A245946.pdf,word-window,,1,recurrence
A245947,papers/A245/A245947.pdf,word-window,,2,gf+recurrence
A245948,papers/A245/A245948.pdf,word-window,,1,recurrence
A245949,papers/A245/A245949.pdf,word-window,,2,gf+recurrence
A245990,papers/A245/A245990.pdf,word-window,,2,gf+recurrence
A245991,papers/A245/A245991.pdf,word-window,,2,gf+recurrence
A245992,papers/A245/A245992.pdf,word-window,,2,gf+recurrence
A245993,papers/A245/A245993.pdf,word-window,,2,gf+recurrence
A245994,papers/A245/A245994.pdf,word-window,,2,gf+recurrence
A246473,papers/A246/A246473.pdf,word-window,,2,gf+recurrence
A246474,papers/A246/A246474.pdf,word-window,,2,gf+recurrence
A246475,papers/A246/A246475.pdf,word-window,,2,gf+recurrence
A246476,papers/A246/A246476.pdf,word-window,,2,gf+recurrence
A246478,papers/A246/A246478.pdf,word-window,,2,gf+recurrence
A246732,papers/A246/A246732.pdf,word-window,,2,gf+recurrence
A246733,papers/A246/A246733.pdf,word-window,,1,recurrence
A246734,papers/A246/A246734.pdf,word-window,,2,gf+recurrence
A246735,papers/A246/A246735.pdf,word-window,,1,recurrence
A246736,papers/A246/A246736.pdf,word-window,,1,recurrence
A246886,papers/A246/A246886.pdf,word-window,,1,recurrence
A246887,papers/A246/A246887.pdf,word-window,,1,recurrence
A246888,papers/A246/A246888.pdf,word-window,,1,recurrence
A246889,papers/A246/A246889.pdf,word-window,,1,recurrence
A246890,papers/A246/A246890.pdf,word-window,,1,recurrence
A246891,papers/A246/A246891.pdf,word-window,,1,recurrence
A247399,papers/A247/A247399.pdf,word-window,,2,gf+recurrence
A247400,papers/A247/A247400.pdf,word-window,,1,order
A247527,papers/A247/A247527.pdf,word-window,,2,gf+recurrence
A247528,papers/A247/A247528.pdf,word-window,,2,gf+recurrence
A247529,papers/A247/A247529.pdf,word-window,,1,recurrence
A247530,papers/A247/A247530.pdf,word-window,,1,recurrence
A247531,papers/A247/A247531.pdf,word-window,,1,order
A247720,papers/A247/A247720.pdf,word-window,,2,gf+recurrence
A247721,papers/A247/A247721.pdf,word-window,,2,gf+recurrence
A247722,papers/A247/A247722.pdf,word-window,,1,recurrence
A247723,papers/A247/A247723.pdf,word-window,,1,order
A247921,papers/A247/A247921.pdf,word-window,,1,recurrence
A247922,papers/A247/A247922.pdf,word-window,,1,order
A248428,papers/A248/A248428.pdf,word-window,,2,gf+recurrence
A248429,papers/A248/A248429.pdf,word-window,,2,gf+recurrence
A248430,papers/A248/A248430.pdf,word-window,,2,gf+recurrence
A248431,papers/A248/A248431.pdf,word-window,,2,gf+recurrence
A248432,papers/A248/A248432.pdf,word-window,,2,gf+recurrence
A248456,papers/A248/A248456.pdf,word-window,,2,gf+recurrence
A248457,papers/A248/A248457.pdf,word-window,,2,gf+recurrence
A248458,papers/A248/A248458.pdf,word-window,,1,recurrence
A248459,papers/A248/A248459.pdf,word-window,,1,recurrence
A248460,papers/A248/A248460.pdf,word-window,,1,recurrence
A249701,papers/A249/A249701.pdf,word-window,,2,gf+recurrence
A249702,papers/A249/A249702.pdf,word-window,,1,recurrence
A249703,papers/A249/A249703.pdf,word-window,,1,recurrence
A249704,papers/A249/A249704.pdf,word-window,,1,recurrence
A249705,papers/A249/A249705.pdf,word-window,,1,recurrence
A249706,papers/A249/A249706.pdf,word-window,,1,recurrence
A249838,papers/A249/A249838.pdf,word-window,,1,recurrence
A249839,papers/A249/A249839.pdf,word-window,,1,order
A249954,papers/A249/A249954.pdf,word-window,,1,recurrence
A250008,papers/A250/A250008.pdf,word-window,,1,recurrence
A250053,papers/A250/A250053.pdf,word-window,,1,order
A250074,papers/A250/A250074.pdf,word-window,,1,recurrence
A250075,papers/A250/A250075.pdf,word-window,,1,order
A250134,papers/A250/A250134.pdf,word-window,,1,recurrence
A250135,papers/A250/A250135.pdf,word-window,,1,recurrence
A250136,papers/A250/A250136.pdf,word-window,,1,recurrence
A250137,papers/A250/A250137.pdf,word-window,,1,recurrence
A250138,papers/A250/A250138.pdf,word-window,,1,recurrence
A250139,papers/A250/A250139.pdf,word-window,,1,recurrence
A250147,papers/A250/A250147.pdf,word-window,,1,recurrence
A250329,papers/A250/A250329.pdf,word-window,,2,gf+recurrence
A250330,papers/A250/A250330.pdf,word-window,,1,recurrence
A250366,papers/A250/A250366.pdf,word-window,,1,recurrence
A250381,papers/A250/A250381.pdf,word-window,,2,gf+recurrence
A250382,papers/A250/A250382.pdf,word-window,,2,gf+recurrence
A250383,papers/A250/A250383.pdf,word-window,,2,gf+recurrence
A250384,papers/A250/A250384.pdf,word-window,,1,recurrence
A250385,papers/A250/A250385.pdf,word-window,,1,recurrence
A250386,papers/A250/A250386.pdf,word-window,,1,recurrence
A250447,papers/A250/A250447.pdf,monotone-derived,,2,gf+recurrence
A250448,papers/A250/A250448.pdf,monotone-derived,,1,recurrence
A250449,papers/A250/A250449.pdf,monotone-derived,,1,recurrence
A250450,papers/A250/A250450.pdf,monotone-derived,,1,order
A250454,papers/A250/A250454.pdf,monotone-derived,yes,2,order+recurrence
A250461,papers/A250/A250461.pdf,monotone-derived,,2,gf+recurrence
A250462,papers/A250/A250462.pdf,monotone-derived,,2,gf+recurrence
A250463,papers/A250/A250463.pdf,monotone-derived,,1,recurrence
A250464,papers/A250/A250464.pdf,monotone-derived,,1,recurrence
A250465,papers/A250/A250465.pdf,monotone-derived,,1,recurrence
A250466,papers/A250/A250466.pdf,monotone-derived,,1,recurrence
A250467,papers/A250/A250467.pdf,monotone-derived,,1,order
A250468,papers/A250/A250468.pdf,monotone-derived,yes,3,order+recurrence
A250512,papers/A250/A250512.pdf,monotone-derived,,2,gf+recurrence
A250513,papers/A250/A250513.pdf,monotone-derived,,1,recurrence
A250514,papers/A250/A250514.pdf,monotone-derived,,1,order
A250519,papers/A250/A250519.pdf,monotone-derived,yes,2,order
A250521,papers/A250/A250521.pdf,monotone-derived,,2,gf+recurrence
A250522,papers/A250/A250522.pdf,monotone-derived,,2,gf+recurrence
A250523,papers/A250/A250523.pdf,monotone-derived,,2,gf+recurrence
A250524,papers/A250/A250524.pdf,monotone-derived,,2,gf+recurrence
A250525,papers/A250/A250525.pdf,monotone-derived,,1,recurrence
A250527,papers/A250/A250527.pdf,monotone-derived,yes,1,recurrence
A250529,papers/A250/A250529.pdf,monotone-derived,,1,recurrence
A250530,papers/A250/A250530.pdf,monotone-derived,,1,recurrence
A250531,papers/A250/A250531.pdf,monotone-derived,,1,order
A250536,papers/A250/A250536.pdf,monotone-derived,yes,2,order
A250538,papers/A250/A250538.pdf,monotone-derived,,1,recurrence
A250539,papers/A250/A250539.pdf,monotone-derived,,1,recurrence
A250540,papers/A250/A250540.pdf,monotone-derived,,1,recurrence
A250541,papers/A250/A250541.pdf,monotone-derived,,1,recurrence
A250544,papers/A250/A250544.pdf,monotone-derived,yes,1,recurrence
A250576,papers/A250/A250576.pdf,monotone-derived,,2,gf+recurrence
A250577,papers/A250/A250577.pdf,monotone-derived,,2,gf+recurrence
A250578,papers/A250/A250578.pdf,monotone-derived,,2,gf+recurrence
A250579,papers/A250/A250579.pdf,monotone-derived,,2,gf+recurrence
A250580,papers/A250/A250580.pdf,monotone-derived,,1,recurrence
A250581,papers/A250/A250581.pdf,monotone-derived,,1,recurrence
A250582,papers/A250/A250582.pdf,monotone-derived,,1,recurrence
A250583,papers/A250/A250583.pdf,monotone-derived,yes,4,order+recurrence
A250585,papers/A250/A250585.pdf,monotone-derived,,2,gf+recurrence
A250586,papers/A250/A250586.pdf,monotone-derived,,1,recurrence
A250587,papers/A250/A250587.pdf,monotone-derived,,1,recurrence
A250588,papers/A250/A250588.pdf,monotone-derived,,1,recurrence
A250589,papers/A250/A250589.pdf,monotone-derived,,1,recurrence
A250590,papers/A250/A250590.pdf,monotone-derived,,1,order
A250592,papers/A250/A250592.pdf,monotone-derived,yes,3,order
A250605,papers/A250/A250605.pdf,monotone-derived,,2,gf+recurrence
A250606,papers/A250/A250606.pdf,monotone-derived,,2,gf+recurrence
A250607,papers/A250/A250607.pdf,monotone-derived,,2,gf+recurrence
A250608,papers/A250/A250608.pdf,monotone-derived,,2,gf+recurrence
A250609,papers/A250/A250609.pdf,monotone-derived,,2,gf+recurrence
A250610,papers/A250/A250610.pdf,monotone-derived,,2,gf+recurrence
A250625,papers/A250/A250625.pdf,monotone-derived,,2,gf+recurrence
A250626,papers/A250/A250626.pdf,monotone-derived,,1,recurrence
A250627,papers/A250/A250627.pdf,monotone-derived,,1,recurrence
A250628,papers/A250/A250628.pdf,monotone-derived,,1,recurrence
A250629,papers/A250/A250629.pdf,monotone-derived,,1,recurrence
A250630,papers/A250/A250630.pdf,monotone-derived,,1,recurrence
A250632,papers/A250/A250632.pdf,monotone-derived,yes,3,order
A250633,papers/A250/A250633.pdf,monotone-derived,,2,gf+recurrence
A250634,papers/A250/A250634.pdf,monotone-derived,,1,recurrence
A250635,papers/A250/A250635.pdf,monotone-derived,,1,recurrence
A250636,papers/A250/A250636.pdf,monotone-derived,,1,recurrence
A250637,papers/A250/A250637.pdf,monotone-derived,,1,recurrence
A250654,papers/A250/A250654.pdf,monotone-derived,,1,gf
A250655,papers/A250/A250655.pdf,monotone-derived,,1,gf
A250657,papers/A250/A250657.pdf,monotone-derived,,1,polynomial
A250658,papers/A250/A250658.pdf,monotone-derived,,3,gf+polynomial+recurrence
A250659,papers/A250/A250659.pdf,monotone-derived,,3,gf+polynomial+recurrence
A250660,papers/A250/A250660.pdf,monotone-derived,,3,gf+polynomial+recurrence
A250661,papers/A250/A250661.pdf,monotone-derived,,3,gf+polynomial+recurrence
A250669,papers/A250/A250669.pdf,monotone-derived,,1,recurrence
A250670,papers/A250/A250670.pdf,monotone-derived,,1,recurrence
A250671,papers/A250/A250671.pdf,monotone-derived,,1,recurrence
A250676,papers/A250/A250676.pdf,monotone-derived,yes,2,order
A250677,papers/A250/A250677.pdf,monotone-derived,,2,gf+recurrence
A250678,papers/A250/A250678.pdf,monotone-derived,,1,recurrence
A250679,papers/A250/A250679.pdf,monotone-derived,,1,order
A250685,papers/A250/A250685.pdf,monotone-derived,,1,recurrence
A250686,papers/A250/A250686.pdf,monotone-derived,,1,recurrence
A250687,papers/A250/A250687.pdf,monotone-derived,,1,recurrence
A250688,papers/A250/A250688.pdf,monotone-derived,,1,recurrence
A250691,papers/A250/A250691.pdf,monotone-derived,yes,2,order
A250692,papers/A250/A250692.pdf,monotone-derived,,2,gf+recurrence
A250693,papers/A250/A250693.pdf,monotone-derived,,1,recurrence
A250694,papers/A250/A250694.pdf,monotone-derived,,1,recurrence
A250695,papers/A250/A250695.pdf,monotone-derived,,1,recurrence
A250696,papers/A250/A250696.pdf,monotone-derived,,1,recurrence
A250700,papers/A250/A250700.pdf,monotone-derived,,1,recurrence
A250701,papers/A250/A250701.pdf,monotone-derived,,1,recurrence
A250702,papers/A250/A250702.pdf,monotone-derived,,1,recurrence
A250703,papers/A250/A250703.pdf,monotone-derived,,1,recurrence
A250704,papers/A250/A250704.pdf,monotone-derived,,1,recurrence
A250707,papers/A250/A250707.pdf,monotone-derived,yes,2,order
A250708,papers/A250/A250708.pdf,monotone-derived,,1,recurrence
A250709,papers/A250/A250709.pdf,monotone-derived,,1,recurrence
A250710,papers/A250/A250710.pdf,monotone-derived,,1,order
A250723,papers/A250/A250723.pdf,monotone-derived,,2,gf+recurrence
A250724,papers/A250/A250724.pdf,monotone-derived,,2,gf+recurrence
A250725,papers/A250/A250725.pdf,monotone-derived,,2,gf+recurrence
A250726,papers/A250/A250726.pdf,monotone-derived,,2,gf+recurrence
A250727,papers/A250/A250727.pdf,monotone-derived,,2,gf+recurrence
A250728,papers/A250/A250728.pdf,monotone-derived,,1,recurrence
A250729,papers/A250/A250729.pdf,monotone-derived,yes,2,recurrence
A250730,papers/A250/A250730.pdf,monotone-derived,,1,recurrence
A250731,papers/A250/A250731.pdf,monotone-derived,,2,gf+recurrence
A250732,papers/A250/A250732.pdf,monotone-derived,,2,gf+recurrence
A250733,papers/A250/A250733.pdf,monotone-derived,,2,gf+recurrence
A250734,papers/A250/A250734.pdf,monotone-derived,,2,gf+recurrence
A250735,papers/A250/A250735.pdf,monotone-derived,,1,recurrence
A250736,papers/A250/A250736.pdf,monotone-derived,,1,recurrence
A250749,papers/A250/A250749.pdf,monotone-derived,,1,gf
A250750,papers/A250/A250750.pdf,monotone-derived,,1,gf
A250751,papers/A250/A250751.pdf,monotone-derived,,1,gf
A250752,papers/A250/A250752.pdf,monotone-derived,,1,gf
A250753,papers/A250/A250753.pdf,monotone-derived,,1,gf
A250756,papers/A250/A250756.pdf,monotone-derived,,3,gf+polynomial+recurrence
A250757,papers/A250/A250757.pdf,monotone-derived,,3,gf+polynomial+recurrence
A250758,papers/A250/A250758.pdf,monotone-derived,,3,gf+polynomial+recurrence
A250759,papers/A250/A250759.pdf,monotone-derived,,3,gf+polynomial+recurrence
A250760,papers/A250/A250760.pdf,monotone-derived,,3,gf+polynomial+recurrence
A250761,papers/A250/A250761.pdf,monotone-derived,,3,gf+polynomial+recurrence
A250764,papers/A250/A250764.pdf,monotone-derived,,1,gf
A250765,papers/A250/A250765.pdf,monotone-derived,,1,gf
A250766,papers/A250/A250766.pdf,monotone-derived,,1,gf
A250767,papers/A250/A250767.pdf,monotone-derived,,1,gf
A250768,papers/A250/A250768.pdf,monotone-derived,,1,gf
A250770,papers/A250/A250770.pdf,monotone-derived,,1,gf
A250771,papers/A250/A250771.pdf,monotone-derived,,1,gf
A250772,papers/A250/A250772.pdf,monotone-derived,,1,gf
A250773,papers/A250/A250773.pdf,monotone-derived,,1,gf
A250774,papers/A250/A250774.pdf,monotone-derived,,1,gf
A250775,papers/A250/A250775.pdf,monotone-derived,,1,gf
A250777,papers/A250/A250777.pdf,monotone-derived,,1,gf
A250778,papers/A250/A250778.pdf,monotone-derived,,2,gf+recurrence
A250779,papers/A250/A250779.pdf,monotone-derived,,2,gf+recurrence
A250780,papers/A250/A250780.pdf,monotone-derived,,2,gf+recurrence
A250781,papers/A250/A250781.pdf,monotone-derived,,2,gf+recurrence
A250782,papers/A250/A250782.pdf,monotone-derived,,2,gf+recurrence
A250783,papers/A250/A250783.pdf,monotone-derived,yes,2,recurrence
A250784,papers/A250/A250784.pdf,monotone-derived,,2,gf+recurrence
A250785,papers/A250/A250785.pdf,monotone-derived,,2,gf+recurrence
A250786,papers/A250/A250786.pdf,monotone-derived,,2,gf+recurrence
A250787,papers/A250/A250787.pdf,monotone-derived,,2,gf+recurrence
A250788,papers/A250/A250788.pdf,monotone-derived,,2,gf+recurrence
A250789,papers/A250/A250789.pdf,monotone-derived,,2,gf+recurrence
A250791,papers/A250/A250791.pdf,monotone-derived,,2,gf+recurrence
A250792,papers/A250/A250792.pdf,monotone-derived,,2,gf+recurrence
A250793,papers/A250/A250793.pdf,monotone-derived,,2,gf+recurrence
A250794,papers/A250/A250794.pdf,monotone-derived,,2,gf+recurrence
A250795,papers/A250/A250795.pdf,monotone-derived,,1,recurrence
A250796,papers/A250/A250796.pdf,monotone-derived,,1,recurrence
A250797,papers/A250/A250797.pdf,monotone-derived,yes,4,recurrence
A250798,papers/A250/A250798.pdf,monotone-derived,,2,gf+recurrence
A250799,papers/A250/A250799.pdf,monotone-derived,,2,gf+recurrence
A250800,papers/A250/A250800.pdf,monotone-derived,,2,gf+recurrence
A250801,papers/A250/A250801.pdf,monotone-derived,,2,gf+recurrence
A250802,papers/A250/A250802.pdf,monotone-derived,,2,gf+recurrence
A250803,papers/A250/A250803.pdf,monotone-derived,,1,recurrence
A250804,papers/A250/A250804.pdf,monotone-derived,,1,recurrence
A250806,papers/A250/A250806.pdf,monotone-derived,,1,gf
A250807,papers/A250/A250807.pdf,monotone-derived,,1,gf
A250808,papers/A250/A250808.pdf,monotone-derived,,1,gf
A250809,papers/A250/A250809.pdf,monotone-derived,,1,gf
A250810,papers/A250/A250810.pdf,monotone-derived,,1,gf
A250813,papers/A250/A250813.pdf,monotone-derived,,3,gf+polynomial+recurrence
A250814,papers/A250/A250814.pdf,monotone-derived,,3,gf+polynomial+recurrence
A250815,papers/A250/A250815.pdf,monotone-derived,,3,gf+polynomial+recurrence
A250816,papers/A250/A250816.pdf,monotone-derived,,3,gf+polynomial+recurrence
A250817,papers/A250/A250817.pdf,monotone-derived,,3,gf+polynomial+recurrence
A250818,papers/A250/A250818.pdf,monotone-derived,,3,gf+polynomial+recurrence
A250847,papers/A250/A250847.pdf,monotone-derived,,1,gf
A250849,papers/A250/A250849.pdf,monotone-derived,,1,gf
A250850,papers/A250/A250850.pdf,monotone-derived,,1,gf
A250854,papers/A250/A250854.pdf,monotone-derived,,3,gf+polynomial+recurrence
A250855,papers/A250/A250855.pdf,monotone-derived,,3,gf+polynomial+recurrence
A250856,papers/A250/A250856.pdf,monotone-derived,,3,gf+polynomial+recurrence
A250857,papers/A250/A250857.pdf,monotone-derived,,3,gf+polynomial+recurrence
A250870,papers/A250/A250870.pdf,monotone-derived,,1,gf
A250871,papers/A250/A250871.pdf,monotone-derived,,1,gf
A250872,papers/A250/A250872.pdf,monotone-derived,,1,gf
A250873,papers/A250/A250873.pdf,monotone-derived,,1,gf
A250874,papers/A250/A250874.pdf,monotone-derived,,1,gf
A250878,papers/A250/A250878.pdf,monotone-derived,,3,gf+polynomial+recurrence
A250879,papers/A250/A250879.pdf,monotone-derived,,3,gf+polynomial+recurrence
A250880,papers/A250/A250880.pdf,monotone-derived,,3,gf+polynomial+recurrence
A250881,papers/A250/A250881.pdf,monotone-derived,,3,gf+polynomial+recurrence
A250891,papers/A250/A250891.pdf,monotone-derived,,2,gf+recurrence
A250892,papers/A250/A250892.pdf,monotone-derived,,2,gf+recurrence
A250893,papers/A250/A250893.pdf,monotone-derived,,2,gf+recurrence
A250894,papers/A250/A250894.pdf,monotone-derived,,2,gf+recurrence
A250895,papers/A250/A250895.pdf,monotone-derived,,2,gf+recurrence
A250896,papers/A250/A250896.pdf,monotone-derived,,2,gf+recurrence
A250898,papers/A250/A250898.pdf,monotone-derived,yes,1,recurrence
A250899,papers/A250/A250899.pdf,monotone-derived,,2,gf+recurrence
A250900,papers/A250/A250900.pdf,monotone-derived,,2,gf+recurrence
A250901,papers/A250/A250901.pdf,monotone-derived,,2,gf+recurrence
A250902,papers/A250/A250902.pdf,monotone-derived,,2,gf+recurrence
A250903,papers/A250/A250903.pdf,monotone-derived,,2,gf+recurrence
A250904,papers/A250/A250904.pdf,monotone-derived,,2,gf+recurrence
A250936,papers/A250/A250936.pdf,monotone-derived,,1,recurrence
A250937,papers/A250/A250937.pdf,monotone-derived,,1,recurrence
A250938,papers/A250/A250938.pdf,monotone-derived,,1,recurrence
A250939,papers/A250/A250939.pdf,monotone-derived,,1,recurrence
A250940,papers/A250/A250940.pdf,monotone-derived,,1,recurrence
A250942,papers/A250/A250942.pdf,monotone-derived,yes,3,order+recurrence
A250943,papers/A250/A250943.pdf,monotone-derived,,2,gf+recurrence
A250944,papers/A250/A250944.pdf,monotone-derived,,1,recurrence
A250945,papers/A250/A250945.pdf,monotone-derived,,1,recurrence
A250946,papers/A250/A250946.pdf,monotone-derived,,1,recurrence
A250987,papers/A250/A250987.pdf,monotone-derived,,2,gf+recurrence
A250988,papers/A250/A250988.pdf,monotone-derived,,1,recurrence
A250989,papers/A250/A250989.pdf,monotone-derived,,1,recurrence
A250990,papers/A250/A250990.pdf,monotone-derived,,1,recurrence
A250994,papers/A250/A250994.pdf,monotone-derived,yes,3,order+recurrence
A250995,papers/A250/A250995.pdf,monotone-derived,,2,gf+recurrence
A250996,papers/A250/A250996.pdf,monotone-derived,,1,recurrence
A250997,papers/A250/A250997.pdf,monotone-derived,,1,recurrence
A250998,papers/A250/A250998.pdf,monotone-derived,,1,recurrence
A250999,papers/A250/A250999.pdf,monotone-derived,,1,recurrence
A251000,papers/A251/A251000.pdf,monotone-derived,,1,recurrence
A251030,papers/A251/A251030.pdf,monotone-derived,,1,recurrence
A251031,papers/A251/A251031.pdf,monotone-derived,,1,recurrence
A251032,papers/A251/A251032.pdf,monotone-derived,,1,order
A251037,papers/A251/A251037.pdf,monotone-derived,yes,2,order
A251038,papers/A251/A251038.pdf,monotone-derived,,1,recurrence
A251039,papers/A251/A251039.pdf,monotone-derived,,1,recurrence
A251040,papers/A251/A251040.pdf,monotone-derived,,1,order
A252025,papers/A252/A252025.pdf,subblock-line-sum,,1,recurrence
A252026,papers/A252/A252026.pdf,subblock-line-sum,,1,recurrence
A252032,papers/A252/A252032.pdf,subblock-line-sum,yes,2,order
A252058,papers/A252/A252058.pdf,subblock-line-sum,,1,recurrence
A252059,papers/A252/A252059.pdf,subblock-line-sum,,1,recurrence
A252065,papers/A252/A252065.pdf,subblock-line-sum,yes,2,order
A252068,papers/A252/A252068.pdf,subblock-line-sum,,1,recurrence
A252069,papers/A252/A252069.pdf,subblock-line-sum,,2,gf+recurrence
A252075,papers/A252/A252075.pdf,subblock-line-sum,yes,2,order
A252081,papers/A252/A252081.pdf,subblock-line-sum,,1,recurrence
A252082,papers/A252/A252082.pdf,subblock-line-sum,,1,recurrence
A252088,papers/A252/A252088.pdf,subblock-line-sum,yes,2,order
A252098,papers/A252/A252098.pdf,subblock-line-sum,,1,recurrence
A252105,papers/A252/A252105.pdf,subblock-line-sum,yes,1,order
A252107,papers/A252/A252107.pdf,subblock-line-sum,,1,recurrence
A252114,papers/A252/A252114.pdf,subblock-line-sum,yes,1,order
A252123,papers/A252/A252123.pdf,subblock-line-sum,,1,recurrence
A252130,papers/A252/A252130.pdf,subblock-line-sum,yes,1,order
A252132,papers/A252/A252132.pdf,subblock-line-sum,,2,gf+recurrence
A252139,papers/A252/A252139.pdf,subblock-line-sum,yes,1,order
A252141,papers/A252/A252141.pdf,subblock-line-sum,,1,order
A252148,papers/A252/A252148.pdf,subblock-line-sum,yes,1,order
A252150,papers/A252/A252150.pdf,subblock-line-sum,,1,recurrence
A252157,papers/A252/A252157.pdf,subblock-line-sum,yes,1,order
A252185,papers/A252/A252185.pdf,subblock-line-sum,,1,recurrence
A252192,papers/A252/A252192.pdf,subblock-line-sum,yes,1,order
A252194,papers/A252/A252194.pdf,subblock-line-sum,,1,recurrence
A252201,papers/A252/A252201.pdf,subblock-line-sum,yes,1,order
A252203,papers/A252/A252203.pdf,subblock-line-sum,,1,recurrence
A252210,papers/A252/A252210.pdf,subblock-line-sum,yes,1,order
A252212,papers/A252/A252212.pdf,subblock-line-sum,,1,recurrence
A252219,papers/A252/A252219.pdf,subblock-line-sum,yes,1,order
A252236,papers/A252/A252236.pdf,subblock-line-sum,,2,gf+recurrence
A252243,papers/A252/A252243.pdf,subblock-line-sum,yes,1,recurrence
A252247,papers/A252/A252247.pdf,subblock-line-sum,,1,recurrence
A252254,papers/A252/A252254.pdf,subblock-line-sum,yes,1,order
A252257,papers/A252/A252257.pdf,subblock-line-sum,,1,recurrence
A252260,papers/A252/A252260.pdf,subblock-line-sum,yes,1,recurrence
A252262,papers/A252/A252262.pdf,subblock-line-sum,,2,gf+recurrence
A252269,papers/A252/A252269.pdf,subblock-line-sum,yes,1,recurrence
A252271,papers/A252/A252271.pdf,subblock-line-sum,,2,gf+recurrence
A252278,papers/A252/A252278.pdf,subblock-line-sum,yes,1,recurrence
A252286,papers/A252/A252286.pdf,subblock-line-sum,,1,order
A252293,papers/A252/A252293.pdf,subblock-line-sum,yes,1,order
A252294,papers/A252/A252294.pdf,subblock-line-sum,,1,recurrence
A252295,papers/A252/A252295.pdf,subblock-line-sum,yes,1,order
A252298,papers/A252/A252298.pdf,subblock-line-sum,,1,recurrence
A252305,papers/A252/A252305.pdf,subblock-line-sum,yes,1,order
A252327,papers/A252/A252327.pdf,subblock-line-sum,,1,recurrence
A252334,papers/A252/A252334.pdf,subblock-line-sum,yes,1,order
A252336,papers/A252/A252336.pdf,subblock-line-sum,,2,gf+recurrence
A252337,papers/A252/A252337.pdf,subblock-line-sum,,2,gf+recurrence
A252343,papers/A252/A252343.pdf,subblock-line-sum,yes,2,order+recurrence
A252345,papers/A252/A252345.pdf,subblock-line-sum,,1,recurrence
A252352,papers/A252/A252352.pdf,subblock-line-sum,yes,1,order
A252362,papers/A252/A252362.pdf,subblock-line-sum,,2,gf+recurrence
A252369,papers/A252/A252369.pdf,subblock-line-sum,yes,1,recurrence
A252377,papers/A252/A252377.pdf,subblock-line-sum,,1,recurrence
A252384,papers/A252/A252384.pdf,subblock-line-sum,yes,2,order+recurrence
A252385,papers/A252/A252385.pdf,subblock-line-sum,,1,recurrence
A252400,papers/A252/A252400.pdf,subblock-line-sum,,1,recurrence
A252407,papers/A252/A252407.pdf,subblock-line-sum,yes,2,order
A252408,papers/A252/A252408.pdf,subblock-line-sum,,1,recurrence
A252416,papers/A252/A252416.pdf,subblock-line-sum,,1,recurrence
A252426,papers/A252/A252426.pdf,subblock-line-sum,,1,recurrence
A252433,papers/A252/A252433.pdf,subblock-line-sum,yes,2,order
A252434,papers/A252/A252434.pdf,subblock-line-sum,,1,recurrence
A252450,papers/A252/A252450.pdf,subblock-line-sum,,1,recurrence
A252457,papers/A252/A252457.pdf,subblock-line-sum,yes,1,order
A252466,papers/A252/A252466.pdf,subblock-line-sum,,1,recurrence
A252473,papers/A252/A252473.pdf,subblock-line-sum,yes,1,order
A252507,papers/A252/A252507.pdf,subblock-line-sum,,1,recurrence
A252514,papers/A252/A252514.pdf,subblock-line-sum,yes,1,order
A252516,papers/A252/A252516.pdf,subblock-line-sum,,2,gf+recurrence
A252523,papers/A252/A252523.pdf,subblock-line-sum,yes,1,recurrence
A252525,papers/A252/A252525.pdf,subblock-line-sum,,1,recurrence
A252532,papers/A252/A252532.pdf,subblock-line-sum,yes,2,recurrence
A252533,papers/A252/A252533.pdf,subblock-line-sum,,1,recurrence
A252543,papers/A252/A252543.pdf,subblock-line-sum,,2,gf+recurrence
A252544,papers/A252/A252544.pdf,subblock-line-sum,yes,2,recurrence
A252545,papers/A252/A252545.pdf,subblock-line-sum,,1,recurrence
A252551,papers/A252/A252551.pdf,subblock-line-sum,,1,recurrence
A252559,papers/A252/A252559.pdf,subblock-line-sum,,1,recurrence
A252567,papers/A252/A252567.pdf,subblock-line-sum,,1,recurrence
A252574,papers/A252/A252574.pdf,subblock-line-sum,yes,2,order
A252575,papers/A252/A252575.pdf,subblock-line-sum,,1,recurrence
A252598,papers/A252/A252598.pdf,subblock-line-sum,,1,recurrence
A252599,papers/A252/A252599.pdf,subblock-line-sum,,1,recurrence
A252605,papers/A252/A252605.pdf,subblock-line-sum,yes,2,order
A252608,papers/A252/A252608.pdf,subblock-line-sum,,1,recurrence
A252615,papers/A252/A252615.pdf,subblock-line-sum,yes,2,order
A252616,papers/A252/A252616.pdf,subblock-line-sum,,1,recurrence
A252633,papers/A252/A252633.pdf,subblock-line-sum,,1,recurrence
A252640,papers/A252/A252640.pdf,subblock-line-sum,yes,2,order
A252641,papers/A252/A252641.pdf,subblock-line-sum,,1,recurrence
A252672,papers/A252/A252672.pdf,subblock-line-sum,,1,recurrence
A252679,papers/A252/A252679.pdf,subblock-line-sum,yes,2,order
A252680,papers/A252/A252680.pdf,subblock-line-sum,,1,recurrence
A252688,papers/A252/A252688.pdf,consecutive-triple,,1,recurrence
A252689,papers/A252/A252689.pdf,consecutive-triple,,2,gf+recurrence
A252690,papers/A252/A252690.pdf,consecutive-triple,,2,gf+recurrence
A252695,papers/A252/A252695.pdf,consecutive-triple,yes,3,order
A252712,papers/A252/A252712.pdf,consecutive-triple,,2,gf+recurrence
A252713,papers/A252/A252713.pdf,consecutive-triple,,2,gf+recurrence
A252714,papers/A252/A252714.pdf,consecutive-triple,,2,gf+recurrence
A252719,papers/A252/A252719.pdf,consecutive-triple,yes,3,order+recurrence
A252720,papers/A252/A252720.pdf,consecutive-triple,,2,gf+recurrence
A252721,papers/A252/A252721.pdf,consecutive-triple,,2,gf+recurrence
A252722,papers/A252/A252722.pdf,consecutive-triple,,2,gf+recurrence
A252804,papers/A252/A252804.pdf,consecutive-triple,,1,recurrence
A252805,papers/A252/A252805.pdf,consecutive-triple,,1,recurrence
A252811,papers/A252/A252811.pdf,consecutive-triple,yes,2,order
A252854,papers/A252/A252854.pdf,consecutive-triple,,2,gf+recurrence
A252855,papers/A252/A252855.pdf,consecutive-triple,,2,gf+recurrence
A252856,papers/A252/A252856.pdf,consecutive-triple,,2,gf+recurrence
A252861,papers/A252/A252861.pdf,consecutive-triple,yes,3,order+recurrence
A252899,papers/A252/A252899.pdf,consecutive-triple,,1,recurrence
A252904,papers/A252/A252904.pdf,consecutive-triple,yes,1,order
A252954,papers/A252/A252954.pdf,consecutive-triple,,1,recurrence
A252955,papers/A252/A252955.pdf,consecutive-triple,,1,recurrence
A252961,papers/A252/A252961.pdf,consecutive-triple,yes,2,order
A252962,papers/A252/A252962.pdf,consecutive-triple,,1,recurrence
A252963,papers/A252/A252963.pdf,consecutive-triple,,2,gf+recurrence
A253018,papers/A253/A253018.pdf,consecutive-triple,,2,gf+recurrence
A253019,papers/A253/A253019.pdf,consecutive-triple,,2,gf+recurrence
A253020,papers/A253/A253020.pdf,consecutive-triple,,2,gf+recurrence
A253025,papers/A253/A253025.pdf,consecutive-triple,yes,3,recurrence
A253029,papers/A253/A253029.pdf,consecutive-triple,,2,gf+recurrence
A253030,papers/A253/A253030.pdf,consecutive-triple,,2,gf+recurrence
A253031,papers/A253/A253031.pdf,consecutive-triple,,1,recurrence
A253037,papers/A253/A253037.pdf,consecutive-triple,,1,recurrence
A253038,papers/A253/A253038.pdf,consecutive-triple,,1,recurrence
A253044,papers/A253/A253044.pdf,consecutive-triple,yes,2,order
A254691,papers/A254/A254691.pdf,word-window,,2,gf+recurrence
A254692,papers/A254/A254692.pdf,word-window,,1,recurrence
A254693,papers/A254/A254693.pdf,word-window,,1,order
A254971,papers/A254/A254971.pdf,subblock-line-sum,,2,gf+recurrence
A254972,papers/A254/A254972.pdf,subblock-line-sum,,1,recurrence
A254973,papers/A254/A254973.pdf,subblock-line-sum,,1,recurrence
A254974,papers/A254/A254974.pdf,subblock-line-sum,,1,recurrence
A254978,papers/A254/A254978.pdf,subblock-line-sum,yes,2,order
A255020,papers/A255/A255020.pdf,subblock-line-sum,,2,gf+recurrence
A255021,papers/A255/A255021.pdf,subblock-line-sum,,2,gf+recurrence
A255022,papers/A255/A255022.pdf,subblock-line-sum,,1,recurrence
A255023,papers/A255/A255023.pdf,subblock-line-sum,,1,recurrence
A255024,papers/A255/A255024.pdf,subblock-line-sum,,1,recurrence
A255027,papers/A255/A255027.pdf,subblock-line-sum,yes,3,order+recurrence
A255084,papers/A255/A255084.pdf,subblock-line-sum,,1,recurrence
A255085,papers/A255/A255085.pdf,subblock-line-sum,,1,recurrence
A255086,papers/A255/A255086.pdf,subblock-line-sum,,1,recurrence
A255087,papers/A255/A255087.pdf,subblock-line-sum,,1,recurrence
A255088,papers/A255/A255088.pdf,subblock-line-sum,,1,recurrence
A255091,papers/A255/A255091.pdf,subblock-line-sum,yes,3,order
A255094,papers/A255/A255094.pdf,subblock-line-sum,,2,gf+recurrence
A255095,papers/A255/A255095.pdf,subblock-line-sum,,1,recurrence
A255096,papers/A255/A255096.pdf,subblock-line-sum,,1,recurrence
A255097,papers/A255/A255097.pdf,subblock-line-sum,,1,recurrence
A255098,papers/A255/A255098.pdf,subblock-line-sum,,1,order
A255102,papers/A255/A255102.pdf,word-window,,2,gf+recurrence
A255103,papers/A255/A255103.pdf,word-window,,2,gf+recurrence
A255104,papers/A255/A255104.pdf,word-window,,2,gf+recurrence
A255105,papers/A255/A255105.pdf,word-window,,1,recurrence
A255106,papers/A255/A255106.pdf,word-window,,1,recurrence
A255142,papers/A255/A255142.pdf,subblock-line-sum,,1,recurrence
A255143,papers/A255/A255143.pdf,subblock-line-sum,,1,recurrence
A255144,papers/A255/A255144.pdf,subblock-line-sum,,1,recurrence
A255145,papers/A255/A255145.pdf,subblock-line-sum,,1,order
A255149,papers/A255/A255149.pdf,subblock-line-sum,yes,3,order
A255152,papers/A255/A255152.pdf,subblock-line-sum,,2,gf+recurrence
A255153,papers/A255/A255153.pdf,subblock-line-sum,,2,gf+recurrence
A255154,papers/A255/A255154.pdf,subblock-line-sum,,1,recurrence
A255155,papers/A255/A255155.pdf,subblock-line-sum,,1,recurrence
A255156,papers/A255/A255156.pdf,subblock-line-sum,,1,recurrence
A255159,papers/A255/A255159.pdf,subblock-line-sum,yes,3,order+recurrence
A255221,papers/A255/A255221.pdf,subblock-line-sum,,2,gf+recurrence
A255222,papers/A255/A255222.pdf,subblock-line-sum,,2,gf+recurrence
A255223,papers/A255/A255223.pdf,subblock-line-sum,,1,recurrence
A255224,papers/A255/A255224.pdf,subblock-line-sum,,1,recurrence
A255225,papers/A255/A255225.pdf,subblock-line-sum,,1,recurrence
A255228,papers/A255/A255228.pdf,subblock-line-sum,yes,1,recurrence
A255618,papers/A255/A255618.pdf,word-window,,2,gf+recurrence
A255619,papers/A255/A255619.pdf,word-window,,1,recurrence
A255620,papers/A255/A255620.pdf,word-window,,1,recurrence
A255621,papers/A255/A255621.pdf,word-window,,1,recurrence
A255656,papers/A255/A255656.pdf,word-window,,1,recurrence
A255657,papers/A255/A255657.pdf,word-window,,1,recurrence
A255658,papers/A255/A255658.pdf,word-window,,1,recurrence
A255659,papers/A255/A255659.pdf,word-window,,1,recurrence
A255776,papers/A255/A255776.pdf,subblock-line-sum,,1,recurrence
A255777,papers/A255/A255777.pdf,subblock-line-sum,,1,recurrence
A255778,papers/A255/A255778.pdf,subblock-line-sum,,1,order
A255783,papers/A255/A255783.pdf,subblock-line-sum,yes,2,order
A255785,papers/A255/A255785.pdf,subblock-line-sum,,2,gf+recurrence
A255786,papers/A255/A255786.pdf,subblock-line-sum,,1,recurrence
A255787,papers/A255/A255787.pdf,subblock-line-sum,,1,recurrence
A255788,papers/A255/A255788.pdf,subblock-line-sum,,1,recurrence
A255792,papers/A255/A255792.pdf,subblock-line-sum,yes,4,order
A255794,papers/A255/A255794.pdf,subblock-line-sum,,1,recurrence
A255795,papers/A255/A255795.pdf,subblock-line-sum,,1,recurrence
A255796,papers/A255/A255796.pdf,subblock-line-sum,,2,gf+recurrence
A255797,papers/A255/A255797.pdf,subblock-line-sum,,2,gf+recurrence
A255798,papers/A255/A255798.pdf,subblock-line-sum,,2,gf+recurrence
A255801,papers/A255/A255801.pdf,subblock-line-sum,yes,5,order+recurrence
A255988,papers/A255/A255988.pdf,word-window,,2,gf+recurrence
A255989,papers/A255/A255989.pdf,word-window,,2,gf+recurrence
A255990,papers/A255/A255990.pdf,word-window,,2,gf+recurrence
A255991,papers/A255/A255991.pdf,word-window,,2,gf+recurrence
A256022,papers/A256/A256022.pdf,subblock-line-sum,,2,gf+recurrence
A256023,papers/A256/A256023.pdf,subblock-line-sum,,1,recurrence
A256024,papers/A256/A256024.pdf,subblock-line-sum,,1,recurrence
A256025,papers/A256/A256025.pdf,subblock-line-sum,,1,recurrence
A256026,papers/A256/A256026.pdf,subblock-line-sum,,1,order
A256029,papers/A256/A256029.pdf,subblock-line-sum,yes,3,order+recurrence
A256741,papers/A256/A256741.pdf,subblock-line-sum,,2,gf+recurrence
A256742,papers/A256/A256742.pdf,subblock-line-sum,,1,recurrence
A256743,papers/A256/A256743.pdf,subblock-line-sum,,1,recurrence
A256744,papers/A256/A256744.pdf,subblock-line-sum,,1,recurrence
A256745,papers/A256/A256745.pdf,subblock-line-sum,,1,recurrence
A256748,papers/A256/A256748.pdf,subblock-line-sum,yes,3,order
A256803,papers/A256/A256803.pdf,subblock-line-sum,,2,gf+recurrence
A256804,papers/A256/A256804.pdf,subblock-line-sum,,1,recurrence
A256805,papers/A256/A256805.pdf,subblock-line-sum,,1,recurrence
A256806,papers/A256/A256806.pdf,subblock-line-sum,,1,recurrence
A256810,papers/A256/A256810.pdf,subblock-line-sum,yes,3,order+recurrence
A256814,papers/A256/A256814.pdf,word-window,,2,gf+recurrence
A256815,papers/A256/A256815.pdf,word-window,,1,recurrence
A257440,papers/A257/A257440.pdf,subblock-line-sum,,2,gf+recurrence
A257442,papers/A257/A257442.pdf,subblock-line-sum,,2,gf+recurrence
A257443,papers/A257/A257443.pdf,subblock-line-sum,,2,gf+recurrence
A257444,papers/A257/A257444.pdf,subblock-line-sum,,2,gf+recurrence
A257447,papers/A257/A257447.pdf,subblock-line-sum,yes,5,recurrence
A258725,papers/A258/A258725.pdf,word-window,,2,gf+recurrence
A258726,papers/A258/A258726.pdf,word-window,,1,recurrence
A258727,papers/A258/A258727.pdf,word-window,,1,recurrence
A258728,papers/A258/A258728.pdf,word-window,,1,recurrence
A258729,papers/A258/A258729.pdf,word-window,,1,recurrence
A259635,papers/A259/A259635.pdf,clockwise-perimeter,,2,gf+recurrence
A259636,papers/A259/A259636.pdf,clockwise-perimeter,,2,gf+recurrence
A259637,papers/A259/A259637.pdf,clockwise-perimeter,,2,gf+recurrence
A259638,papers/A259/A259638.pdf,clockwise-perimeter,,1,recurrence
A259639,papers/A259/A259639.pdf,clockwise-perimeter,,1,recurrence
A259642,papers/A259/A259642.pdf,clockwise-perimeter,yes,4,order+recurrence
A259716,papers/A259/A259716.pdf,clockwise-perimeter,,2,gf+recurrence
A259717,papers/A259/A259717.pdf,clockwise-perimeter,,2,gf+recurrence
A259718,papers/A259/A259718.pdf,clockwise-perimeter,,1,recurrence
A259719,papers/A259/A259719.pdf,clockwise-perimeter,,1,recurrence
A259720,papers/A259/A259720.pdf,clockwise-perimeter,,1,recurrence
A259735,papers/A259/A259735.pdf,clockwise-perimeter,,2,gf+recurrence
A259736,papers/A259/A259736.pdf,clockwise-perimeter,,2,gf+recurrence
A259737,papers/A259/A259737.pdf,clockwise-perimeter,,2,gf+recurrence
A259738,papers/A259/A259738.pdf,clockwise-perimeter,,2,gf+recurrence
A259739,papers/A259/A259739.pdf,clockwise-perimeter,,1,recurrence
A259742,papers/A259/A259742.pdf,clockwise-perimeter,yes,5,order+recurrence
A259765,papers/A259/A259765.pdf,clockwise-perimeter,,2,gf+recurrence
A259766,papers/A259/A259766.pdf,clockwise-perimeter,,2,gf+recurrence
A259767,papers/A259/A259767.pdf,clockwise-perimeter,,1,recurrence
A259768,papers/A259/A259768.pdf,clockwise-perimeter,,1,recurrence
A259769,papers/A259/A259769.pdf,clockwise-perimeter,,1,recurrence
A259770,papers/A259/A259770.pdf,clockwise-perimeter,yes,4,order+recurrence
A259887,papers/A259/A259887.pdf,clockwise-perimeter,,2,gf+recurrence
A259888,papers/A259/A259888.pdf,clockwise-perimeter,,2,gf+recurrence
A259889,papers/A259/A259889.pdf,clockwise-perimeter,,1,recurrence
A259890,papers/A259/A259890.pdf,clockwise-perimeter,,1,recurrence
A259891,papers/A259/A259891.pdf,clockwise-perimeter,,1,recurrence
A259894,papers/A259/A259894.pdf,clockwise-perimeter,yes,3,order+recurrence
A259945,papers/A259/A259945.pdf,clockwise-perimeter,,2,gf+recurrence
A259946,papers/A259/A259946.pdf,clockwise-perimeter,,2,gf+recurrence
A259947,papers/A259/A259947.pdf,clockwise-perimeter,,1,recurrence
A259948,papers/A259/A259948.pdf,clockwise-perimeter,,1,recurrence
A259949,papers/A259/A259949.pdf,clockwise-perimeter,,1,recurrence
A259952,papers/A259/A259952.pdf,clockwise-perimeter,yes,3,order+recurrence
A259955,papers/A259/A259955.pdf,clockwise-perimeter,,2,gf+recurrence
A259956,papers/A259/A259956.pdf,clockwise-perimeter,,2,gf+recurrence
A259957,papers/A259/A259957.pdf,clockwise-perimeter,,1,recurrence
A259958,papers/A259/A259958.pdf,clockwise-perimeter,,1,recurrence
A259959,papers/A259/A259959.pdf,clockwise-perimeter,,1,recurrence
A259962,papers/A259/A259962.pdf,clockwise-perimeter,yes,3,order+recurrence
A259994,papers/A259/A259994.pdf,clockwise-perimeter,,2,gf+recurrence
A259995,papers/A259/A259995.pdf,clockwise-perimeter,,1,recurrence
A259996,papers/A259/A259996.pdf,clockwise-perimeter,,1,recurrence
A259997,papers/A259/A259997.pdf,clockwise-perimeter,,1,recurrence
A259998,papers/A259/A259998.pdf,clockwise-perimeter,,1,recurrence
A260001,papers/A260/A260001.pdf,clockwise-perimeter,yes,3,order+recurrence
A260008,papers/A260/A260008.pdf,clockwise-perimeter,,2,gf+recurrence
A260009,papers/A260/A260009.pdf,clockwise-perimeter,,2,gf+recurrence
A260010,papers/A260/A260010.pdf,clockwise-perimeter,,1,recurrence
A260011,papers/A260/A260011.pdf,clockwise-perimeter,,1,recurrence
A260012,papers/A260/A260012.pdf,clockwise-perimeter,,1,recurrence
A260015,papers/A260/A260015.pdf,clockwise-perimeter,yes,4,order+recurrence
A260063,papers/A260/A260063.pdf,clockwise-perimeter,,2,gf+recurrence
A260064,papers/A260/A260064.pdf,clockwise-perimeter,,2,gf+recurrence
A260065,papers/A260/A260065.pdf,clockwise-perimeter,,1,recurrence
A260066,papers/A260/A260066.pdf,clockwise-perimeter,,1,recurrence
A260067,papers/A260/A260067.pdf,clockwise-perimeter,,1,recurrence
A260070,papers/A260/A260070.pdf,clockwise-perimeter,yes,4,order+recurrence
A260099,papers/A260/A260099.pdf,clockwise-perimeter,,2,gf+recurrence
A260100,papers/A260/A260100.pdf,clockwise-perimeter,,1,recurrence
A260101,papers/A260/A260101.pdf,clockwise-perimeter,,1,recurrence
A260102,papers/A260/A260102.pdf,clockwise-perimeter,,1,recurrence
A260106,papers/A260/A260106.pdf,clockwise-perimeter,yes,4,order
A260131,papers/A260/A260131.pdf,clockwise-perimeter,,2,gf+recurrence
A260132,papers/A260/A260132.pdf,clockwise-perimeter,,2,gf+recurrence
A260133,papers/A260/A260133.pdf,clockwise-perimeter,,1,recurrence
A260134,papers/A260/A260134.pdf,clockwise-perimeter,,1,recurrence
A260135,papers/A260/A260135.pdf,clockwise-perimeter,,1,recurrence
A260138,papers/A260/A260138.pdf,clockwise-perimeter,yes,4,order+recurrence
A260170,papers/A260/A260170.pdf,clockwise-perimeter,,2,gf+recurrence
A260171,papers/A260/A260171.pdf,clockwise-perimeter,,1,recurrence
A260172,papers/A260/A260172.pdf,clockwise-perimeter,,1,recurrence
A260173,papers/A260/A260173.pdf,clockwise-perimeter,,1,recurrence
A260177,papers/A260/A260177.pdf,clockwise-perimeter,yes,4,order
A260200,papers/A260/A260200.pdf,clockwise-perimeter,,2,gf+recurrence
A260201,papers/A260/A260201.pdf,clockwise-perimeter,,2,gf+recurrence
A260202,papers/A260/A260202.pdf,clockwise-perimeter,,2,gf+recurrence
A260203,papers/A260/A260203.pdf,clockwise-perimeter,,1,recurrence
A260204,papers/A260/A260204.pdf,clockwise-perimeter,,1,recurrence
A260207,papers/A260/A260207.pdf,clockwise-perimeter,yes,4,order+recurrence
A260241,papers/A260/A260241.pdf,clockwise-perimeter,,2,gf+recurrence
A260242,papers/A260/A260242.pdf,clockwise-perimeter,,1,recurrence
A260243,papers/A260/A260243.pdf,clockwise-perimeter,,1,recurrence
A260244,papers/A260/A260244.pdf,clockwise-perimeter,,1,recurrence
A260245,papers/A260/A260245.pdf,clockwise-perimeter,,1,order
A260248,papers/A260/A260248.pdf,clockwise-perimeter,yes,4,order+recurrence
A260277,papers/A260/A260277.pdf,clockwise-perimeter,,2,gf+recurrence
A260278,papers/A260/A260278.pdf,clockwise-perimeter,,2,gf+recurrence
A260279,papers/A260/A260279.pdf,clockwise-perimeter,,1,recurrence
A260280,papers/A260/A260280.pdf,clockwise-perimeter,,1,recurrence
A260281,papers/A260/A260281.pdf,clockwise-perimeter,,1,recurrence
A260284,papers/A260/A260284.pdf,clockwise-perimeter,yes,4,order+recurrence
A260287,papers/A260/A260287.pdf,clockwise-perimeter,,2,gf+recurrence
A260288,papers/A260/A260288.pdf,clockwise-perimeter,,2,gf+recurrence
A260289,papers/A260/A260289.pdf,clockwise-perimeter,,1,recurrence
A260290,papers/A260/A260290.pdf,clockwise-perimeter,,1,recurrence
A260291,papers/A260/A260291.pdf,clockwise-perimeter,,1,recurrence
A260294,papers/A260/A260294.pdf,clockwise-perimeter,yes,4,order
A260363,papers/A260/A260363.pdf,clockwise-perimeter,,2,gf+recurrence
A260364,papers/A260/A260364.pdf,clockwise-perimeter,,2,gf+recurrence
A260365,papers/A260/A260365.pdf,clockwise-perimeter,,1,recurrence
A260366,papers/A260/A260366.pdf,clockwise-perimeter,,1,recurrence
A260367,papers/A260/A260367.pdf,clockwise-perimeter,,1,recurrence
A260370,papers/A260/A260370.pdf,clockwise-perimeter,yes,4,order+recurrence
A260468,papers/A260/A260468.pdf,clockwise-perimeter,,2,gf+recurrence
A260469,papers/A260/A260469.pdf,clockwise-perimeter,,1,recurrence
A260470,papers/A260/A260470.pdf,clockwise-perimeter,,1,recurrence
A260471,papers/A260/A260471.pdf,clockwise-perimeter,,1,recurrence
A260472,papers/A260/A260472.pdf,clockwise-perimeter,,1,recurrence
A260475,papers/A260/A260475.pdf,clockwise-perimeter,yes,4,order
A260494,papers/A260/A260494.pdf,clockwise-perimeter,,2,gf+recurrence
A260495,papers/A260/A260495.pdf,clockwise-perimeter,,1,recurrence
A260496,papers/A260/A260496.pdf,clockwise-perimeter,,1,recurrence
A260497,papers/A260/A260497.pdf,clockwise-perimeter,,1,recurrence
A260498,papers/A260/A260498.pdf,clockwise-perimeter,,1,order
A260501,papers/A260/A260501.pdf,clockwise-perimeter,yes,4,order
A260537,papers/A260/A260537.pdf,clockwise-perimeter,,2,gf+recurrence
A260538,papers/A260/A260538.pdf,clockwise-perimeter,,2,gf+recurrence
A260539,papers/A260/A260539.pdf,clockwise-perimeter,,1,recurrence
A260540,papers/A260/A260540.pdf,clockwise-perimeter,,1,recurrence
A260541,papers/A260/A260541.pdf,clockwise-perimeter,,1,recurrence
A260544,papers/A260/A260544.pdf,clockwise-perimeter,yes,4,order
A260602,papers/A260/A260602.pdf,clockwise-perimeter,,2,gf+recurrence
A260603,papers/A260/A260603.pdf,clockwise-perimeter,,1,recurrence
A260604,papers/A260/A260604.pdf,clockwise-perimeter,,1,recurrence
A260605,papers/A260/A260605.pdf,clockwise-perimeter,,1,recurrence
A260606,papers/A260/A260606.pdf,clockwise-perimeter,,1,recurrence
A260609,papers/A260/A260609.pdf,clockwise-perimeter,yes,4,order
A260760,papers/A260/A260760.pdf,clockwise-perimeter,,1,recurrence
A260761,papers/A260/A260761.pdf,clockwise-perimeter,,1,recurrence
A260762,papers/A260/A260762.pdf,clockwise-perimeter,,1,recurrence
A260763,papers/A260/A260763.pdf,clockwise-perimeter,,1,recurrence
A260767,papers/A260/A260767.pdf,clockwise-perimeter,yes,4,order
A260834,papers/A260/A260834.pdf,clockwise-perimeter,,1,recurrence
A260835,papers/A260/A260835.pdf,clockwise-perimeter,,1,recurrence
A260836,papers/A260/A260836.pdf,clockwise-perimeter,,1,recurrence
A260837,papers/A260/A260837.pdf,clockwise-perimeter,,1,recurrence
A260838,papers/A260/A260838.pdf,clockwise-perimeter,,1,recurrence
A260841,papers/A260/A260841.pdf,clockwise-perimeter,yes,4,order
A260920,papers/A260/A260920.pdf,clockwise-perimeter,,2,gf+recurrence
A260921,papers/A260/A260921.pdf,clockwise-perimeter,,2,gf+recurrence
A260922,papers/A260/A260922.pdf,clockwise-perimeter,,1,recurrence
A260923,papers/A260/A260923.pdf,clockwise-perimeter,,1,recurrence
A260924,papers/A260/A260924.pdf,clockwise-perimeter,,1,recurrence
A260927,papers/A260/A260927.pdf,clockwise-perimeter,yes,4,order+recurrence
A260973,papers/A260/A260973.pdf,clockwise-perimeter,,2,gf+recurrence
A260974,papers/A260/A260974.pdf,clockwise-perimeter,,1,recurrence
A260975,papers/A260/A260975.pdf,clockwise-perimeter,,1,recurrence
A260976,papers/A260/A260976.pdf,clockwise-perimeter,,1,recurrence
A260977,papers/A260/A260977.pdf,clockwise-perimeter,,1,recurrence
A260980,papers/A260/A260980.pdf,clockwise-perimeter,yes,4,order
A261106,papers/A261/A261106.pdf,clockwise-perimeter,,2,gf+recurrence
A261107,papers/A261/A261107.pdf,clockwise-perimeter,,2,gf+recurrence
A261108,papers/A261/A261108.pdf,clockwise-perimeter,,2,gf+recurrence
A261109,papers/A261/A261109.pdf,clockwise-perimeter,,1,recurrence
A261110,papers/A261/A261110.pdf,clockwise-perimeter,,1,recurrence
A261113,papers/A261/A261113.pdf,clockwise-perimeter,yes,4,order+recurrence
A261258,papers/A261/A261258.pdf,clockwise-perimeter,,2,gf+recurrence
A261259,papers/A261/A261259.pdf,clockwise-perimeter,,2,gf+recurrence
A261260,papers/A261/A261260.pdf,clockwise-perimeter,,2,gf+recurrence
A261261,papers/A261/A261261.pdf,clockwise-perimeter,,1,recurrence
A261262,papers/A261/A261262.pdf,clockwise-perimeter,,1,recurrence
A261265,papers/A261/A261265.pdf,clockwise-perimeter,yes,4,order+recurrence
A261285,papers/A261/A261285.pdf,clockwise-perimeter,,2,gf+recurrence
A261286,papers/A261/A261286.pdf,clockwise-perimeter,,1,recurrence
A261287,papers/A261/A261287.pdf,clockwise-perimeter,,1,recurrence
A261288,papers/A261/A261288.pdf,clockwise-perimeter,,1,recurrence
A261289,papers/A261/A261289.pdf,clockwise-perimeter,,1,recurrence
A261292,papers/A261/A261292.pdf,clockwise-perimeter,yes,4,order
A261373,papers/A261/A261373.pdf,clockwise-perimeter,,2,gf+recurrence
A261374,papers/A261/A261374.pdf,clockwise-perimeter,,2,gf+recurrence
A261375,papers/A261/A261375.pdf,clockwise-perimeter,,1,recurrence
A261376,papers/A261/A261376.pdf,clockwise-perimeter,,1,recurrence
A261377,papers/A261/A261377.pdf,clockwise-perimeter,,1,recurrence
A261380,papers/A261/A261380.pdf,clockwise-perimeter,yes,4,order+recurrence
A261548,papers/A261/A261548.pdf,clockwise-perimeter,,2,gf+recurrence
A261549,papers/A261/A261549.pdf,clockwise-perimeter,,1,recurrence
A261550,papers/A261/A261550.pdf,clockwise-perimeter,,1,recurrence
A261551,papers/A261/A261551.pdf,clockwise-perimeter,,1,recurrence
A261552,papers/A261/A261552.pdf,clockwise-perimeter,,1,recurrence
A261553,papers/A261/A261553.pdf,clockwise-perimeter,yes,4,order
A261704,papers/A261/A261704.pdf,clockwise-perimeter,,2,gf+recurrence
A261705,papers/A261/A261705.pdf,clockwise-perimeter,,1,recurrence
A261706,papers/A261/A261706.pdf,clockwise-perimeter,,1,recurrence
A261707,papers/A261/A261707.pdf,clockwise-perimeter,,1,recurrence
A261708,papers/A261/A261708.pdf,clockwise-perimeter,,1,recurrence
A261709,papers/A261/A261709.pdf,clockwise-perimeter,yes,4,order+recurrence
A262236,papers/A262/A262236.pdf,row-column-divisibility,,2,gf+recurrence
A262237,papers/A262/A262237.pdf,row-column-divisibility,,1,recurrence
A262240,papers/A262/A262240.pdf,row-column-divisibility,yes,2,order+recurrence
A262267,papers/A262/A262267.pdf,row-column-divisibility,,2,gf+recurrence
A262268,papers/A262/A262268.pdf,row-column-divisibility,,2,gf+recurrence
A262269,papers/A262/A262269.pdf,row-column-divisibility,,1,recurrence
A262274,papers/A262/A262274.pdf,row-column-divisibility,yes,2,order+recurrence
A262314,papers/A262/A262314.pdf,row-column-divisibility,,1,recurrence
A262315,papers/A262/A262315.pdf,row-column-divisibility,,1,recurrence
A262316,papers/A262/A262316.pdf,row-column-divisibility,,1,recurrence
A262319,papers/A262/A262319.pdf,row-column-divisibility,yes,4,order+recurrence
A262326,papers/A262/A262326.pdf,row-column-divisibility,,2,gf+recurrence
A262327,papers/A262/A262327.pdf,row-column-divisibility,,2,gf+recurrence
A262328,papers/A262/A262328.pdf,row-column-divisibility,,2,gf+recurrence
A262329,papers/A262/A262329.pdf,row-column-divisibility,,1,recurrence
A262330,papers/A262/A262330.pdf,row-column-divisibility,,1,recurrence
A262331,papers/A262/A262331.pdf,row-column-divisibility,,1,recurrence
A262332,papers/A262/A262332.pdf,row-column-divisibility,yes,4,order+recurrence
A262333,papers/A262/A262333.pdf,row-column-divisibility,,2,gf+recurrence
A262334,papers/A262/A262334.pdf,row-column-divisibility,,1,recurrence
A262335,papers/A262/A262335.pdf,row-column-divisibility,,1,recurrence
A262338,papers/A262/A262338.pdf,row-column-divisibility,yes,3,order+recurrence
A262414,papers/A262/A262414.pdf,row-column-divisibility,,2,gf+recurrence
A262415,papers/A262/A262415.pdf,row-column-divisibility,,2,gf+recurrence
A262416,papers/A262/A262416.pdf,row-column-divisibility,,2,gf+recurrence
A262417,papers/A262/A262417.pdf,row-column-divisibility,,1,recurrence
A262418,papers/A262/A262418.pdf,row-column-divisibility,,1,recurrence
A262419,papers/A262/A262419.pdf,row-column-divisibility,,1,recurrence
A262420,papers/A262/A262420.pdf,row-column-divisibility,yes,4,order+recurrence
A262421,papers/A262/A262421.pdf,row-column-divisibility,,2,gf+recurrence
A262422,papers/A262/A262422.pdf,row-column-divisibility,,1,recurrence
A262423,papers/A262/A262423.pdf,row-column-divisibility,,1,recurrence
A262424,papers/A262/A262424.pdf,row-column-divisibility,,1,recurrence
A262425,papers/A262/A262425.pdf,row-column-divisibility,,1,recurrence
A262426,papers/A262/A262426.pdf,row-column-divisibility,,1,recurrence
A262450,papers/A262/A262450.pdf,row-column-divisibility,,2,gf+recurrence
A262451,papers/A262/A262451.pdf,row-column-divisibility,,1,recurrence
A262457,papers/A262/A262457.pdf,row-column-divisibility,yes,2,order+recurrence
A262466,papers/A262/A262466.pdf,row-column-divisibility,,2,gf+recurrence
A262467,papers/A262/A262467.pdf,row-column-divisibility,,1,recurrence
A262472,papers/A262/A262472.pdf,row-column-divisibility,yes,3,order+recurrence
A262473,papers/A262/A262473.pdf,row-column-divisibility,,2,gf+recurrence
A262474,papers/A262/A262474.pdf,row-column-divisibility,,1,recurrence
A262475,papers/A262/A262475.pdf,row-column-divisibility,,1,recurrence
A262482,papers/A262/A262482.pdf,row-column-divisibility,,1,recurrence
A262483,papers/A262/A262483.pdf,row-column-divisibility,,1,recurrence
A262488,papers/A262/A262488.pdf,row-column-divisibility,yes,2,order+recurrence
A262753,papers/A262/A262753.pdf,row-column-divisibility,,2,gf+recurrence
A262759,papers/A262/A262759.pdf,row-column-divisibility,yes,2,recurrence
A262760,papers/A262/A262760.pdf,row-column-divisibility,,1,recurrence
A262761,papers/A262/A262761.pdf,row-column-divisibility,,1,recurrence
A262789,papers/A262/A262789.pdf,row-column-divisibility,,2,gf+recurrence
A262790,papers/A262/A262790.pdf,row-column-divisibility,,1,recurrence
A262795,papers/A262/A262795.pdf,row-column-divisibility,yes,2,order+recurrence
A262796,papers/A262/A262796.pdf,row-column-divisibility,,1,recurrence
A262797,papers/A262/A262797.pdf,row-column-divisibility,,1,recurrence
A262817,papers/A262/A262817.pdf,row-column-divisibility,,1,recurrence
A262819,papers/A262/A262819.pdf,row-column-divisibility,yes,1,order
A262844,papers/A262/A262844.pdf,row-column-divisibility,,1,recurrence
A262845,papers/A262/A262845.pdf,row-column-divisibility,,1,recurrence
A262846,papers/A262/A262846.pdf,row-column-divisibility,,1,recurrence
A262849,papers/A262/A262849.pdf,row-column-divisibility,yes,3,order+recurrence
A262850,papers/A262/A262850.pdf,row-column-divisibility,,1,recurrence
A262912,papers/A262/A262912.pdf,row-column-divisibility,,1,recurrence
A262917,papers/A262/A262917.pdf,row-column-divisibility,yes,3,order+recurrence
A262918,papers/A262/A262918.pdf,row-column-divisibility,,2,gf+recurrence
A262919,papers/A262/A262919.pdf,row-column-divisibility,,1,recurrence
A263033,papers/A263/A263033.pdf,row-column-divisibility,,1,recurrence
A263034,papers/A263/A263034.pdf,row-column-divisibility,,1,recurrence
A263040,papers/A263/A263040.pdf,row-column-divisibility,yes,2,order
A263054,papers/A263/A263054.pdf,row-column-divisibility,,2,gf+recurrence
A263055,papers/A263/A263055.pdf,row-column-divisibility,,1,recurrence
A263056,papers/A263/A263056.pdf,row-column-divisibility,,1,recurrence
A263057,papers/A263/A263057.pdf,row-column-divisibility,,1,recurrence
A263058,papers/A263/A263058.pdf,row-column-divisibility,,1,recurrence
A263059,papers/A263/A263059.pdf,row-column-divisibility,,1,recurrence
A263060,papers/A263/A263060.pdf,row-column-divisibility,yes,3,order+recurrence
A263113,papers/A263/A263113.pdf,row-column-divisibility,,1,recurrence
A263117,papers/A263/A263117.pdf,row-column-divisibility,yes,1,order
A263119,papers/A263/A263119.pdf,row-column-divisibility,,1,gf
A263120,papers/A263/A263120.pdf,row-column-divisibility,,1,recurrence
A263124,papers/A263/A263124.pdf,row-column-divisibility,yes,2,order+recurrence
A263218,papers/A263/A263218.pdf,row-column-divisibility,,1,recurrence
A263219,papers/A263/A263219.pdf,row-column-divisibility,,1,recurrence
A263224,papers/A263/A263224.pdf,row-column-divisibility,yes,3,order+recurrence
A263285,papers/A263/A263285.pdf,row-column-divisibility,,1,recurrence
A263288,papers/A263/A263288.pdf,row-column-divisibility,yes,2,order+recurrence
A263300,papers/A263/A263300.pdf,row-column-divisibility,,1,recurrence
A263303,papers/A263/A263303.pdf,row-column-divisibility,yes,2,order+recurrence
A263330,papers/A263/A263330.pdf,row-column-divisibility,,1,recurrence
A263333,papers/A263/A263333.pdf,row-column-divisibility,yes,1,order
A263334,papers/A263/A263334.pdf,row-column-divisibility,,2,gf+recurrence
A263337,papers/A263/A263337.pdf,row-column-divisibility,yes,1,recurrence
A263366,papers/A263/A263366.pdf,row-column-divisibility,,2,gf+recurrence
A263367,papers/A263/A263367.pdf,row-column-divisibility,,1,recurrence
A263373,papers/A263/A263373.pdf,row-column-divisibility,yes,2,recurrence
A263375,papers/A263/A263375.pdf,row-column-divisibility,,2,gf+recurrence
A263376,papers/A263/A263376.pdf,row-column-divisibility,,1,order
A263382,papers/A263/A263382.pdf,row-column-divisibility,yes,2,order+recurrence
A263434,papers/A263/A263434.pdf,row-column-divisibility,,2,gf+recurrence
A263439,papers/A263/A263439.pdf,row-column-divisibility,yes,1,recurrence
A263459,papers/A263/A263459.pdf,row-column-divisibility,,2,gf+recurrence
A263464,papers/A263/A263464.pdf,row-column-divisibility,yes,1,recurrence
A263551,papers/A263/A263551.pdf,row-column-divisibility,,2,gf+recurrence
A263552,papers/A263/A263552.pdf,row-column-divisibility,,1,order
A263558,papers/A263/A263558.pdf,row-column-divisibility,yes,2,order+recurrence
A263667,papers/A263/A263667.pdf,row-column-divisibility,,1,recurrence
A263672,papers/A263/A263672.pdf,row-column-divisibility,yes,1,recurrence
A263812,papers/A263/A263812.pdf,index-change,,2,gf+recurrence
A263813,papers/A263/A263813.pdf,index-change,,1,recurrence
A263814,papers/A263/A263814.pdf,index-change,,1,order
A263817,papers/A263/A263817.pdf,index-change,,1,recurrence
A263960,papers/A263/A263960.pdf,index-change,,2,gf+recurrence
A263961,papers/A263/A263961.pdf,index-change,,1,recurrence
A263965,papers/A263/A263965.pdf,index-change,,1,recurrence
A263966,papers/A263/A263966.pdf,index-change,,1,recurrence
A263969,papers/A263/A263969.pdf,index-change,,1,recurrence
A263970,papers/A263/A263970.pdf,index-change,,1,recurrence
A263971,papers/A263/A263971.pdf,index-change,,1,order
A263999,papers/A263/A263999.pdf,index-change,,2,gf+recurrence
A264000,papers/A264/A264000.pdf,index-change,,2,gf+recurrence
A264001,papers/A264/A264001.pdf,index-change,,1,recurrence
A264004,papers/A264/A264004.pdf,index-change,,2,gf+recurrence
A264005,papers/A264/A264005.pdf,index-change,,1,recurrence
A264014,papers/A264/A264014.pdf,index-change,,2,gf+recurrence
A264018,papers/A264/A264018.pdf,index-change,,2,gf+recurrence
A264019,papers/A264/A264019.pdf,index-change,,2,gf+recurrence
A264020,papers/A264/A264020.pdf,index-change,,1,recurrence
A264054,papers/A264/A264054.pdf,index-change,,2,gf+recurrence
A264055,papers/A264/A264055.pdf,index-change,,1,recurrence
A264056,papers/A264/A264056.pdf,index-change,,1,recurrence
A264060,papers/A264/A264060.pdf,index-change,,1,recurrence
A264061,papers/A264/A264061.pdf,index-change,,1,recurrence
A264067,papers/A264/A264067.pdf,index-change,,2,gf+recurrence
A264068,papers/A264/A264068.pdf,index-change,,2,gf+recurrence
A264069,papers/A264/A264069.pdf,index-change,,1,recurrence
A264070,papers/A264/A264070.pdf,index-change,,1,recurrence
A264072,papers/A264/A264072.pdf,index-change,,2,gf+recurrence
A264073,papers/A264/A264073.pdf,index-change,,1,recurrence
A264085,papers/A264/A264085.pdf,index-change,,2,gf+recurrence
A264086,papers/A264/A264086.pdf,index-change,,2,gf+recurrence
A264087,papers/A264/A264087.pdf,index-change,,1,recurrence
A264091,papers/A264/A264091.pdf,index-change,,2,gf+recurrence
A264092,papers/A264/A264092.pdf,index-change,,1,recurrence
A264093,papers/A264/A264093.pdf,index-change,,1,order
A264106,papers/A264/A264106.pdf,index-change,,2,gf+recurrence
A264107,papers/A264/A264107.pdf,index-change,,2,gf+recurrence
A264108,papers/A264/A264108.pdf,index-change,,1,recurrence
A264109,papers/A264/A264109.pdf,index-change,,1,recurrence
A264111,papers/A264/A264111.pdf,index-change,,1,recurrence
A264122,papers/A264/A264122.pdf,index-change,,2,gf+recurrence
A264123,papers/A264/A264123.pdf,index-change,,2,gf+recurrence
A264124,papers/A264/A264124.pdf,index-change,,1,recurrence
A264125,papers/A264/A264125.pdf,index-change,,1,recurrence
A264129,papers/A264/A264129.pdf,index-change,,2,gf+recurrence
A264130,papers/A264/A264130.pdf,index-change,,2,gf+recurrence
A264132,papers/A264/A264132.pdf,index-change,,1,recurrence
A264138,papers/A264/A264138.pdf,index-change,,1,recurrence
A264139,papers/A264/A264139.pdf,index-change,,1,recurrence
A264143,papers/A264/A264143.pdf,index-change,,1,order
A264158,papers/A264/A264158.pdf,index-change,,2,gf+recurrence
A264159,papers/A264/A264159.pdf,index-change,,1,order
A264166,papers/A264/A264166.pdf,index-change,,2,gf+recurrence
A264167,papers/A264/A264167.pdf,index-change,,2,gf+recurrence
A264168,papers/A264/A264168.pdf,index-change,,1,recurrence
A264184,papers/A264/A264184.pdf,index-change,,1,recurrence
A264185,papers/A264/A264185.pdf,index-change,,2,gf+recurrence
A264186,papers/A264/A264186.pdf,index-change,,1,recurrence
A264191,papers/A264/A264191.pdf,index-change,,1,recurrence
A264192,papers/A264/A264192.pdf,index-change,,1,recurrence
A264193,papers/A264/A264193.pdf,index-change,,1,recurrence
A264196,papers/A264/A264196.pdf,index-change,,1,recurrence
A264197,papers/A264/A264197.pdf,index-change,,1,recurrence
A264202,papers/A264/A264202.pdf,index-change,,2,gf+recurrence
A264203,papers/A264/A264203.pdf,index-change,,2,gf+recurrence
A264204,papers/A264/A264204.pdf,index-change,,1,recurrence
A264205,papers/A264/A264205.pdf,index-change,,1,order
A264208,papers/A264/A264208.pdf,index-change,,1,order
A264211,papers/A264/A264211.pdf,index-change,,2,gf+recurrence
A264212,papers/A264/A264212.pdf,index-change,,1,recurrence
A264218,papers/A264/A264218.pdf,index-change,,2,gf+recurrence
A264219,papers/A264/A264219.pdf,index-change,,1,recurrence
A264238,papers/A264/A264238.pdf,index-change,,2,gf+recurrence
A264239,papers/A264/A264239.pdf,index-change,,2,gf+recurrence
A264240,papers/A264/A264240.pdf,index-change,,1,recurrence
A264241,papers/A264/A264241.pdf,index-change,,1,recurrence
A264245,papers/A264/A264245.pdf,index-change,,2,gf+recurrence
A264246,papers/A264/A264246.pdf,index-change,,2,gf+recurrence
A264251,papers/A264/A264251.pdf,index-change,,2,gf+recurrence
A264252,papers/A264/A264252.pdf,index-change,,1,recurrence
A264258,papers/A264/A264258.pdf,index-change,,1,recurrence
A264266,papers/A264/A264266.pdf,index-change,,2,gf+recurrence
A264267,papers/A264/A264267.pdf,index-change,,1,recurrence
A264268,papers/A264/A264268.pdf,index-change,,1,order
A264273,papers/A264/A264273.pdf,index-change,,2,gf+recurrence
A264274,papers/A264/A264274.pdf,index-change,,1,recurrence
A264275,papers/A264/A264275.pdf,index-change,,1,recurrence
A264280,papers/A264/A264280.pdf,index-change,,2,gf+recurrence
A264281,papers/A264/A264281.pdf,index-change,,2,gf+recurrence
A264282,papers/A264/A264282.pdf,index-change,,1,recurrence
A264283,papers/A264/A264283.pdf,index-change,,1,recurrence
A264284,papers/A264/A264284.pdf,index-change,,1,recurrence
A264286,papers/A264/A264286.pdf,index-change,,2,gf+recurrence
A264287,papers/A264/A264287.pdf,index-change,,1,recurrence
A264294,papers/A264/A264294.pdf,index-change,,2,gf+recurrence
A264295,papers/A264/A264295.pdf,index-change,,1,recurrence
A264300,papers/A264/A264300.pdf,index-change,,2,gf+recurrence
A264301,papers/A264/A264301.pdf,index-change,,1,recurrence
A264307,papers/A264/A264307.pdf,index-change,,2,gf+recurrence
A264308,papers/A264/A264308.pdf,index-change,,1,recurrence
A264309,papers/A264/A264309.pdf,index-change,,1,recurrence
A264310,papers/A264/A264310.pdf,index-change,,1,recurrence
A264314,papers/A264/A264314.pdf,index-change,,1,recurrence
A264315,papers/A264/A264315.pdf,index-change,,1,recurrence
A264331,papers/A264/A264331.pdf,index-change,,1,recurrence
A264332,papers/A264/A264332.pdf,index-change,,2,gf+recurrence
A264333,papers/A264/A264333.pdf,index-change,,1,order
A264334,papers/A264/A264334.pdf,index-change,,1,recurrence
A264337,papers/A264/A264337.pdf,index-change,,2,gf+recurrence
A264338,papers/A264/A264338.pdf,index-change,,2,gf+recurrence
A264339,papers/A264/A264339.pdf,index-change,,1,recurrence
A264340,papers/A264/A264340.pdf,index-change,,1,recurrence
A264342,papers/A264/A264342.pdf,index-change,,1,recurrence
A264343,papers/A264/A264343.pdf,index-change,,1,recurrence
A264359,papers/A264/A264359.pdf,index-change,,2,gf+recurrence
A264360,papers/A264/A264360.pdf,index-change,,2,gf+recurrence
A264361,papers/A264/A264361.pdf,index-change,,2,gf+recurrence
A264362,papers/A264/A264362.pdf,index-change,,1,recurrence
A264365,papers/A264/A264365.pdf,index-change,,2,gf+recurrence
A264366,papers/A264/A264366.pdf,index-change,,2,gf+recurrence
A264373,papers/A264/A264373.pdf,index-change,,1,recurrence
A264374,papers/A264/A264374.pdf,index-change,,1,recurrence
A264380,papers/A264/A264380.pdf,index-change,,2,gf+recurrence
A264381,papers/A264/A264381.pdf,index-change,,1,order
A264417,papers/A264/A264417.pdf,index-change,,1,recurrence
A264418,papers/A264/A264418.pdf,index-change,,1,order
A264423,papers/A264/A264423.pdf,index-change,,2,gf+recurrence
A264424,papers/A264/A264424.pdf,index-change,,1,recurrence
A264425,papers/A264/A264425.pdf,index-change,,1,recurrence
A264471,papers/A264/A264471.pdf,index-change,,1,recurrence
A264472,papers/A264/A264472.pdf,index-change,,2,gf+recurrence
A264473,papers/A264/A264473.pdf,index-change,,1,order
A264474,papers/A264/A264474.pdf,index-change,,1,recurrence
A264477,papers/A264/A264477.pdf,index-change,,1,recurrence
A264478,papers/A264/A264478.pdf,index-change,,2,gf+recurrence
A264479,papers/A264/A264479.pdf,index-change,,1,order
A264484,papers/A264/A264484.pdf,index-change,,2,gf+recurrence
A264485,papers/A264/A264485.pdf,index-change,,1,recurrence
A264491,papers/A264/A264491.pdf,index-change,,2,gf+recurrence
A264492,papers/A264/A264492.pdf,index-change,,2,gf+recurrence
A264501,papers/A264/A264501.pdf,index-change,,1,recurrence
A264502,papers/A264/A264502.pdf,index-change,,2,gf+recurrence
A264503,papers/A264/A264503.pdf,index-change,,1,order
A264504,papers/A264/A264504.pdf,index-change,,1,recurrence
A264507,papers/A264/A264507.pdf,index-change,,2,gf+recurrence
A264508,papers/A264/A264508.pdf,index-change,,1,recurrence
A264509,papers/A264/A264509.pdf,index-change,,1,order
A264515,papers/A264/A264515.pdf,index-change,,1,recurrence
A264516,papers/A264/A264516.pdf,index-change,,1,order
A264517,papers/A264/A264517.pdf,index-change,,1,order
A264528,papers/A264/A264528.pdf,index-change,,1,recurrence
A264529,papers/A264/A264529.pdf,index-change,,1,recurrence
A264535,papers/A264/A264535.pdf,index-change,,2,gf+recurrence
A264536,papers/A264/A264536.pdf,index-change,,2,gf+recurrence
A264537,papers/A264/A264537.pdf,index-change,,2,gf+recurrence
A264544,papers/A264/A264544.pdf,index-change,,2,gf+recurrence
A264545,papers/A264/A264545.pdf,index-change,,1,recurrence
A264546,papers/A264/A264546.pdf,index-change,,2,gf+recurrence
A264547,papers/A264/A264547.pdf,index-change,,1,order
A264551,papers/A264/A264551.pdf,index-change,,2,gf+recurrence
A264552,papers/A264/A264552.pdf,index-change,,1,recurrence
A267226,papers/A267/A267226.pdf,repeated-value,,2,gf+recurrence
A267227,papers/A267/A267227.pdf,repeated-value,,2,gf+recurrence
A267228,papers/A267/A267228.pdf,repeated-value,,2,gf+recurrence
A267229,papers/A267/A267229.pdf,repeated-value,,2,gf+recurrence
A267230,papers/A267/A267230.pdf,repeated-value,,2,gf+recurrence
A267231,papers/A267/A267231.pdf,repeated-value,,2,gf+recurrence
A267465,papers/A267/A267465.pdf,repeated-value,,2,gf+recurrence
A267466,papers/A267/A267466.pdf,repeated-value,,2,gf+recurrence
A267467,papers/A267/A267467.pdf,repeated-value,,2,gf+recurrence
A267468,papers/A267/A267468.pdf,repeated-value,,2,gf+recurrence
A267469,papers/A267/A267469.pdf,repeated-value,,2,gf+recurrence
A267470,papers/A267/A267470.pdf,repeated-value,,2,gf+recurrence
A268255,papers/A268/A268255.pdf,repeated-value,,2,gf+recurrence
A268256,papers/A268/A268256.pdf,repeated-value,,2,gf+recurrence
A268257,papers/A268/A268257.pdf,repeated-value,,2,gf+recurrence
A268258,papers/A268/A268258.pdf,repeated-value,,1,recurrence
A268259,papers/A268/A268259.pdf,repeated-value,,1,recurrence
A268260,papers/A268/A268260.pdf,repeated-value,,1,recurrence
A268321,papers/A268/A268321.pdf,repeated-value,,2,gf+recurrence
A268322,papers/A268/A268322.pdf,repeated-value,,1,recurrence
A268323,papers/A268/A268323.pdf,repeated-value,,1,recurrence
A268324,papers/A268/A268324.pdf,repeated-value,,1,recurrence
A268325,papers/A268/A268325.pdf,repeated-value,,1,recurrence
A268326,papers/A268/A268326.pdf,repeated-value,,1,order
A268451,papers/A268/A268451.pdf,repeated-value,,2,gf+recurrence
A268452,papers/A268/A268452.pdf,repeated-value,,1,recurrence
A268453,papers/A268/A268453.pdf,repeated-value,,1,recurrence
A268454,papers/A268/A268454.pdf,repeated-value,,1,order
A268622,papers/A268/A268622.pdf,adjacent-pair-total,,2,gf+recurrence
A268623,papers/A268/A268623.pdf,adjacent-pair-total,,2,gf+recurrence
A268624,papers/A268/A268624.pdf,adjacent-pair-total,,1,recurrence
A268626,papers/A268/A268626.pdf,adjacent-pair-total,,1,recurrence
A268628,papers/A268/A268628.pdf,adjacent-pair-total,yes,4,order+recurrence
A268633,papers/A268/A268633.pdf,adjacent-pair-total,,2,gf+recurrence
A268634,papers/A268/A268634.pdf,adjacent-pair-total,,2,gf+recurrence
A268636,papers/A268/A268636.pdf,adjacent-pair-total,,1,recurrence
A268637,papers/A268/A268637.pdf,adjacent-pair-total,,1,recurrence
A268639,papers/A268/A268639.pdf,adjacent-pair-total,yes,4,order+recurrence
A268744,papers/A268/A268744.pdf,adjacent-pair-total,,2,gf+recurrence
A268745,papers/A268/A268745.pdf,adjacent-pair-total,,2,gf+recurrence
A268746,papers/A268/A268746.pdf,adjacent-pair-total,,1,recurrence
A268747,papers/A268/A268747.pdf,adjacent-pair-total,,1,recurrence
A268748,papers/A268/A268748.pdf,adjacent-pair-total,,1,recurrence
A268749,papers/A268/A268749.pdf,adjacent-pair-total,,1,recurrence
A268750,papers/A268/A268750.pdf,adjacent-pair-total,yes,4,order+recurrence
A268761,papers/A268/A268761.pdf,adjacent-pair-total,,2,gf+recurrence
A268762,papers/A268/A268762.pdf,adjacent-pair-total,,2,gf+recurrence
A268763,papers/A268/A268763.pdf,adjacent-pair-total,,1,recurrence
A268764,papers/A268/A268764.pdf,adjacent-pair-total,,1,recurrence
A268765,papers/A268/A268765.pdf,adjacent-pair-total,,1,recurrence
A268766,papers/A268/A268766.pdf,adjacent-pair-total,yes,5,order+recurrence
A268768,papers/A268/A268768.pdf,adjacent-pair-total,,2,gf+recurrence
A268769,papers/A268/A268769.pdf,adjacent-pair-total,,2,gf+recurrence
A268770,papers/A268/A268770.pdf,adjacent-pair-total,,2,gf+recurrence
A268771,papers/A268/A268771.pdf,adjacent-pair-total,,1,recurrence
A268772,papers/A268/A268772.pdf,adjacent-pair-total,,1,recurrence
A268774,papers/A268/A268774.pdf,adjacent-pair-total,yes,4,order+recurrence
A268775,papers/A268/A268775.pdf,adjacent-pair-total,,2,gf+recurrence
A268776,papers/A268/A268776.pdf,adjacent-pair-total,,2,gf+recurrence
A268777,papers/A268/A268777.pdf,adjacent-pair-total,,2,gf+recurrence
A268778,papers/A268/A268778.pdf,adjacent-pair-total,,1,recurrence
A268779,papers/A268/A268779.pdf,adjacent-pair-total,,1,recurrence
A268780,papers/A268/A268780.pdf,adjacent-pair-total,,1,recurrence
A268781,papers/A268/A268781.pdf,adjacent-pair-total,yes,4,order+recurrence
A268783,papers/A268/A268783.pdf,adjacent-pair-total,,2,gf+recurrence
A268784,papers/A268/A268784.pdf,adjacent-pair-total,,2,gf+recurrence
A268785,papers/A268/A268785.pdf,adjacent-pair-total,,1,recurrence
A268786,papers/A268/A268786.pdf,adjacent-pair-total,,1,recurrence
A268787,papers/A268/A268787.pdf,adjacent-pair-total,,1,recurrence
A268788,papers/A268/A268788.pdf,adjacent-pair-total,,1,order
A268789,papers/A268/A268789.pdf,adjacent-pair-total,yes,5,order+recurrence
A268792,papers/A268/A268792.pdf,adjacent-pair-total,,2,gf+recurrence
A268793,papers/A268/A268793.pdf,adjacent-pair-total,,1,recurrence
A268794,papers/A268/A268794.pdf,adjacent-pair-total,,1,recurrence
A268795,papers/A268/A268795.pdf,adjacent-pair-total,,1,recurrence
A268796,papers/A268/A268796.pdf,adjacent-pair-total,,1,recurrence
A268798,papers/A268/A268798.pdf,adjacent-pair-total,yes,4,order+recurrence
A268803,papers/A268/A268803.pdf,adjacent-pair-total,,2,gf+recurrence
A268804,papers/A268/A268804.pdf,adjacent-pair-total,,1,recurrence
A268805,papers/A268/A268805.pdf,adjacent-pair-total,,1,recurrence
A268806,papers/A268/A268806.pdf,adjacent-pair-total,,1,recurrence
A268807,papers/A268/A268807.pdf,adjacent-pair-total,,1,recurrence
A268809,papers/A268/A268809.pdf,adjacent-pair-total,yes,4,order+recurrence
A268881,papers/A268/A268881.pdf,adjacent-pair-total,,2,gf+recurrence
A268882,papers/A268/A268882.pdf,adjacent-pair-total,,2,gf+recurrence
A268883,papers/A268/A268883.pdf,adjacent-pair-total,,1,recurrence
A268884,papers/A268/A268884.pdf,adjacent-pair-total,,1,recurrence
A268885,papers/A268/A268885.pdf,adjacent-pair-total,,1,recurrence
A268886,papers/A268/A268886.pdf,adjacent-pair-total,yes,4,recurrence
A268887,papers/A268/A268887.pdf,adjacent-pair-total,,2,gf+recurrence
A268888,papers/A268/A268888.pdf,adjacent-pair-total,,2,gf+recurrence
A268889,papers/A268/A268889.pdf,adjacent-pair-total,,1,recurrence
A268890,papers/A268/A268890.pdf,adjacent-pair-total,,1,recurrence
A268891,papers/A268/A268891.pdf,adjacent-pair-total,,1,recurrence
A268892,papers/A268/A268892.pdf,adjacent-pair-total,,1,order
A268898,papers/A268/A268898.pdf,adjacent-pair-total,,2,gf+recurrence
A268899,papers/A268/A268899.pdf,adjacent-pair-total,,2,gf+recurrence
A268900,papers/A268/A268900.pdf,adjacent-pair-total,,2,gf+recurrence
A268901,papers/A268/A268901.pdf,adjacent-pair-total,,2,gf+recurrence
A268902,papers/A268/A268902.pdf,adjacent-pair-total,,2,gf+recurrence
A268904,papers/A268/A268904.pdf,adjacent-pair-total,yes,4,recurrence
A268905,papers/A268/A268905.pdf,adjacent-pair-total,,2,gf+recurrence
A268906,papers/A268/A268906.pdf,adjacent-pair-total,,2,gf+recurrence
A268907,papers/A268/A268907.pdf,adjacent-pair-total,,1,recurrence
A268908,papers/A268/A268908.pdf,adjacent-pair-total,,1,recurrence
A268909,papers/A268/A268909.pdf,adjacent-pair-total,,1,recurrence
A268938,papers/A268/A268938.pdf,repeated-value,,2,gf+recurrence
A268939,papers/A268/A268939.pdf,repeated-value,,2,gf+recurrence
A268940,papers/A268/A268940.pdf,repeated-value,,2,gf+recurrence
A268941,papers/A268/A268941.pdf,repeated-value,,2,gf+recurrence
A268942,papers/A268/A268942.pdf,repeated-value,,2,gf+recurrence
A268943,papers/A268/A268943.pdf,repeated-value,,2,gf+recurrence
A268965,papers/A268/A268965.pdf,adjacent-pair-total,,2,gf+recurrence
A268966,papers/A268/A268966.pdf,adjacent-pair-total,,2,gf+recurrence
A268967,papers/A268/A268967.pdf,adjacent-pair-total,,2,gf+recurrence
A268968,papers/A268/A268968.pdf,adjacent-pair-total,,2,gf+recurrence
A268969,papers/A268/A268969.pdf,adjacent-pair-total,,2,gf+recurrence
A268970,papers/A268/A268970.pdf,adjacent-pair-total,,1,recurrence
A268971,papers/A268/A268971.pdf,adjacent-pair-total,yes,3,recurrence
A268972,papers/A268/A268972.pdf,adjacent-pair-total,,2,gf+recurrence
A268973,papers/A268/A268973.pdf,adjacent-pair-total,,2,gf+recurrence
A268974,papers/A268/A268974.pdf,adjacent-pair-total,,1,recurrence
A268975,papers/A268/A268975.pdf,adjacent-pair-total,,1,recurrence
A268976,papers/A268/A268976.pdf,adjacent-pair-total,,1,recurrence
A268989,papers/A268/A268989.pdf,adjacent-pair-total,,2,gf+recurrence
A268990,papers/A268/A268990.pdf,adjacent-pair-total,,2,gf+recurrence
A268991,papers/A268/A268991.pdf,adjacent-pair-total,,2,gf+recurrence
A268992,papers/A268/A268992.pdf,adjacent-pair-total,,1,recurrence
A268993,papers/A268/A268993.pdf,adjacent-pair-total,,1,recurrence
A268994,papers/A268/A268994.pdf,adjacent-pair-total,,1,recurrence
A268995,papers/A268/A268995.pdf,adjacent-pair-total,yes,4,recurrence
A268996,papers/A268/A268996.pdf,adjacent-pair-total,,2,gf+recurrence
A268997,papers/A268/A268997.pdf,adjacent-pair-total,,2,gf+recurrence
A268998,papers/A268/A268998.pdf,adjacent-pair-total,,1,recurrence
A268999,papers/A268/A268999.pdf,adjacent-pair-total,,1,recurrence
A269000,papers/A269/A269000.pdf,adjacent-pair-total,,1,recurrence
A269001,papers/A269/A269001.pdf,adjacent-pair-total,,1,order
A269006,papers/A269/A269006.pdf,adjacent-pair-total,,2,gf+recurrence
A269007,papers/A269/A269007.pdf,adjacent-pair-total,,2,gf+recurrence
A269008,papers/A269/A269008.pdf,adjacent-pair-total,,1,recurrence
A269009,papers/A269/A269009.pdf,adjacent-pair-total,,1,recurrence
A269010,papers/A269/A269010.pdf,adjacent-pair-total,,1,recurrence
A269011,papers/A269/A269011.pdf,adjacent-pair-total,yes,5,order+recurrence
A269012,papers/A269/A269012.pdf,adjacent-pair-total,,2,gf+recurrence
A269013,papers/A269/A269013.pdf,adjacent-pair-total,,2,gf+recurrence
A269014,papers/A269/A269014.pdf,adjacent-pair-total,,2,gf+recurrence
A269015,papers/A269/A269015.pdf,adjacent-pair-total,,1,recurrence
A269016,papers/A269/A269016.pdf,adjacent-pair-total,,1,recurrence
A269017,papers/A269/A269017.pdf,adjacent-pair-total,,1,recurrence
A269030,papers/A269/A269030.pdf,adjacent-pair-total,,2,gf+recurrence
A269031,papers/A269/A269031.pdf,adjacent-pair-total,,2,gf+recurrence
A269032,papers/A269/A269032.pdf,adjacent-pair-total,,1,recurrence
A269033,papers/A269/A269033.pdf,adjacent-pair-total,,1,recurrence
A269035,papers/A269/A269035.pdf,adjacent-pair-total,yes,4,recurrence
A269036,papers/A269/A269036.pdf,adjacent-pair-total,,2,gf+recurrence
A269037,papers/A269/A269037.pdf,adjacent-pair-total,,2,gf+recurrence
A269038,papers/A269/A269038.pdf,adjacent-pair-total,,1,recurrence
A269039,papers/A269/A269039.pdf,adjacent-pair-total,,1,recurrence
A269040,papers/A269/A269040.pdf,adjacent-pair-total,,1,recurrence
A269047,papers/A269/A269047.pdf,adjacent-pair-total,,2,gf+recurrence
A269048,papers/A269/A269048.pdf,adjacent-pair-total,,2,gf+recurrence
A269049,papers/A269/A269049.pdf,adjacent-pair-total,,1,recurrence
A269050,papers/A269/A269050.pdf,adjacent-pair-total,,1,recurrence
A269052,papers/A269/A269052.pdf,adjacent-pair-total,yes,4,recurrence
A269053,papers/A269/A269053.pdf,adjacent-pair-total,,2,gf+recurrence
A269054,papers/A269/A269054.pdf,adjacent-pair-total,,2,gf+recurrence
A269055,papers/A269/A269055.pdf,adjacent-pair-total,,1,recurrence
A269056,papers/A269/A269056.pdf,adjacent-pair-total,,1,recurrence
A269057,papers/A269/A269057.pdf,adjacent-pair-total,,1,recurrence
A269070,papers/A269/A269070.pdf,adjacent-pair-total,,2,gf+recurrence
A269071,papers/A269/A269071.pdf,adjacent-pair-total,,2,gf+recurrence
A269072,papers/A269/A269072.pdf,adjacent-pair-total,,1,recurrence
A269073,papers/A269/A269073.pdf,adjacent-pair-total,,1,recurrence
A269074,papers/A269/A269074.pdf,adjacent-pair-total,,1,recurrence
A269075,papers/A269/A269075.pdf,adjacent-pair-total,yes,4,recurrence
A269076,papers/A269/A269076.pdf,adjacent-pair-total,,2,gf+recurrence
A269077,papers/A269/A269077.pdf,adjacent-pair-total,,2,gf+recurrence
A269078,papers/A269/A269078.pdf,adjacent-pair-total,,2,gf+recurrence
A269079,papers/A269/A269079.pdf,adjacent-pair-total,,1,recurrence
A269083,papers/A269/A269083.pdf,adjacent-pair-total,,2,gf+recurrence
A269084,papers/A269/A269084.pdf,adjacent-pair-total,,2,gf+recurrence
A269085,papers/A269/A269085.pdf,adjacent-pair-total,,1,recurrence
A269086,papers/A269/A269086.pdf,adjacent-pair-total,,1,recurrence
A269087,papers/A269/A269087.pdf,adjacent-pair-total,,1,recurrence
A269088,papers/A269/A269088.pdf,adjacent-pair-total,,1,order
A269089,papers/A269/A269089.pdf,adjacent-pair-total,yes,4,order+recurrence
A269091,papers/A269/A269091.pdf,adjacent-pair-total,,2,gf+recurrence
A269092,papers/A269/A269092.pdf,adjacent-pair-total,,2,gf+recurrence
A269093,papers/A269/A269093.pdf,adjacent-pair-total,,1,recurrence
A269094,papers/A269/A269094.pdf,adjacent-pair-total,,1,recurrence
A269097,papers/A269/A269097.pdf,adjacent-pair-total,yes,2,recurrence
A269103,papers/A269/A269103.pdf,adjacent-pair-total,,2,gf+recurrence
A269104,papers/A269/A269104.pdf,adjacent-pair-total,,2,gf+recurrence
A269105,papers/A269/A269105.pdf,adjacent-pair-total,,1,recurrence
A269106,papers/A269/A269106.pdf,adjacent-pair-total,,1,recurrence
A269109,papers/A269/A269109.pdf,adjacent-pair-total,yes,2,recurrence
A269137,papers/A269/A269137.pdf,adjacent-pair-total,,2,gf+recurrence
A269138,papers/A269/A269138.pdf,adjacent-pair-total,,1,recurrence
A269139,papers/A269/A269139.pdf,adjacent-pair-total,,1,recurrence
A269140,papers/A269/A269140.pdf,adjacent-pair-total,,1,recurrence
A269143,papers/A269/A269143.pdf,adjacent-pair-total,yes,3,order+recurrence
A269146,papers/A269/A269146.pdf,adjacent-pair-total,,2,gf+recurrence
A269147,papers/A269/A269147.pdf,adjacent-pair-total,,1,recurrence
A269148,papers/A269/A269148.pdf,adjacent-pair-total,,1,recurrence
A269149,papers/A269/A269149.pdf,adjacent-pair-total,,1,recurrence
A269152,papers/A269/A269152.pdf,adjacent-pair-total,yes,3,order+recurrence
A269180,papers/A269/A269180.pdf,adjacent-pair-total,,2,gf+recurrence
A269181,papers/A269/A269181.pdf,adjacent-pair-total,,1,recurrence
A269182,papers/A269/A269182.pdf,adjacent-pair-total,,1,recurrence
A269183,papers/A269/A269183.pdf,adjacent-pair-total,,1,recurrence
A269186,papers/A269/A269186.pdf,adjacent-pair-total,yes,3,order+recurrence
A269188,papers/A269/A269188.pdf,adjacent-pair-total,,2,gf+recurrence
A269189,papers/A269/A269189.pdf,adjacent-pair-total,,1,recurrence
A269190,papers/A269/A269190.pdf,adjacent-pair-total,,1,recurrence
A269191,papers/A269/A269191.pdf,adjacent-pair-total,,1,recurrence
A269194,papers/A269/A269194.pdf,adjacent-pair-total,yes,3,order+recurrence
A269196,papers/A269/A269196.pdf,adjacent-pair-total,,2,gf+recurrence
A269197,papers/A269/A269197.pdf,adjacent-pair-total,,2,gf+recurrence
A269198,papers/A269/A269198.pdf,adjacent-pair-total,,1,recurrence
A269201,papers/A269/A269201.pdf,adjacent-pair-total,yes,3,recurrence
A269202,papers/A269/A269202.pdf,adjacent-pair-total,,2,gf+recurrence
A269203,papers/A269/A269203.pdf,adjacent-pair-total,,1,recurrence
A269204,papers/A269/A269204.pdf,adjacent-pair-total,,1,recurrence
A269205,papers/A269/A269205.pdf,adjacent-pair-total,,1,order
A269209,papers/A269/A269209.pdf,adjacent-pair-total,,2,gf+recurrence
A269210,papers/A269/A269210.pdf,adjacent-pair-total,,2,gf+recurrence
A269211,papers/A269/A269211.pdf,adjacent-pair-total,,1,recurrence
A269214,papers/A269/A269214.pdf,adjacent-pair-total,yes,3,recurrence
A269215,papers/A269/A269215.pdf,adjacent-pair-total,,1,recurrence
A269216,papers/A269/A269216.pdf,adjacent-pair-total,,1,recurrence
A269217,papers/A269/A269217.pdf,adjacent-pair-total,,1,recurrence
A269218,papers/A269/A269218.pdf,adjacent-pair-total,,1,order
A269270,papers/A269/A269270.pdf,adjacent-pair-total,,2,gf+recurrence
A269271,papers/A269/A269271.pdf,adjacent-pair-total,,2,gf+recurrence
A269272,papers/A269/A269272.pdf,adjacent-pair-total,,2,gf+recurrence
A269273,papers/A269/A269273.pdf,adjacent-pair-total,,2,gf+recurrence
A269276,papers/A269/A269276.pdf,adjacent-pair-total,yes,3,recurrence
A269277,papers/A269/A269277.pdf,adjacent-pair-total,,2,gf+recurrence
A269278,papers/A269/A269278.pdf,adjacent-pair-total,,2,gf+recurrence
A269279,papers/A269/A269279.pdf,adjacent-pair-total,,1,recurrence
A269280,papers/A269/A269280.pdf,adjacent-pair-total,,1,recurrence
A269284,papers/A269/A269284.pdf,adjacent-pair-total,,2,gf+recurrence
A269285,papers/A269/A269285.pdf,adjacent-pair-total,,2,gf+recurrence
A269286,papers/A269/A269286.pdf,adjacent-pair-total,,2,gf+recurrence
A269289,papers/A269/A269289.pdf,adjacent-pair-total,yes,2,recurrence
A269290,papers/A269/A269290.pdf,adjacent-pair-total,,2,gf+recurrence
A269291,papers/A269/A269291.pdf,adjacent-pair-total,,2,gf+recurrence
A269292,papers/A269/A269292.pdf,adjacent-pair-total,,1,recurrence
A269293,papers/A269/A269293.pdf,adjacent-pair-total,,1,recurrence
A269405,papers/A269/A269405.pdf,repeated-value,,2,gf+recurrence
A269406,papers/A269/A269406.pdf,repeated-value,,1,recurrence
A269407,papers/A269/A269407.pdf,repeated-value,,1,recurrence
A269408,papers/A269/A269408.pdf,repeated-value,,1,recurrence
A269431,papers/A269/A269431.pdf,repeated-value,,2,gf+recurrence
A269432,papers/A269/A269432.pdf,repeated-value,,1,recurrence
A269433,papers/A269/A269433.pdf,repeated-value,,1,recurrence
A269434,papers/A269/A269434.pdf,repeated-value,,1,recurrence
A269461,papers/A269/A269461.pdf,repeated-value,,2,gf+recurrence
A269462,papers/A269/A269462.pdf,repeated-value,,2,gf+recurrence
A269463,papers/A269/A269463.pdf,repeated-value,,2,gf+recurrence
A269464,papers/A269/A269464.pdf,repeated-value,,2,gf+recurrence
A269465,papers/A269/A269465.pdf,repeated-value,,2,gf+recurrence
A269466,papers/A269/A269466.pdf,repeated-value,,2,gf+recurrence
A269488,papers/A269/A269488.pdf,repeated-value,,2,gf+recurrence
A269489,papers/A269/A269489.pdf,repeated-value,,2,gf+recurrence
A269490,papers/A269/A269490.pdf,repeated-value,,2,gf+recurrence
A269491,papers/A269/A269491.pdf,repeated-value,,2,gf+recurrence
A269492,papers/A269/A269492.pdf,repeated-value,,2,gf+recurrence
A269493,papers/A269/A269493.pdf,repeated-value,,1,recurrence
A269531,papers/A269/A269531.pdf,repeated-value,,2,gf+recurrence
A269532,papers/A269/A269532.pdf,repeated-value,,2,gf+recurrence
A269533,papers/A269/A269533.pdf,repeated-value,,2,gf+recurrence
A269534,papers/A269/A269534.pdf,repeated-value,,2,gf+recurrence
A269535,papers/A269/A269535.pdf,repeated-value,,2,gf+recurrence
A269536,papers/A269/A269536.pdf,repeated-value,,1,recurrence
A269578,papers/A269/A269578.pdf,repeated-value,,2,gf+recurrence
A269579,papers/A269/A269579.pdf,repeated-value,,2,gf+recurrence
A269580,papers/A269/A269580.pdf,repeated-value,,2,gf+recurrence
A269581,papers/A269/A269581.pdf,repeated-value,,1,recurrence
A269582,papers/A269/A269582.pdf,repeated-value,,1,recurrence
A269601,papers/A269/A269601.pdf,repeated-value,,2,gf+recurrence
A269602,papers/A269/A269602.pdf,repeated-value,,2,gf+recurrence
A269603,papers/A269/A269603.pdf,repeated-value,,2,gf+recurrence
A269604,papers/A269/A269604.pdf,repeated-value,,2,gf+recurrence
A269605,papers/A269/A269605.pdf,repeated-value,,1,recurrence
A269613,papers/A269/A269613.pdf,repeated-value,,2,gf+recurrence
A269614,papers/A269/A269614.pdf,repeated-value,,2,gf+recurrence
A269615,papers/A269/A269615.pdf,repeated-value,,2,gf+recurrence
A269616,papers/A269/A269616.pdf,repeated-value,,1,recurrence
A269617,papers/A269/A269617.pdf,repeated-value,,1,recurrence
A269618,papers/A269/A269618.pdf,repeated-value,,1,recurrence
A269635,papers/A269/A269635.pdf,repeated-value,,2,gf+recurrence
A269636,papers/A269/A269636.pdf,repeated-value,,2,gf+recurrence
A269638,papers/A269/A269638.pdf,repeated-value,,1,recurrence
A269639,papers/A269/A269639.pdf,repeated-value,,1,recurrence
A269650,papers/A269/A269650.pdf,repeated-value,,2,gf+recurrence
A269651,papers/A269/A269651.pdf,repeated-value,,1,recurrence
A269652,papers/A269/A269652.pdf,repeated-value,,1,recurrence
A269653,papers/A269/A269653.pdf,repeated-value,,1,recurrence
A269654,papers/A269/A269654.pdf,repeated-value,,1,recurrence
A269673,papers/A269/A269673.pdf,repeated-value,,2,gf+recurrence
A269674,papers/A269/A269674.pdf,repeated-value,,2,gf+recurrence
A269675,papers/A269/A269675.pdf,repeated-value,,2,gf+recurrence
A269676,papers/A269/A269676.pdf,repeated-value,,2,gf+recurrence
A269677,papers/A269/A269677.pdf,repeated-value,,2,gf+recurrence
A269684,papers/A269/A269684.pdf,repeated-value,,2,gf+recurrence
A269685,papers/A269/A269685.pdf,repeated-value,,2,gf+recurrence
A269686,papers/A269/A269686.pdf,repeated-value,,2,gf+recurrence
A269687,papers/A269/A269687.pdf,repeated-value,,2,gf+recurrence
A269688,papers/A269/A269688.pdf,repeated-value,,2,gf+recurrence
A269689,papers/A269/A269689.pdf,repeated-value,,2,gf+recurrence
A269760,papers/A269/A269760.pdf,adjacent-pair-total,,2,gf+recurrence
A269761,papers/A269/A269761.pdf,adjacent-pair-total,,2,gf+recurrence
A269762,papers/A269/A269762.pdf,adjacent-pair-total,,2,gf+recurrence
A269763,papers/A269/A269763.pdf,adjacent-pair-total,,1,recurrence
A269767,papers/A269/A269767.pdf,adjacent-pair-total,yes,2,recurrence
A269771,papers/A269/A269771.pdf,repeated-value,,2,gf+recurrence
A269772,papers/A269/A269772.pdf,repeated-value,,2,gf+recurrence
A269773,papers/A269/A269773.pdf,repeated-value,,2,gf+recurrence
A269774,papers/A269/A269774.pdf,repeated-value,,2,gf+recurrence
A269775,papers/A269/A269775.pdf,repeated-value,,2,gf+recurrence
A269822,papers/A269/A269822.pdf,adjacent-pair-total,,2,gf+recurrence
A269824,papers/A269/A269824.pdf,adjacent-pair-total,,1,recurrence
A269825,papers/A269/A269825.pdf,adjacent-pair-total,,1,order
A269829,papers/A269/A269829.pdf,adjacent-pair-total,yes,2,order+recurrence
A269882,papers/A269/A269882.pdf,adjacent-pair-total,,2,gf+recurrence
A269884,papers/A269/A269884.pdf,adjacent-pair-total,,1,recurrence
A269888,papers/A269/A269888.pdf,adjacent-pair-total,yes,2,recurrence
A269895,papers/A269/A269895.pdf,adjacent-pair-total,,2,gf+recurrence
A269896,papers/A269/A269896.pdf,adjacent-pair-total,,2,gf+recurrence
A269897,papers/A269/A269897.pdf,adjacent-pair-total,,2,gf+recurrence
A269902,papers/A269/A269902.pdf,adjacent-pair-total,yes,2,recurrence
A269932,papers/A269/A269932.pdf,adjacent-pair-total,,2,gf+recurrence
A269933,papers/A269/A269933.pdf,adjacent-pair-total,,1,recurrence
A269937,papers/A269/A269937.pdf,adjacent-pair-total,yes,2,order+recurrence
A270052,papers/A270/A270052.pdf,adjacent-pair-total,,1,recurrence
A270053,papers/A270/A270053.pdf,adjacent-pair-total,,1,recurrence
A270054,papers/A270/A270054.pdf,adjacent-pair-total,,1,recurrence
A270058,papers/A270/A270058.pdf,adjacent-pair-total,yes,2,recurrence
A270111,papers/A270/A270111.pdf,adjacent-pair-total,,2,gf+recurrence
A270112,papers/A270/A270112.pdf,adjacent-pair-total,,2,gf+recurrence
A270118,papers/A270/A270118.pdf,adjacent-pair-total,yes,1,recurrence
A270145,papers/A270/A270145.pdf,adjacent-pair-total,,2,gf+recurrence
A270146,papers/A270/A270146.pdf,adjacent-pair-total,,1,recurrence
A270150,papers/A270/A270150.pdf,adjacent-pair-total,yes,2,recurrence
A274723,papers/A274/A274723.pdf,offset-distinct,,2,gf+recurrence
A274724,papers/A274/A274724.pdf,offset-distinct,,1,recurrence
A274725,papers/A274/A274725.pdf,offset-distinct,,1,recurrence
A274726,papers/A274/A274726.pdf,offset-distinct,,1,recurrence
A274728,papers/A274/A274728.pdf,offset-distinct,yes,4,order+recurrence
A274729,papers/A274/A274729.pdf,offset-distinct,,2,gf+recurrence
A274730,papers/A274/A274730.pdf,offset-distinct,,2,gf+recurrence
A274731,papers/A274/A274731.pdf,offset-distinct,,1,recurrence
A274745,papers/A274/A274745.pdf,offset-distinct,,2,gf+recurrence
A274746,papers/A274/A274746.pdf,offset-distinct,,2,gf+recurrence
A274747,papers/A274/A274747.pdf,offset-distinct,,1,recurrence
A274748,papers/A274/A274748.pdf,offset-distinct,,1,recurrence
A274749,papers/A274/A274749.pdf,offset-distinct,yes,6,recurrence
A274750,papers/A274/A274750.pdf,offset-distinct,,2,gf+recurrence
A274751,papers/A274/A274751.pdf,offset-distinct,,2,gf+recurrence
A274752,papers/A274/A274752.pdf,offset-distinct,,1,recurrence
A274753,papers/A274/A274753.pdf,offset-distinct,,1,recurrence
A274798,papers/A274/A274798.pdf,offset-distinct,,2,gf+recurrence
A274799,papers/A274/A274799.pdf,offset-distinct,,2,gf+recurrence
A274800,papers/A274/A274800.pdf,offset-distinct,,2,gf+recurrence
A274801,papers/A274/A274801.pdf,offset-distinct,,1,recurrence
A274802,papers/A274/A274802.pdf,offset-distinct,,1,recurrence
A274803,papers/A274/A274803.pdf,offset-distinct,yes,5,recurrence
A274853,papers/A274/A274853.pdf,offset-distinct,,2,gf+recurrence
A274854,papers/A274/A274854.pdf,offset-distinct,,2,gf+recurrence
A274855,papers/A274/A274855.pdf,offset-distinct,,2,gf+recurrence
A274856,papers/A274/A274856.pdf,offset-distinct,,1,recurrence
A274857,papers/A274/A274857.pdf,offset-distinct,,1,recurrence
A274858,papers/A274/A274858.pdf,offset-distinct,yes,3,recurrence
A274890,papers/A274/A274890.pdf,offset-distinct,,2,gf+recurrence
A274891,papers/A274/A274891.pdf,offset-distinct,,1,recurrence
A274892,papers/A274/A274892.pdf,offset-distinct,,1,recurrence
A274893,papers/A274/A274893.pdf,offset-distinct,,1,recurrence
A274895,papers/A274/A274895.pdf,offset-distinct,yes,5,order+recurrence
A274896,papers/A274/A274896.pdf,offset-distinct,,2,gf+recurrence
A274897,papers/A274/A274897.pdf,offset-distinct,,2,gf+recurrence
A274898,papers/A274/A274898.pdf,offset-distinct,,1,recurrence
A274899,papers/A274/A274899.pdf,offset-distinct,,1,recurrence
A274954,papers/A274/A274954.pdf,offset-distinct,,2,gf+recurrence
A274955,papers/A274/A274955.pdf,offset-distinct,,1,recurrence
A274956,papers/A274/A274956.pdf,offset-distinct,,1,recurrence
A274957,papers/A274/A274957.pdf,offset-distinct,,1,order
A274959,papers/A274/A274959.pdf,offset-distinct,yes,4,order+recurrence
A275032,papers/A275/A275032.pdf,offset-distinct,,1,recurrence
A275033,papers/A275/A275033.pdf,offset-distinct,,1,recurrence
A275034,papers/A275/A275034.pdf,offset-distinct,,1,order
A275037,papers/A275/A275037.pdf,offset-distinct,yes,5,order+recurrence
A275038,papers/A275/A275038.pdf,offset-distinct,,2,gf+recurrence
A275039,papers/A275/A275039.pdf,offset-distinct,,1,recurrence
A275040,papers/A275/A275040.pdf,offset-distinct,,1,recurrence
A275041,papers/A275/A275041.pdf,offset-distinct,,1,order
A275085,papers/A275/A275085.pdf,offset-distinct,,2,gf+recurrence
A275086,papers/A275/A275086.pdf,offset-distinct,,1,recurrence
A275087,papers/A275/A275087.pdf,offset-distinct,,1,recurrence
A275088,papers/A275/A275088.pdf,offset-distinct,,1,order
A275090,papers/A275/A275090.pdf,offset-distinct,yes,4,order+recurrence
A275091,papers/A275/A275091.pdf,offset-distinct,,1,recurrence
A275092,papers/A275/A275092.pdf,offset-distinct,,1,order
A275126,papers/A275/A275126.pdf,offset-distinct,,2,gf+recurrence
A275127,papers/A275/A275127.pdf,offset-distinct,,1,recurrence
A275128,papers/A275/A275128.pdf,offset-distinct,,1,recurrence
A275129,papers/A275/A275129.pdf,offset-distinct,,1,order
A275131,papers/A275/A275131.pdf,offset-distinct,yes,5,order+recurrence
A275132,papers/A275/A275132.pdf,offset-distinct,,2,gf+recurrence
A275133,papers/A275/A275133.pdf,offset-distinct,,2,gf+recurrence
A275134,papers/A275/A275134.pdf,offset-distinct,,1,recurrence
A275135,papers/A275/A275135.pdf,offset-distinct,,1,recurrence
A275136,papers/A275/A275136.pdf,offset-distinct,,1,order
A275138,papers/A275/A275138.pdf,offset-distinct,,2,gf+recurrence
A275139,papers/A275/A275139.pdf,offset-distinct,,2,gf+recurrence
A275140,papers/A275/A275140.pdf,offset-distinct,,2,gf+recurrence
A275141,papers/A275/A275141.pdf,offset-distinct,,2,gf+recurrence
A275142,papers/A275/A275142.pdf,offset-distinct,yes,5,recurrence
A275143,papers/A275/A275143.pdf,offset-distinct,,2,gf+recurrence
A275144,papers/A275/A275144.pdf,offset-distinct,,2,gf+recurrence
A275145,papers/A275/A275145.pdf,offset-distinct,,1,recurrence
A275146,papers/A275/A275146.pdf,offset-distinct,,1,recurrence
A275178,papers/A275/A275178.pdf,offset-distinct,,2,gf+recurrence
A275179,papers/A275/A275179.pdf,offset-distinct,,2,gf+recurrence
A275180,papers/A275/A275180.pdf,offset-distinct,,1,recurrence
A275181,papers/A275/A275181.pdf,offset-distinct,,1,recurrence
A275183,papers/A275/A275183.pdf,offset-distinct,yes,5,order+recurrence
A275184,papers/A275/A275184.pdf,offset-distinct,,2,gf+recurrence
A275185,papers/A275/A275185.pdf,offset-distinct,,2,gf+recurrence
A275186,papers/A275/A275186.pdf,offset-distinct,,2,gf+recurrence
A275187,papers/A275/A275187.pdf,offset-distinct,,2,gf+recurrence
A275222,papers/A275/A275222.pdf,offset-distinct,,2,gf+recurrence
A275223,papers/A275/A275223.pdf,offset-distinct,,1,recurrence
A275224,papers/A275/A275224.pdf,offset-distinct,,1,recurrence
A275225,papers/A275/A275225.pdf,offset-distinct,,1,order
A275228,papers/A275/A275228.pdf,offset-distinct,yes,4,order+recurrence
A275229,papers/A275/A275229.pdf,offset-distinct,,2,gf+recurrence
A275230,papers/A275/A275230.pdf,offset-distinct,,2,gf+recurrence
A275231,papers/A275/A275231.pdf,offset-distinct,,2,gf+recurrence
A275232,papers/A275/A275232.pdf,offset-distinct,,1,recurrence
A275260,papers/A275/A275260.pdf,offset-distinct,,2,gf+recurrence
A275261,papers/A275/A275261.pdf,offset-distinct,,1,recurrence
A275262,papers/A275/A275262.pdf,offset-distinct,,1,recurrence
A275266,papers/A275/A275266.pdf,offset-distinct,yes,5,order+recurrence
A275267,papers/A275/A275267.pdf,offset-distinct,,2,gf+recurrence
A275268,papers/A275/A275268.pdf,offset-distinct,,2,gf+recurrence
A275269,papers/A275/A275269.pdf,offset-distinct,,1,recurrence
A275270,papers/A275/A275270.pdf,offset-distinct,,1,recurrence
A275271,papers/A275/A275271.pdf,offset-distinct,,1,recurrence
A275347,papers/A275/A275347.pdf,offset-distinct,,1,recurrence
A275352,papers/A275/A275352.pdf,offset-distinct,yes,4,order+recurrence
A275353,papers/A275/A275353.pdf,offset-distinct,,1,recurrence
A275354,papers/A275/A275354.pdf,offset-distinct,,1,recurrence
A275395,papers/A275/A275395.pdf,offset-distinct,,2,gf+recurrence
A275396,papers/A275/A275396.pdf,offset-distinct,,1,recurrence
A275397,papers/A275/A275397.pdf,offset-distinct,,1,recurrence
A275401,papers/A275/A275401.pdf,offset-distinct,yes,4,order+recurrence
A275402,papers/A275/A275402.pdf,offset-distinct,,2,gf+recurrence
A275404,papers/A275/A275404.pdf,offset-distinct,,2,gf+recurrence
A275405,papers/A275/A275405.pdf,offset-distinct,,1,recurrence
A275406,papers/A275/A275406.pdf,offset-distinct,,1,recurrence
A275498,papers/A275/A275498.pdf,offset-distinct,,2,gf+recurrence
A275499,papers/A275/A275499.pdf,offset-distinct,,2,gf+recurrence
A275500,papers/A275/A275500.pdf,offset-distinct,,1,recurrence
A275501,papers/A275/A275501.pdf,offset-distinct,,1,recurrence
A275502,papers/A275/A275502.pdf,offset-distinct,,1,recurrence
A275504,papers/A275/A275504.pdf,offset-distinct,yes,4,order+recurrence
A275505,papers/A275/A275505.pdf,offset-distinct,,2,gf+recurrence
A275506,papers/A275/A275506.pdf,offset-distinct,,2,gf+recurrence
A275507,papers/A275/A275507.pdf,offset-distinct,,2,gf+recurrence
A275560,papers/A275/A275560.pdf,offset-distinct,,2,gf+recurrence
A275561,papers/A275/A275561.pdf,offset-distinct,,2,gf+recurrence
A275562,papers/A275/A275562.pdf,offset-distinct,,1,recurrence
A275563,papers/A275/A275563.pdf,offset-distinct,,1,recurrence
A275565,papers/A275/A275565.pdf,offset-distinct,yes,6,order+recurrence
A275566,papers/A275/A275566.pdf,offset-distinct,,2,gf+recurrence
A275567,papers/A275/A275567.pdf,offset-distinct,,1,recurrence
A275568,papers/A275/A275568.pdf,offset-distinct,,1,recurrence
A276243,papers/A276/A276243.pdf,offset-distinct,,2,gf+recurrence
A276244,papers/A276/A276244.pdf,offset-distinct,,1,recurrence
A276245,papers/A276/A276245.pdf,offset-distinct,,1,recurrence
A276248,papers/A276/A276248.pdf,offset-distinct,yes,4,order+recurrence
A276249,papers/A276/A276249.pdf,offset-distinct,,1,recurrence
A276250,papers/A276/A276250.pdf,offset-distinct,,1,recurrence
A276293,papers/A276/A276293.pdf,offset-distinct,,2,gf+recurrence
A276294,papers/A276/A276294.pdf,offset-distinct,,2,gf+recurrence
A276295,papers/A276/A276295.pdf,offset-distinct,,1,recurrence
A276296,papers/A276/A276296.pdf,offset-distinct,,1,recurrence
A276297,papers/A276/A276297.pdf,offset-distinct,,1,order
A276299,papers/A276/A276299.pdf,offset-distinct,yes,5,order+recurrence
A276300,papers/A276/A276300.pdf,offset-distinct,,2,gf+recurrence
A276301,papers/A276/A276301.pdf,offset-distinct,,2,gf+recurrence
A276302,papers/A276/A276302.pdf,offset-distinct,,1,recurrence
A276303,papers/A276/A276303.pdf,offset-distinct,,1,recurrence
A276304,papers/A276/A276304.pdf,offset-distinct,,1,order
A278621,papers/A278/A278621.pdf,lexicographic-order,,1,polynomial
A278622,papers/A278/A278622.pdf,lexicographic-order,,1,degree
A278627,papers/A278/A278627.pdf,lexicographic-order,yes,1,polynomial
A278628,papers/A278/A278628.pdf,lexicographic-order,,1,polynomial
A278650,papers/A278/A278650.pdf,lexicographic-order,,1,degree
A278670,papers/A278/A278670.pdf,lexicographic-order,,3,gf+polynomial+recurrence
A278671,papers/A278/A278671.pdf,lexicographic-order,,2,gf+polynomial
A278672,papers/A278/A278672.pdf,lexicographic-order,,1,polynomial
A278673,papers/A278/A278673.pdf,lexicographic-order,,1,degree
A278676,papers/A278/A278676.pdf,lexicographic-order,yes,1,polynomial
A278721,papers/A278/A278721.pdf,lexicographic-order,,1,polynomial
A278722,papers/A278/A278722.pdf,lexicographic-order,,1,degree
A278727,papers/A278/A278727.pdf,lexicographic-order,yes,1,polynomial
A278728,papers/A278/A278728.pdf,lexicographic-order,,1,degree
A278772,papers/A278/A278772.pdf,lexicographic-order,,3,gf+polynomial+recurrence
A278773,papers/A278/A278773.pdf,lexicographic-order,,1,polynomial
A278774,papers/A278/A278774.pdf,lexicographic-order,,1,degree
A278778,papers/A278/A278778.pdf,lexicographic-order,yes,1,polynomial
A278793,papers/A278/A278793.pdf,lexicographic-order,,1,degree
A278802,papers/A278/A278802.pdf,lexicographic-order,,1,polynomial
A278803,papers/A278/A278803.pdf,lexicographic-order,,1,degree
A278807,papers/A278/A278807.pdf,lexicographic-order,yes,1,polynomial
A278849,papers/A278/A278849.pdf,lexicographic-order,,1,polynomial
A278850,papers/A278/A278850.pdf,lexicographic-order,,1,degree
A278851,papers/A278/A278851.pdf,lexicographic-order,,1,degree
A280279,papers/A280/A280279.pdf,cell-neighbour-count,,2,gf+recurrence
A280280,papers/A280/A280280.pdf,cell-neighbour-count,,1,recurrence
A280284,papers/A280/A280284.pdf,cell-neighbour-count,yes,3,order+recurrence
A280309,papers/A280/A280309.pdf,cell-neighbour-count,,2,gf+recurrence
A280310,papers/A280/A280310.pdf,cell-neighbour-count,,1,recurrence
A280313,papers/A280/A280313.pdf,cell-neighbour-count,yes,3,order+recurrence
A280435,papers/A280/A280435.pdf,cell-neighbour-count,,2,gf+recurrence
A280436,papers/A280/A280436.pdf,cell-neighbour-count,,2,gf+recurrence
A280437,papers/A280/A280437.pdf,cell-neighbour-count,,2,gf+recurrence
A280438,papers/A280/A280438.pdf,cell-neighbour-count,,2,gf+recurrence
A280439,papers/A280/A280439.pdf,cell-neighbour-count,,2,gf+recurrence
A280440,papers/A280/A280440.pdf,cell-neighbour-count,yes,6,recurrence
A280549,papers/A280/A280549.pdf,cell-neighbour-count,,2,gf+recurrence
A280550,papers/A280/A280550.pdf,cell-neighbour-count,,2,gf+recurrence
A280551,papers/A280/A280551.pdf,cell-neighbour-count,,2,gf+recurrence
A280552,papers/A280/A280552.pdf,cell-neighbour-count,,2,gf+recurrence
A280554,papers/A280/A280554.pdf,cell-neighbour-count,yes,5,recurrence
A280896,papers/A280/A280896.pdf,cell-neighbour-count,,2,gf+recurrence
A280897,papers/A280/A280897.pdf,cell-neighbour-count,,2,gf+recurrence
A280898,papers/A280/A280898.pdf,cell-neighbour-count,,1,recurrence
A280902,papers/A280/A280902.pdf,cell-neighbour-count,yes,3,order+recurrence
A280903,papers/A280/A280903.pdf,cell-neighbour-count,,1,recurrence
A280904,papers/A280/A280904.pdf,cell-neighbour-count,,1,recurrence
A281028,papers/A281/A281028.pdf,cell-neighbour-count,,2,gf+recurrence
A281029,papers/A281/A281029.pdf,cell-neighbour-count,,1,recurrence
A281030,papers/A281/A281030.pdf,cell-neighbour-count,,1,recurrence
A281031,papers/A281/A281031.pdf,cell-neighbour-count,,1,order
A281034,papers/A281/A281034.pdf,cell-neighbour-count,yes,5,order+recurrence
A281050,papers/A281/A281050.pdf,cell-neighbour-count,,2,gf+recurrence
A281051,papers/A281/A281051.pdf,cell-neighbour-count,,2,gf+recurrence
A281052,papers/A281/A281052.pdf,cell-neighbour-count,,1,recurrence
A281053,papers/A281/A281053.pdf,cell-neighbour-count,,1,recurrence
A281054,papers/A281/A281054.pdf,cell-neighbour-count,,1,recurrence
A281056,papers/A281/A281056.pdf,cell-neighbour-count,yes,5,order+recurrence
A281057,papers/A281/A281057.pdf,cell-neighbour-count,,2,gf+recurrence
A281058,papers/A281/A281058.pdf,cell-neighbour-count,,2,gf+recurrence
A281059,papers/A281/A281059.pdf,cell-neighbour-count,,1,recurrence
A281060,papers/A281/A281060.pdf,cell-neighbour-count,,1,recurrence
A281061,papers/A281/A281061.pdf,cell-neighbour-count,,1,recurrence
A281133,papers/A281/A281133.pdf,cell-neighbour-count,,2,gf+recurrence
A281134,papers/A281/A281134.pdf,cell-neighbour-count,,1,recurrence
A281135,papers/A281/A281135.pdf,cell-neighbour-count,,1,recurrence
A281139,papers/A281/A281139.pdf,cell-neighbour-count,yes,4,order+recurrence
A281159,papers/A281/A281159.pdf,cell-neighbour-count,,1,recurrence
A281160,papers/A281/A281160.pdf,cell-neighbour-count,,1,recurrence
A281161,papers/A281/A281161.pdf,cell-neighbour-count,,1,recurrence
A281165,papers/A281/A281165.pdf,cell-neighbour-count,yes,4,order+recurrence
A281199,papers/A281/A281199.pdf,cell-neighbour-count,,2,gf+recurrence
A281200,papers/A281/A281200.pdf,cell-neighbour-count,,2,gf+recurrence
A281201,papers/A281/A281201.pdf,cell-neighbour-count,,2,gf+recurrence
A281202,papers/A281/A281202.pdf,cell-neighbour-count,,2,gf+recurrence
A281203,papers/A281/A281203.pdf,cell-neighbour-count,,2,gf+recurrence
A281204,papers/A281/A281204.pdf,cell-neighbour-count,,2,gf+recurrence
A281205,papers/A281/A281205.pdf,cell-neighbour-count,yes,5,recurrence
A281206,papers/A281/A281206.pdf,cell-neighbour-count,,2,gf+recurrence
A281207,papers/A281/A281207.pdf,cell-neighbour-count,,2,gf+recurrence
A281208,papers/A281/A281208.pdf,cell-neighbour-count,,2,gf+recurrence
A281209,papers/A281/A281209.pdf,cell-neighbour-count,,2,gf+recurrence
A281210,papers/A281/A281210.pdf,cell-neighbour-count,,2,gf+recurrence
A281320,papers/A281/A281320.pdf,cell-neighbour-count,,2,gf+recurrence
A281321,papers/A281/A281321.pdf,cell-neighbour-count,,2,gf+recurrence
A281322,papers/A281/A281322.pdf,cell-neighbour-count,,1,recurrence
A281326,papers/A281/A281326.pdf,cell-neighbour-count,yes,4,order+recurrence
A281327,papers/A281/A281327.pdf,cell-neighbour-count,,1,recurrence
A281328,papers/A281/A281328.pdf,cell-neighbour-count,,1,recurrence
A281534,papers/A281/A281534.pdf,cell-neighbour-count,,1,recurrence
A281535,papers/A281/A281535.pdf,cell-neighbour-count,,1,recurrence
A281536,papers/A281/A281536.pdf,cell-neighbour-count,,1,recurrence
A281540,papers/A281/A281540.pdf,cell-neighbour-count,yes,4,order+recurrence
A281883,papers/A281/A281883.pdf,cell-neighbour-count,,1,recurrence
A281884,papers/A281/A281884.pdf,cell-neighbour-count,,1,recurrence
A281888,papers/A281/A281888.pdf,cell-neighbour-count,yes,4,order+recurrence
A281930,papers/A281/A281930.pdf,cell-neighbour-count,,2,gf+recurrence
A281931,papers/A281/A281931.pdf,cell-neighbour-count,,1,recurrence
A281932,papers/A281/A281932.pdf,cell-neighbour-count,,1,order
A281936,papers/A281/A281936.pdf,cell-neighbour-count,yes,4,order+recurrence
A282185,papers/A282/A282185.pdf,cell-neighbour-count,,2,gf+recurrence
A282186,papers/A282/A282186.pdf,cell-neighbour-count,,1,recurrence
A282189,papers/A282/A282189.pdf,cell-neighbour-count,yes,3,order+recurrence
A282227,papers/A282/A282227.pdf,cell-neighbour-count,,1,recurrence
A282230,papers/A282/A282230.pdf,cell-neighbour-count,yes,3,order+recurrence
A295035,papers/A295/A295035.pdf,marked-value-neighbours,,1,recurrence
A295036,papers/A295/A295036.pdf,marked-value-neighbours,,1,recurrence
A295037,papers/A295/A295037.pdf,marked-value-neighbours,,1,order
A295040,papers/A295/A295040.pdf,marked-value-neighbours,yes,4,order+recurrence
A295045,papers/A295/A295045.pdf,marked-value-neighbours,,2,gf+recurrence
A295046,papers/A295/A295046.pdf,marked-value-neighbours,,2,gf+recurrence
A295047,papers/A295/A295047.pdf,marked-value-neighbours,,1,recurrence
A295048,papers/A295/A295048.pdf,marked-value-neighbours,,1,recurrence
A295051,papers/A295/A295051.pdf,marked-value-neighbours,yes,5,order+recurrence
A295091,papers/A295/A295091.pdf,marked-value-neighbours,,2,gf+recurrence
A295092,papers/A295/A295092.pdf,marked-value-neighbours,,1,recurrence
A295093,papers/A295/A295093.pdf,marked-value-neighbours,,1,recurrence
A295097,papers/A295/A295097.pdf,marked-value-neighbours,yes,4,order+recurrence
A295115,papers/A295/A295115.pdf,marked-value-neighbours,,2,gf+recurrence
A295116,papers/A295/A295116.pdf,marked-value-neighbours,,1,recurrence
A295117,papers/A295/A295117.pdf,marked-value-neighbours,,1,recurrence
A295118,papers/A295/A295118.pdf,marked-value-neighbours,,1,order
A295120,papers/A295/A295120.pdf,marked-value-neighbours,yes,5,order+recurrence
A295200,papers/A295/A295200.pdf,marked-value-neighbours,,1,recurrence
A295201,papers/A295/A295201.pdf,marked-value-neighbours,,1,recurrence
A295202,papers/A295/A295202.pdf,marked-value-neighbours,,1,recurrence
A295203,papers/A295/A295203.pdf,marked-value-neighbours,,1,order
A295205,papers/A295/A295205.pdf,marked-value-neighbours,yes,6,order+recurrence
A295208,papers/A295/A295208.pdf,marked-value-neighbours,,1,recurrence
A295209,papers/A295/A295209.pdf,marked-value-neighbours,,1,recurrence
A295210,papers/A295/A295210.pdf,marked-value-neighbours,,1,order
A295213,papers/A295/A295213.pdf,marked-value-neighbours,yes,5,order+recurrence
A295247,papers/A295/A295247.pdf,marked-value-neighbours,,2,gf+recurrence
A295248,papers/A295/A295248.pdf,marked-value-neighbours,,1,recurrence
A295249,papers/A295/A295249.pdf,marked-value-neighbours,,1,recurrence
A295253,papers/A295/A295253.pdf,marked-value-neighbours,yes,4,order+recurrence
A295270,papers/A295/A295270.pdf,marked-value-neighbours,,1,recurrence
A295271,papers/A295/A295271.pdf,marked-value-neighbours,,1,recurrence
A295272,papers/A295/A295272.pdf,marked-value-neighbours,,1,recurrence
A295273,papers/A295/A295273.pdf,marked-value-neighbours,,1,order
A295275,papers/A295/A295275.pdf,marked-value-neighbours,yes,4,order+recurrence
A295346,papers/A295/A295346.pdf,marked-value-neighbours,,2,gf+recurrence
A295347,papers/A295/A295347.pdf,marked-value-neighbours,,1,recurrence
A295348,papers/A295/A295348.pdf,marked-value-neighbours,,1,recurrence
A295352,papers/A295/A295352.pdf,marked-value-neighbours,yes,4,order+recurrence
A295374,papers/A295/A295374.pdf,marked-value-neighbours,,2,gf+recurrence
A295375,papers/A295/A295375.pdf,marked-value-neighbours,,1,recurrence
A295376,papers/A295/A295376.pdf,marked-value-neighbours,,1,order
A295379,papers/A295/A295379.pdf,marked-value-neighbours,yes,5,order+recurrence
A295411,papers/A295/A295411.pdf,marked-value-neighbours,,2,gf+recurrence
A295412,papers/A295/A295412.pdf,marked-value-neighbours,,1,recurrence
A295413,papers/A295/A295413.pdf,marked-value-neighbours,,1,recurrence
A295414,papers/A295/A295414.pdf,marked-value-neighbours,,1,order
A295416,papers/A295/A295416.pdf,marked-value-neighbours,yes,4,order+recurrence
A295525,papers/A295/A295525.pdf,marked-value-neighbours,,2,gf+recurrence
A295526,papers/A295/A295526.pdf,marked-value-neighbours,,1,recurrence
A295527,papers/A295/A295527.pdf,marked-value-neighbours,,1,recurrence
A295531,papers/A295/A295531.pdf,marked-value-neighbours,yes,4,order+recurrence
A295546,papers/A295/A295546.pdf,marked-value-neighbours,,1,recurrence
A295547,papers/A295/A295547.pdf,marked-value-neighbours,,1,recurrence
A295551,papers/A295/A295551.pdf,marked-value-neighbours,yes,4,order+recurrence
A295601,papers/A295/A295601.pdf,marked-value-neighbours,,1,recurrence
A295602,papers/A295/A295602.pdf,marked-value-neighbours,,1,recurrence
A295603,papers/A295/A295603.pdf,marked-value-neighbours,,1,order
A295606,papers/A295/A295606.pdf,marked-value-neighbours,yes,4,order+recurrence
A295647,papers/A295/A295647.pdf,marked-value-neighbours,,1,recurrence
A295648,papers/A295/A295648.pdf,marked-value-neighbours,,1,recurrence
A295652,papers/A295/A295652.pdf,marked-value-neighbours,yes,4,order+recurrence
A295711,papers/A295/A295711.pdf,marked-value-neighbours,,1,recurrence
A295712,papers/A295/A295712.pdf,marked-value-neighbours,,1,recurrence
A295713,papers/A295/A295713.pdf,marked-value-neighbours,,1,order
A295716,papers/A295/A295716.pdf,marked-value-neighbours,yes,4,order+recurrence
A295776,papers/A295/A295776.pdf,marked-value-neighbours,,2,gf+recurrence
A295777,papers/A295/A295777.pdf,marked-value-neighbours,,1,recurrence
A295778,papers/A295/A295778.pdf,marked-value-neighbours,,1,recurrence
A295779,papers/A295/A295779.pdf,marked-value-neighbours,,1,recurrence
A295780,papers/A295/A295780.pdf,marked-value-neighbours,,1,order
A295781,papers/A295/A295781.pdf,marked-value-neighbours,yes,5,order+recurrence
A295841,papers/A295/A295841.pdf,marked-value-neighbours,,2,gf+recurrence
A295842,papers/A295/A295842.pdf,marked-value-neighbours,,2,gf+recurrence
A295843,papers/A295/A295843.pdf,marked-value-neighbours,,1,recurrence
A295844,papers/A295/A295844.pdf,marked-value-neighbours,,1,recurrence
A295845,papers/A295/A295845.pdf,marked-value-neighbours,,1,order
A295847,papers/A295/A295847.pdf,marked-value-neighbours,yes,4,order+recurrence
A295913,papers/A295/A295913.pdf,marked-value-neighbours,,2,gf+recurrence
A295914,papers/A295/A295914.pdf,marked-value-neighbours,,2,gf+recurrence
A295915,papers/A295/A295915.pdf,marked-value-neighbours,,1,recurrence
A295916,papers/A295/A295916.pdf,marked-value-neighbours,,1,order
A295918,papers/A295/A295918.pdf,marked-value-neighbours,yes,5,order+recurrence
A295937,papers/A295/A295937.pdf,marked-value-neighbours,,2,gf+recurrence
A295938,papers/A295/A295938.pdf,marked-value-neighbours,,1,recurrence
A295939,papers/A295/A295939.pdf,marked-value-neighbours,,1,recurrence
A295940,papers/A295/A295940.pdf,marked-value-neighbours,,1,recurrence
A295943,papers/A295/A295943.pdf,marked-value-neighbours,yes,5,order+recurrence
A295979,papers/A295/A295979.pdf,marked-value-neighbours,,2,gf+recurrence
A295980,papers/A295/A295980.pdf,marked-value-neighbours,,2,gf+recurrence
A295981,papers/A295/A295981.pdf,marked-value-neighbours,,1,recurrence
A295982,papers/A295/A295982.pdf,marked-value-neighbours,,1,order
A295985,papers/A295/A295985.pdf,marked-value-neighbours,yes,5,order+recurrence
A296014,papers/A296/A296014.pdf,marked-value-neighbours,,1,recurrence
A296015,papers/A296/A296015.pdf,marked-value-neighbours,,1,recurrence
A296016,papers/A296/A296016.pdf,marked-value-neighbours,,1,recurrence
A296019,papers/A296/A296019.pdf,marked-value-neighbours,yes,5,order+recurrence
A296033,papers/A296/A296033.pdf,marked-value-neighbours,,2,gf+recurrence
A296034,papers/A296/A296034.pdf,marked-value-neighbours,,2,gf+recurrence
A296035,papers/A296/A296035.pdf,marked-value-neighbours,,1,recurrence
A296036,papers/A296/A296036.pdf,marked-value-neighbours,,1,recurrence
A296039,papers/A296/A296039.pdf,marked-value-neighbours,yes,5,order+recurrence
A296109,papers/A296/A296109.pdf,marked-value-neighbours,,2,gf+recurrence
A296110,papers/A296/A296110.pdf,marked-value-neighbours,,1,recurrence
A296111,papers/A296/A296111.pdf,marked-value-neighbours,,1,recurrence
A296112,papers/A296/A296112.pdf,marked-value-neighbours,,1,order
A296115,papers/A296/A296115.pdf,marked-value-neighbours,yes,5,order+recurrence
A296124,papers/A296/A296124.pdf,marked-value-neighbours,,2,gf+recurrence
A296125,papers/A296/A296125.pdf,marked-value-neighbours,,1,recurrence
A296128,papers/A296/A296128.pdf,marked-value-neighbours,yes,5,order+recurrence
A296152,papers/A296/A296152.pdf,marked-value-neighbours,,1,recurrence
A296153,papers/A296/A296153.pdf,marked-value-neighbours,,1,recurrence
A296157,papers/A296/A296157.pdf,marked-value-neighbours,yes,4,order+recurrence
A296309,papers/A296/A296309.pdf,marked-value-neighbours,,2,gf+recurrence
A296310,papers/A296/A296310.pdf,marked-value-neighbours,,1,recurrence
A296313,papers/A296/A296313.pdf,marked-value-neighbours,yes,5,order+recurrence
A296315,papers/A296/A296315.pdf,marked-value-neighbours,,2,gf+recurrence
A296316,papers/A296/A296316.pdf,marked-value-neighbours,,1,recurrence
A296317,papers/A296/A296317.pdf,marked-value-neighbours,,1,recurrence
A296318,papers/A296/A296318.pdf,marked-value-neighbours,,1,order
A296320,papers/A296/A296320.pdf,marked-value-neighbours,yes,5,order+recurrence
A296322,papers/A296/A296322.pdf,marked-value-neighbours,,2,gf+recurrence
A296323,papers/A296/A296323.pdf,marked-value-neighbours,,1,recurrence
A296324,papers/A296/A296324.pdf,marked-value-neighbours,,1,recurrence
A296325,papers/A296/A296325.pdf,marked-value-neighbours,,1,order
A296327,papers/A296/A296327.pdf,marked-value-neighbours,yes,6,order+recurrence
A296329,papers/A296/A296329.pdf,marked-value-neighbours,,2,gf+recurrence
A296330,papers/A296/A296330.pdf,marked-value-neighbours,,2,gf+recurrence
A296331,papers/A296/A296331.pdf,marked-value-neighbours,,1,recurrence
A296332,papers/A296/A296332.pdf,marked-value-neighbours,,1,recurrence
A296335,papers/A296/A296335.pdf,marked-value-neighbours,yes,5,order+recurrence
A296380,papers/A296/A296380.pdf,marked-value-neighbours,,2,gf+recurrence
A296381,papers/A296/A296381.pdf,marked-value-neighbours,,1,recurrence
A296382,papers/A296/A296382.pdf,marked-value-neighbours,,1,recurrence
A296383,papers/A296/A296383.pdf,marked-value-neighbours,,1,order
A296386,papers/A296/A296386.pdf,marked-value-neighbours,yes,4,order+recurrence
A296390,papers/A296/A296390.pdf,marked-value-neighbours,,2,gf+recurrence
A296391,papers/A296/A296391.pdf,marked-value-neighbours,,1,recurrence
A296392,papers/A296/A296392.pdf,marked-value-neighbours,,1,recurrence
A296396,papers/A296/A296396.pdf,marked-value-neighbours,yes,4,order+recurrence
A296399,papers/A296/A296399.pdf,marked-value-neighbours,,2,gf+recurrence
A296400,papers/A296/A296400.pdf,marked-value-neighbours,,1,recurrence
A296401,papers/A296/A296401.pdf,marked-value-neighbours,,1,recurrence
A296405,papers/A296/A296405.pdf,marked-value-neighbours,yes,4,order+recurrence
A296536,papers/A296/A296536.pdf,marked-value-neighbours,,2,gf+recurrence
A296537,papers/A296/A296537.pdf,marked-value-neighbours,,1,recurrence
A296541,papers/A296/A296541.pdf,marked-value-neighbours,yes,4,order+recurrence
A296550,papers/A296/A296550.pdf,marked-value-neighbours,,2,gf+recurrence
A296551,papers/A296/A296551.pdf,marked-value-neighbours,,2,gf+recurrence
A296552,papers/A296/A296552.pdf,marked-value-neighbours,,2,gf+recurrence
A296554,papers/A296/A296554.pdf,marked-value-neighbours,yes,6,recurrence
A296572,papers/A296/A296572.pdf,marked-value-neighbours,,2,gf+recurrence
A296573,papers/A296/A296573.pdf,marked-value-neighbours,,1,recurrence
A296574,papers/A296/A296574.pdf,marked-value-neighbours,,1,recurrence
A296578,papers/A296/A296578.pdf,marked-value-neighbours,yes,4,order+recurrence
A296582,papers/A296/A296582.pdf,marked-value-neighbours,,2,gf+recurrence
A296583,papers/A296/A296583.pdf,marked-value-neighbours,,1,recurrence
A296584,papers/A296/A296584.pdf,marked-value-neighbours,,1,recurrence
A296588,papers/A296/A296588.pdf,marked-value-neighbours,yes,4,order+recurrence
A296593,papers/A296/A296593.pdf,marked-value-neighbours,,2,gf+recurrence
A296594,papers/A296/A296594.pdf,marked-value-neighbours,,1,recurrence
A296595,papers/A296/A296595.pdf,marked-value-neighbours,,1,recurrence
A296599,papers/A296/A296599.pdf,marked-value-neighbours,yes,4,order+recurrence
A296630,papers/A296/A296630.pdf,marked-value-neighbours,,1,recurrence
A296631,papers/A296/A296631.pdf,marked-value-neighbours,,1,recurrence
A296635,papers/A296/A296635.pdf,marked-value-neighbours,yes,4,order+recurrence
A296638,papers/A296/A296638.pdf,marked-value-neighbours,,1,recurrence
A296639,papers/A296/A296639.pdf,marked-value-neighbours,,1,order
A296643,papers/A296/A296643.pdf,marked-value-neighbours,yes,4,order+recurrence
A296645,papers/A296/A296645.pdf,marked-value-neighbours,,2,gf+recurrence
A296646,papers/A296/A296646.pdf,marked-value-neighbours,,2,gf+recurrence
A296647,papers/A296/A296647.pdf,marked-value-neighbours,,1,recurrence
A296648,papers/A296/A296648.pdf,marked-value-neighbours,,1,order
A296651,papers/A296/A296651.pdf,marked-value-neighbours,yes,4,order+recurrence
A296668,papers/A296/A296668.pdf,marked-value-neighbours,,2,gf+recurrence
A296669,papers/A296/A296669.pdf,marked-value-neighbours,,1,recurrence
A296670,papers/A296/A296670.pdf,marked-value-neighbours,,1,recurrence
A296671,papers/A296/A296671.pdf,marked-value-neighbours,,1,order
A296674,papers/A296/A296674.pdf,marked-value-neighbours,yes,4,order+recurrence
A296682,papers/A296/A296682.pdf,marked-value-neighbours,,2,gf+recurrence
A296683,papers/A296/A296683.pdf,marked-value-neighbours,,1,recurrence
A296684,papers/A296/A296684.pdf,marked-value-neighbours,,1,recurrence
A296685,papers/A296/A296685.pdf,marked-value-neighbours,,1,order
A296688,papers/A296/A296688.pdf,marked-value-neighbours,yes,4,order+recurrence
A296719,papers/A296/A296719.pdf,marked-value-neighbours,,2,gf+recurrence
A296720,papers/A296/A296720.pdf,marked-value-neighbours,,2,gf+recurrence
A296721,papers/A296/A296721.pdf,marked-value-neighbours,,1,recurrence
A296722,papers/A296/A296722.pdf,marked-value-neighbours,,1,recurrence
A296725,papers/A296/A296725.pdf,marked-value-neighbours,yes,5,order+recurrence
A296733,papers/A296/A296733.pdf,marked-value-neighbours,,2,gf+recurrence
A296734,papers/A296/A296734.pdf,marked-value-neighbours,,1,recurrence
A296735,papers/A296/A296735.pdf,marked-value-neighbours,,1,recurrence
A296739,papers/A296/A296739.pdf,marked-value-neighbours,yes,4,order+recurrence
A296798,papers/A296/A296798.pdf,marked-value-neighbours,,2,gf+recurrence
A296799,papers/A296/A296799.pdf,marked-value-neighbours,,1,recurrence
A296800,papers/A296/A296800.pdf,marked-value-neighbours,,1,recurrence
A296804,papers/A296/A296804.pdf,marked-value-neighbours,yes,4,order+recurrence
A296821,papers/A296/A296821.pdf,marked-value-neighbours,,2,gf+recurrence
A296822,papers/A296/A296822.pdf,marked-value-neighbours,,1,recurrence
A296823,papers/A296/A296823.pdf,marked-value-neighbours,,1,recurrence
A296827,papers/A296/A296827.pdf,marked-value-neighbours,yes,4,order+recurrence
A296829,papers/A296/A296829.pdf,marked-value-neighbours,,1,recurrence
A296830,papers/A296/A296830.pdf,marked-value-neighbours,,1,recurrence
A296834,papers/A296/A296834.pdf,marked-value-neighbours,yes,4,order+recurrence
A296946,papers/A296/A296946.pdf,marked-value-neighbours,,2,gf+recurrence
A296947,papers/A296/A296947.pdf,marked-value-neighbours,,1,recurrence
A296948,papers/A296/A296948.pdf,marked-value-neighbours,,1,recurrence
A296952,papers/A296/A296952.pdf,marked-value-neighbours,yes,4,order+recurrence
A296957,papers/A296/A296957.pdf,marked-value-neighbours,,2,gf+recurrence
A296958,papers/A296/A296958.pdf,marked-value-neighbours,,1,recurrence
A296959,papers/A296/A296959.pdf,marked-value-neighbours,,1,recurrence
A296963,papers/A296/A296963.pdf,marked-value-neighbours,yes,4,order+recurrence
A296968,papers/A296/A296968.pdf,marked-value-neighbours,,2,gf+recurrence
A296969,papers/A296/A296969.pdf,marked-value-neighbours,,1,recurrence
A296970,papers/A296/A296970.pdf,marked-value-neighbours,,1,recurrence
A296974,papers/A296/A296974.pdf,marked-value-neighbours,yes,4,order+recurrence
A296984,papers/A296/A296984.pdf,marked-value-neighbours,,2,gf+recurrence
A296985,papers/A296/A296985.pdf,marked-value-neighbours,,1,recurrence
A296986,papers/A296/A296986.pdf,marked-value-neighbours,,1,recurrence
A296990,papers/A296/A296990.pdf,marked-value-neighbours,yes,4,order+recurrence
A297015,papers/A297/A297015.pdf,marked-value-neighbours,,1,recurrence
A297016,papers/A297/A297016.pdf,marked-value-neighbours,,1,recurrence
A297020,papers/A297/A297020.pdf,marked-value-neighbours,yes,4,order+recurrence
A297067,papers/A297/A297067.pdf,marked-value-neighbours,,2,gf+recurrence
A297068,papers/A297/A297068.pdf,marked-value-neighbours,,1,recurrence
A297069,papers/A297/A297069.pdf,marked-value-neighbours,,1,recurrence
A297070,papers/A297/A297070.pdf,marked-value-neighbours,,1,order
A297073,papers/A297/A297073.pdf,marked-value-neighbours,yes,4,order+recurrence
A297079,papers/A297/A297079.pdf,marked-value-neighbours,,2,gf+recurrence
A297080,papers/A297/A297080.pdf,marked-value-neighbours,,1,recurrence
A297081,papers/A297/A297081.pdf,marked-value-neighbours,,1,recurrence
A297085,papers/A297/A297085.pdf,marked-value-neighbours,yes,4,order+recurrence
A297088,papers/A297/A297088.pdf,marked-value-neighbours,,2,gf+recurrence
A297089,papers/A297/A297089.pdf,marked-value-neighbours,,1,recurrence
A297090,papers/A297/A297090.pdf,marked-value-neighbours,,1,recurrence
A297094,papers/A297/A297094.pdf,marked-value-neighbours,yes,4,order+recurrence
A297096,papers/A297/A297096.pdf,marked-value-neighbours,,2,gf+recurrence
A297097,papers/A297/A297097.pdf,marked-value-neighbours,,1,recurrence
A297098,papers/A297/A297098.pdf,marked-value-neighbours,,1,recurrence
A297102,papers/A297/A297102.pdf,marked-value-neighbours,yes,4,order+recurrence
A297219,papers/A297/A297219.pdf,marked-value-neighbours,,2,gf+recurrence
A297220,papers/A297/A297220.pdf,marked-value-neighbours,,2,gf+recurrence
A297221,papers/A297/A297221.pdf,marked-value-neighbours,,2,gf+recurrence
A297222,papers/A297/A297222.pdf,marked-value-neighbours,,1,recurrence
A297223,papers/A297/A297223.pdf,marked-value-neighbours,,1,recurrence
A297224,papers/A297/A297224.pdf,marked-value-neighbours,yes,10,order+recurrence
A297225,papers/A297/A297225.pdf,marked-value-neighbours,,1,recurrence
A297226,papers/A297/A297226.pdf,marked-value-neighbours,,1,recurrence
A297227,papers/A297/A297227.pdf,marked-value-neighbours,,1,recurrence
A297296,papers/A297/A297296.pdf,marked-value-neighbours,,2,gf+recurrence
A297297,papers/A297/A297297.pdf,marked-value-neighbours,,1,recurrence
A297298,papers/A297/A297298.pdf,marked-value-neighbours,,1,recurrence
A297299,papers/A297/A297299.pdf,marked-value-neighbours,yes,13,order+recurrence
A297300,papers/A297/A297300.pdf,marked-value-neighbours,,2,gf+recurrence
A297301,papers/A297/A297301.pdf,marked-value-neighbours,,1,recurrence
A297302,papers/A297/A297302.pdf,marked-value-neighbours,,1,recurrence
A297303,papers/A297/A297303.pdf,marked-value-neighbours,,1,order
A297309,papers/A297/A297309.pdf,marked-value-neighbours,,2,gf+recurrence
A297310,papers/A297/A297310.pdf,marked-value-neighbours,,2,gf+recurrence
A297311,papers/A297/A297311.pdf,marked-value-neighbours,,1,recurrence
A297312,papers/A297/A297312.pdf,marked-value-neighbours,,1,recurrence
A297313,papers/A297/A297313.pdf,marked-value-neighbours,,1,recurrence
A297314,papers/A297/A297314.pdf,marked-value-neighbours,yes,8,order+recurrence
A297315,papers/A297/A297315.pdf,marked-value-neighbours,,2,gf+recurrence
A297316,papers/A297/A297316.pdf,marked-value-neighbours,,1,recurrence
A297317,papers/A297/A297317.pdf,marked-value-neighbours,,1,recurrence
A297333,papers/A297/A297333.pdf,marked-value-neighbours,,2,gf+recurrence
A297334,papers/A297/A297334.pdf,marked-value-neighbours,,2,gf+recurrence
A297335,papers/A297/A297335.pdf,marked-value-neighbours,,2,gf+recurrence
A297336,papers/A297/A297336.pdf,marked-value-neighbours,,1,recurrence
A297337,papers/A297/A297337.pdf,marked-value-neighbours,,1,recurrence
A297338,papers/A297/A297338.pdf,marked-value-neighbours,yes,10,order+recurrence
A297339,papers/A297/A297339.pdf,marked-value-neighbours,,2,gf+recurrence
A297340,papers/A297/A297340.pdf,marked-value-neighbours,,1,recurrence
A297341,papers/A297/A297341.pdf,marked-value-neighbours,,1,recurrence
A297342,papers/A297/A297342.pdf,marked-value-neighbours,,1,order
A297369,papers/A297/A297369.pdf,marked-value-neighbours,,2,gf+recurrence
A297370,papers/A297/A297370.pdf,marked-value-neighbours,,2,gf+recurrence
A297371,papers/A297/A297371.pdf,marked-value-neighbours,,1,recurrence
A297372,papers/A297/A297372.pdf,marked-value-neighbours,,1,recurrence
A297373,papers/A297/A297373.pdf,marked-value-neighbours,,1,recurrence
A297374,papers/A297/A297374.pdf,marked-value-neighbours,yes,8,order+recurrence
A297375,papers/A297/A297375.pdf,marked-value-neighbours,,2,gf+recurrence
A297376,papers/A297/A297376.pdf,marked-value-neighbours,,1,recurrence
A297377,papers/A297/A297377.pdf,marked-value-neighbours,,1,recurrence
A297378,papers/A297/A297378.pdf,marked-value-neighbours,,1,order
A297390,papers/A297/A297390.pdf,marked-value-neighbours,,2,gf+recurrence
A297391,papers/A297/A297391.pdf,marked-value-neighbours,,2,gf+recurrence
A297392,papers/A297/A297392.pdf,marked-value-neighbours,,1,recurrence
A297393,papers/A297/A297393.pdf,marked-value-neighbours,,1,recurrence
A297394,papers/A297/A297394.pdf,marked-value-neighbours,,1,recurrence
A297395,papers/A297/A297395.pdf,marked-value-neighbours,yes,12,order+recurrence
A297396,papers/A297/A297396.pdf,marked-value-neighbours,,2,gf+recurrence
A297397,papers/A297/A297397.pdf,marked-value-neighbours,,2,gf+recurrence
A297398,papers/A297/A297398.pdf,marked-value-neighbours,,1,recurrence
A297399,papers/A297/A297399.pdf,marked-value-neighbours,,1,recurrence
A297400,papers/A297/A297400.pdf,marked-value-neighbours,,1,order
A297426,papers/A297/A297426.pdf,marked-value-neighbours,,2,gf+recurrence
A297427,papers/A297/A297427.pdf,marked-value-neighbours,,2,gf+recurrence
A297428,papers/A297/A297428.pdf,marked-value-neighbours,,1,recurrence
A297429,papers/A297/A297429.pdf,marked-value-neighbours,,1,recurrence
A297430,papers/A297/A297430.pdf,marked-value-neighbours,,1,order
A297431,papers/A297/A297431.pdf,marked-value-neighbours,yes,12,order+recurrence
A297432,papers/A297/A297432.pdf,marked-value-neighbours,,2,gf+recurrence
A297433,papers/A297/A297433.pdf,marked-value-neighbours,,2,gf+recurrence
A297434,papers/A297/A297434.pdf,marked-value-neighbours,,2,gf+recurrence
A297435,papers/A297/A297435.pdf,marked-value-neighbours,,1,recurrence
A297436,papers/A297/A297436.pdf,marked-value-neighbours,,1,recurrence
A297452,papers/A297/A297452.pdf,marked-value-neighbours,,2,gf+recurrence
A297453,papers/A297/A297453.pdf,marked-value-neighbours,,1,recurrence
A297454,papers/A297/A297454.pdf,marked-value-neighbours,,1,recurrence
A297455,papers/A297/A297455.pdf,marked-value-neighbours,,1,recurrence
A297457,papers/A297/A297457.pdf,marked-value-neighbours,yes,10,order+recurrence
A297458,papers/A297/A297458.pdf,marked-value-neighbours,,2,gf+recurrence
A297459,papers/A297/A297459.pdf,marked-value-neighbours,,2,gf+recurrence
A297460,papers/A297/A297460.pdf,marked-value-neighbours,,1,recurrence
A297461,papers/A297/A297461.pdf,marked-value-neighbours,,1,recurrence
A297462,papers/A297/A297462.pdf,marked-value-neighbours,,1,order
A297501,papers/A297/A297501.pdf,marked-value-neighbours,,1,recurrence
A297502,papers/A297/A297502.pdf,marked-value-neighbours,,1,recurrence
A297503,papers/A297/A297503.pdf,marked-value-neighbours,,1,recurrence
A297506,papers/A297/A297506.pdf,marked-value-neighbours,yes,9,order+recurrence
A297507,papers/A297/A297507.pdf,marked-value-neighbours,,2,gf+recurrence
A297508,papers/A297/A297508.pdf,marked-value-neighbours,,2,gf+recurrence
A297509,papers/A297/A297509.pdf,marked-value-neighbours,,1,recurrence
A297510,papers/A297/A297510.pdf,marked-value-neighbours,,1,order
A297514,papers/A297/A297514.pdf,marked-value-neighbours,,2,gf+recurrence
A297515,papers/A297/A297515.pdf,marked-value-neighbours,,1,recurrence
A297516,papers/A297/A297516.pdf,marked-value-neighbours,,1,recurrence
A297519,papers/A297/A297519.pdf,marked-value-neighbours,yes,10,order+recurrence
A297520,papers/A297/A297520.pdf,marked-value-neighbours,,2,gf+recurrence
A297521,papers/A297/A297521.pdf,marked-value-neighbours,,1,recurrence
A297522,papers/A297/A297522.pdf,marked-value-neighbours,,1,recurrence
A297523,papers/A297/A297523.pdf,marked-value-neighbours,,1,order
A297539,papers/A297/A297539.pdf,marked-value-neighbours,,1,recurrence
A297540,papers/A297/A297540.pdf,marked-value-neighbours,,1,recurrence
A297541,papers/A297/A297541.pdf,marked-value-neighbours,,1,recurrence
A297544,papers/A297/A297544.pdf,marked-value-neighbours,yes,9,order+recurrence
A297545,papers/A297/A297545.pdf,marked-value-neighbours,,2,gf+recurrence
A297546,papers/A297/A297546.pdf,marked-value-neighbours,,1,recurrence
A297547,papers/A297/A297547.pdf,marked-value-neighbours,,1,recurrence
A297577,papers/A297/A297577.pdf,marked-value-neighbours,,2,gf+recurrence
A297578,papers/A297/A297578.pdf,marked-value-neighbours,,1,recurrence
A297579,papers/A297/A297579.pdf,marked-value-neighbours,,1,recurrence
A297580,papers/A297/A297580.pdf,marked-value-neighbours,,1,recurrence
A297582,papers/A297/A297582.pdf,marked-value-neighbours,yes,10,order+recurrence
A297583,papers/A297/A297583.pdf,marked-value-neighbours,,2,gf+recurrence
A297584,papers/A297/A297584.pdf,marked-value-neighbours,,2,gf+recurrence
A297585,papers/A297/A297585.pdf,marked-value-neighbours,,1,recurrence
A297586,papers/A297/A297586.pdf,marked-value-neighbours,,1,recurrence
A297587,papers/A297/A297587.pdf,marked-value-neighbours,,1,order
A297590,papers/A297/A297590.pdf,marked-value-neighbours,,2,gf+recurrence
A297591,papers/A297/A297591.pdf,marked-value-neighbours,,2,gf+recurrence
A297592,papers/A297/A297592.pdf,marked-value-neighbours,,1,recurrence
A297593,papers/A297/A297593.pdf,marked-value-neighbours,,1,recurrence
A297594,papers/A297/A297594.pdf,marked-value-neighbours,,1,order
A297595,papers/A297/A297595.pdf,marked-value-neighbours,yes,10,order+recurrence
A297596,papers/A297/A297596.pdf,marked-value-neighbours,,2,gf+recurrence
A297597,papers/A297/A297597.pdf,marked-value-neighbours,,1,recurrence
A297598,papers/A297/A297598.pdf,marked-value-neighbours,,1,recurrence
A297599,papers/A297/A297599.pdf,marked-value-neighbours,,1,recurrence
A297602,papers/A297/A297602.pdf,marked-value-neighbours,,1,recurrence
A297603,papers/A297/A297603.pdf,marked-value-neighbours,,1,recurrence
A297604,papers/A297/A297604.pdf,marked-value-neighbours,,1,recurrence
A297607,papers/A297/A297607.pdf,marked-value-neighbours,yes,8,order+recurrence
A297608,papers/A297/A297608.pdf,marked-value-neighbours,,1,recurrence
A297609,papers/A297/A297609.pdf,marked-value-neighbours,,1,recurrence
A297610,papers/A297/A297610.pdf,marked-value-neighbours,,1,recurrence
A297611,papers/A297/A297611.pdf,marked-value-neighbours,,1,order
A297632,papers/A297/A297632.pdf,marked-value-neighbours,,1,recurrence
A297633,papers/A297/A297633.pdf,marked-value-neighbours,,1,recurrence
A297634,papers/A297/A297634.pdf,marked-value-neighbours,,1,order
A297637,papers/A297/A297637.pdf,marked-value-neighbours,yes,8,order+recurrence
A297638,papers/A297/A297638.pdf,marked-value-neighbours,,1,recurrence
A297639,papers/A297/A297639.pdf,marked-value-neighbours,,1,recurrence
A297640,papers/A297/A297640.pdf,marked-value-neighbours,,1,recurrence
A297649,papers/A297/A297649.pdf,marked-value-neighbours,,1,recurrence
A297650,papers/A297/A297650.pdf,marked-value-neighbours,,1,recurrence
A297651,papers/A297/A297651.pdf,marked-value-neighbours,,1,order
A297654,papers/A297/A297654.pdf,marked-value-neighbours,yes,8,order+recurrence
A297655,papers/A297/A297655.pdf,marked-value-neighbours,,1,recurrence
A297656,papers/A297/A297656.pdf,marked-value-neighbours,,1,recurrence
A297657,papers/A297/A297657.pdf,marked-value-neighbours,,1,recurrence
A297677,papers/A297/A297677.pdf,marked-value-neighbours,,1,recurrence
A297678,papers/A297/A297678.pdf,marked-value-neighbours,,1,recurrence
A297679,papers/A297/A297679.pdf,marked-value-neighbours,,1,recurrence
A297680,papers/A297/A297680.pdf,marked-value-neighbours,,1,order
A297682,papers/A297/A297682.pdf,marked-value-neighbours,yes,8,order+recurrence
A297683,papers/A297/A297683.pdf,marked-value-neighbours,,1,recurrence
A297684,papers/A297/A297684.pdf,marked-value-neighbours,,1,recurrence
A297685,papers/A297/A297685.pdf,marked-value-neighbours,,1,recurrence
A297689,papers/A297/A297689.pdf,marked-value-neighbours,,1,recurrence
A297690,papers/A297/A297690.pdf,marked-value-neighbours,,1,recurrence
A297691,papers/A297/A297691.pdf,marked-value-neighbours,,1,recurrence
A297694,papers/A297/A297694.pdf,marked-value-neighbours,yes,10,order+recurrence
A297695,papers/A297/A297695.pdf,marked-value-neighbours,,1,recurrence
A297696,papers/A297/A297696.pdf,marked-value-neighbours,,1,recurrence
A297697,papers/A297/A297697.pdf,marked-value-neighbours,,1,recurrence
A297698,papers/A297/A297698.pdf,marked-value-neighbours,,1,order
A297715,papers/A297/A297715.pdf,marked-value-neighbours,,1,recurrence
A297716,papers/A297/A297716.pdf,marked-value-neighbours,,1,recurrence
A297717,papers/A297/A297717.pdf,marked-value-neighbours,,1,order
A297720,papers/A297/A297720.pdf,marked-value-neighbours,yes,8,order+recurrence
A297721,papers/A297/A297721.pdf,marked-value-neighbours,,1,recurrence
A297722,papers/A297/A297722.pdf,marked-value-neighbours,,1,recurrence
A297723,papers/A297/A297723.pdf,marked-value-neighbours,,1,recurrence
A297728,papers/A297/A297728.pdf,marked-value-neighbours,,1,recurrence
A297729,papers/A297/A297729.pdf,marked-value-neighbours,,1,recurrence
A297730,papers/A297/A297730.pdf,marked-value-neighbours,,1,recurrence
A297733,papers/A297/A297733.pdf,marked-value-neighbours,yes,10,order+recurrence
A297734,papers/A297/A297734.pdf,marked-value-neighbours,,1,recurrence
A297735,papers/A297/A297735.pdf,marked-value-neighbours,,1,recurrence
A297736,papers/A297/A297736.pdf,marked-value-neighbours,,1,recurrence
A297737,papers/A297/A297737.pdf,marked-value-neighbours,,1,order
A297744,papers/A297/A297744.pdf,marked-value-neighbours,,1,recurrence
A297745,papers/A297/A297745.pdf,marked-value-neighbours,,1,recurrence
A297746,papers/A297/A297746.pdf,marked-value-neighbours,,1,order
A297749,papers/A297/A297749.pdf,marked-value-neighbours,yes,9,order+recurrence
A297750,papers/A297/A297750.pdf,marked-value-neighbours,,1,recurrence
A297751,papers/A297/A297751.pdf,marked-value-neighbours,,1,recurrence
A297752,papers/A297/A297752.pdf,marked-value-neighbours,,1,recurrence
A297757,papers/A297/A297757.pdf,marked-value-neighbours,,1,recurrence
A297758,papers/A297/A297758.pdf,marked-value-neighbours,,1,recurrence
A297759,papers/A297/A297759.pdf,marked-value-neighbours,,1,order
A297762,papers/A297/A297762.pdf,marked-value-neighbours,yes,9,order+recurrence
A297763,papers/A297/A297763.pdf,marked-value-neighbours,,1,recurrence
A297764,papers/A297/A297764.pdf,marked-value-neighbours,,1,recurrence
A297765,papers/A297/A297765.pdf,marked-value-neighbours,,1,recurrence
A297797,papers/A297/A297797.pdf,marked-value-neighbours,,1,recurrence
A297798,papers/A297/A297798.pdf,marked-value-neighbours,,1,recurrence
A297799,papers/A297/A297799.pdf,marked-value-neighbours,,1,order
A297803,papers/A297/A297803.pdf,marked-value-neighbours,,1,recurrence
A297804,papers/A297/A297804.pdf,marked-value-neighbours,,1,recurrence
A297809,papers/A297/A297809.pdf,neighbour-count,,2,gf+recurrence
A297810,papers/A297/A297810.pdf,neighbour-count,,1,recurrence
A297811,papers/A297/A297811.pdf,neighbour-count,,1,recurrence
A297812,papers/A297/A297812.pdf,neighbour-count,,1,recurrence
A297813,papers/A297/A297813.pdf,neighbour-count,,1,recurrence
A297814,papers/A297/A297814.pdf,neighbour-count,yes,7,order+recurrence
A297817,papers/A297/A297817.pdf,neighbour-count,,1,recurrence
A297818,papers/A297/A297818.pdf,neighbour-count,,1,recurrence
A297819,papers/A297/A297819.pdf,neighbour-count,,1,recurrence
A297820,papers/A297/A297820.pdf,neighbour-count,,1,recurrence
A297821,papers/A297/A297821.pdf,neighbour-count,,1,order
A297823,papers/A297/A297823.pdf,neighbour-count,yes,5,order+recurrence
A297852,papers/A297/A297852.pdf,neighbour-count,,2,gf+recurrence
A297853,papers/A297/A297853.pdf,neighbour-count,,2,gf+recurrence
A297854,papers/A297/A297854.pdf,neighbour-count,,1,recurrence
A297855,papers/A297/A297855.pdf,neighbour-count,,1,recurrence
A297858,papers/A297/A297858.pdf,neighbour-count,yes,5,order+recurrence
A297860,papers/A297/A297860.pdf,neighbour-count,,2,gf+recurrence
A297861,papers/A297/A297861.pdf,neighbour-count,,1,recurrence
A297862,papers/A297/A297862.pdf,neighbour-count,,1,recurrence
A297866,papers/A297/A297866.pdf,neighbour-count,yes,3,order+recurrence
A297870,papers/A297/A297870.pdf,neighbour-count,,1,recurrence
A297871,papers/A297/A297871.pdf,neighbour-count,,1,recurrence
A297872,papers/A297/A297872.pdf,neighbour-count,,1,recurrence
A297876,papers/A297/A297876.pdf,neighbour-count,yes,4,order+recurrence
A297883,papers/A297/A297883.pdf,neighbour-count,,2,gf+recurrence
A297884,papers/A297/A297884.pdf,neighbour-count,,1,recurrence
A297885,papers/A297/A297885.pdf,neighbour-count,,1,recurrence
A297886,papers/A297/A297886.pdf,neighbour-count,,1,order
A297889,papers/A297/A297889.pdf,neighbour-count,yes,5,order+recurrence
A297901,papers/A297/A297901.pdf,neighbour-count,,2,gf+recurrence
A297902,papers/A297/A297902.pdf,neighbour-count,,1,recurrence
A297903,papers/A297/A297903.pdf,neighbour-count,,1,recurrence
A297907,papers/A297/A297907.pdf,neighbour-count,yes,4,order+recurrence
A297909,papers/A297/A297909.pdf,neighbour-count,,2,gf+recurrence
A297910,papers/A297/A297910.pdf,neighbour-count,,1,recurrence
A297911,papers/A297/A297911.pdf,neighbour-count,,1,recurrence
A297915,papers/A297/A297915.pdf,neighbour-count,yes,4,order+recurrence
A297917,papers/A297/A297917.pdf,neighbour-count,,2,gf+recurrence
A297918,papers/A297/A297918.pdf,neighbour-count,,1,recurrence
A297919,papers/A297/A297919.pdf,neighbour-count,,1,recurrence
A297923,papers/A297/A297923.pdf,neighbour-count,yes,4,order+recurrence
A297937,papers/A297/A297937.pdf,neighbour-count,,1,recurrence
A297938,papers/A297/A297938.pdf,neighbour-count,,1,recurrence
A297939,papers/A297/A297939.pdf,neighbour-count,,1,recurrence
A297943,papers/A297/A297943.pdf,neighbour-count,yes,4,order+recurrence
A297945,papers/A297/A297945.pdf,neighbour-count,,2,gf+recurrence
A297946,papers/A297/A297946.pdf,neighbour-count,,1,recurrence
A297947,papers/A297/A297947.pdf,neighbour-count,,1,recurrence
A297951,papers/A297/A297951.pdf,neighbour-count,yes,4,order+recurrence
A297953,papers/A297/A297953.pdf,neighbour-count,,2,gf+recurrence
A297954,papers/A297/A297954.pdf,neighbour-count,,2,gf+recurrence
A297955,papers/A297/A297955.pdf,neighbour-count,,1,recurrence
A297959,papers/A297/A297959.pdf,neighbour-count,yes,4,order+recurrence
A297972,papers/A297/A297972.pdf,neighbour-count,,2,gf+recurrence
A297973,papers/A297/A297973.pdf,neighbour-count,,1,recurrence
A297974,papers/A297/A297974.pdf,neighbour-count,,1,recurrence
A297978,papers/A297/A297978.pdf,neighbour-count,yes,4,order+recurrence
A297980,papers/A297/A297980.pdf,neighbour-count,,2,gf+recurrence
A297981,papers/A297/A297981.pdf,neighbour-count,,2,gf+recurrence
A297982,papers/A297/A297982.pdf,neighbour-count,,1,recurrence
A297983,papers/A297/A297983.pdf,neighbour-count,,1,recurrence
A297984,papers/A297/A297984.pdf,neighbour-count,,1,recurrence
A297986,papers/A297/A297986.pdf,neighbour-count,yes,6,order+recurrence
A297988,papers/A297/A297988.pdf,neighbour-count,,1,recurrence
A297989,papers/A297/A297989.pdf,neighbour-count,,1,recurrence
A297990,papers/A297/A297990.pdf,neighbour-count,,1,order
A297993,papers/A297/A297993.pdf,neighbour-count,yes,5,order+recurrence
A298050,papers/A298/A298050.pdf,neighbour-count,,1,recurrence
A298051,papers/A298/A298051.pdf,neighbour-count,,1,recurrence
A298055,papers/A298/A298055.pdf,neighbour-count,yes,4,order+recurrence
A298057,papers/A298/A298057.pdf,neighbour-count,,2,gf+recurrence
A298058,papers/A298/A298058.pdf,neighbour-count,,1,recurrence
A298059,papers/A298/A298059.pdf,neighbour-count,,1,order
A298063,papers/A298/A298063.pdf,neighbour-count,yes,4,order+recurrence
A298065,papers/A298/A298065.pdf,neighbour-count,,1,recurrence
A298066,papers/A298/A298066.pdf,neighbour-count,,1,recurrence
A298070,papers/A298/A298070.pdf,neighbour-count,yes,4,order+recurrence
A298082,papers/A298/A298082.pdf,neighbour-count,,1,recurrence
A298083,papers/A298/A298083.pdf,neighbour-count,,1,recurrence
A298087,papers/A298/A298087.pdf,neighbour-count,yes,4,order+recurrence
A298089,papers/A298/A298089.pdf,neighbour-count,,1,recurrence
A298090,papers/A298/A298090.pdf,neighbour-count,,1,recurrence
A298093,papers/A298/A298093.pdf,neighbour-count,yes,5,order+recurrence
A298095,papers/A298/A298095.pdf,neighbour-count,,1,recurrence
A298096,papers/A298/A298096.pdf,neighbour-count,,1,recurrence
A298097,papers/A298/A298097.pdf,neighbour-count,,1,recurrence
A298100,papers/A298/A298100.pdf,neighbour-count,yes,5,order+recurrence
A298128,papers/A298/A298128.pdf,neighbour-count,,1,recurrence
A298129,papers/A298/A298129.pdf,neighbour-count,,1,recurrence
A298133,papers/A298/A298133.pdf,neighbour-count,yes,4,order+recurrence
A298135,papers/A298/A298135.pdf,neighbour-count,,1,recurrence
A298139,papers/A298/A298139.pdf,neighbour-count,yes,4,order+recurrence
A298141,papers/A298/A298141.pdf,neighbour-count,,2,gf+recurrence
A298142,papers/A298/A298142.pdf,neighbour-count,,1,recurrence
A298143,papers/A298/A298143.pdf,neighbour-count,,1,recurrence
A298144,papers/A298/A298144.pdf,neighbour-count,,1,order
A298146,papers/A298/A298146.pdf,neighbour-count,yes,5,order+recurrence
A298148,papers/A298/A298148.pdf,neighbour-count,,1,recurrence
A298149,papers/A298/A298149.pdf,neighbour-count,,1,recurrence
A298150,papers/A298/A298150.pdf,neighbour-count,,1,order
A298154,papers/A298/A298154.pdf,neighbour-count,yes,4,order+recurrence
A298163,papers/A298/A298163.pdf,neighbour-count,,2,gf+recurrence
A298164,papers/A298/A298164.pdf,neighbour-count,,1,recurrence
A298167,papers/A298/A298167.pdf,neighbour-count,yes,4,order+recurrence
A298175,papers/A298/A298175.pdf,neighbour-count,,1,recurrence
A298177,papers/A298/A298177.pdf,neighbour-count,yes,6,order+recurrence
A298179,papers/A298/A298179.pdf,neighbour-count,,1,recurrence
A298180,papers/A298/A298180.pdf,neighbour-count,,1,recurrence
A298181,papers/A298/A298181.pdf,neighbour-count,,1,recurrence
A298182,papers/A298/A298182.pdf,neighbour-count,,1,recurrence
A298183,papers/A298/A298183.pdf,neighbour-count,yes,7,order+recurrence
A298185,papers/A298/A298185.pdf,neighbour-count,,1,recurrence
A298186,papers/A298/A298186.pdf,neighbour-count,,1,recurrence
A298187,papers/A298/A298187.pdf,neighbour-count,yes,7,recurrence
A298189,papers/A298/A298189.pdf,neighbour-count,,1,recurrence
A298190,papers/A298/A298190.pdf,neighbour-count,,1,recurrence
A298191,papers/A298/A298191.pdf,neighbour-count,,1,recurrence
A298195,papers/A298/A298195.pdf,neighbour-count,yes,4,order+recurrence
A298215,papers/A298/A298215.pdf,neighbour-count,,1,recurrence
A298216,papers/A298/A298216.pdf,neighbour-count,,1,recurrence
A298217,papers/A298/A298217.pdf,neighbour-count,,1,recurrence
A298221,papers/A298/A298221.pdf,neighbour-count,yes,4,order+recurrence
A298225,papers/A298/A298225.pdf,neighbour-count,,1,recurrence
A298226,papers/A298/A298226.pdf,neighbour-count,,1,recurrence
A298230,papers/A298/A298230.pdf,neighbour-count,yes,4,order+recurrence
A298234,papers/A298/A298234.pdf,neighbour-count,,1,recurrence
A298235,papers/A298/A298235.pdf,neighbour-count,,1,recurrence
A298236,papers/A298/A298236.pdf,neighbour-count,,1,recurrence
A298240,papers/A298/A298240.pdf,neighbour-count,yes,3,order+recurrence
A298254,papers/A298/A298254.pdf,neighbour-count,,1,recurrence
A298255,papers/A298/A298255.pdf,neighbour-count,,1,recurrence
A298259,papers/A298/A298259.pdf,neighbour-count,yes,4,order+recurrence
A298275,papers/A298/A298275.pdf,neighbour-count,,1,recurrence
A298276,papers/A298/A298276.pdf,neighbour-count,,1,recurrence
A298277,papers/A298/A298277.pdf,neighbour-count,,1,order
A298280,papers/A298/A298280.pdf,neighbour-count,yes,4,order+recurrence
A298282,papers/A298/A298282.pdf,neighbour-count,,2,gf+recurrence
A298283,papers/A298/A298283.pdf,neighbour-count,,1,recurrence
A298287,papers/A298/A298287.pdf,neighbour-count,yes,4,order+recurrence
A298289,papers/A298/A298289.pdf,neighbour-count,,1,recurrence
A298290,papers/A298/A298290.pdf,neighbour-count,,1,recurrence
A298294,papers/A298/A298294.pdf,neighbour-count,yes,4,order+recurrence
A298315,papers/A298/A298315.pdf,neighbour-count,,1,recurrence
A298316,papers/A298/A298316.pdf,neighbour-count,,1,order
A298320,papers/A298/A298320.pdf,neighbour-count,yes,4,order+recurrence
A298323,papers/A298/A298323.pdf,neighbour-count,,1,recurrence
A298324,papers/A298/A298324.pdf,neighbour-count,,1,order
A298328,papers/A298/A298328.pdf,neighbour-count,yes,4,order+recurrence
A298332,papers/A298/A298332.pdf,neighbour-count,,1,recurrence
A298333,papers/A298/A298333.pdf,neighbour-count,,1,recurrence
A298337,papers/A298/A298337.pdf,neighbour-count,yes,4,order+recurrence
A298377,papers/A298/A298377.pdf,neighbour-count,,1,recurrence
A298378,papers/A298/A298378.pdf,neighbour-count,,1,order
A298382,papers/A298/A298382.pdf,neighbour-count,yes,4,order+recurrence
A298384,papers/A298/A298384.pdf,neighbour-count,,1,recurrence
A298385,papers/A298/A298385.pdf,neighbour-count,,1,order
A298389,papers/A298/A298389.pdf,neighbour-count,yes,4,order+recurrence
A298391,papers/A298/A298391.pdf,neighbour-count,,1,recurrence
A298392,papers/A298/A298392.pdf,neighbour-count,,1,order
A298396,papers/A298/A298396.pdf,neighbour-count,yes,4,order+recurrence
A298439,papers/A298/A298439.pdf,neighbour-count,,1,recurrence
A298440,papers/A298/A298440.pdf,neighbour-count,,1,recurrence
A298444,papers/A298/A298444.pdf,neighbour-count,yes,4,order+recurrence
A298448,papers/A298/A298448.pdf,neighbour-count,,1,recurrence
A298449,papers/A298/A298449.pdf,neighbour-count,,1,recurrence
A298450,papers/A298/A298450.pdf,neighbour-count,,1,recurrence
A298454,papers/A298/A298454.pdf,neighbour-count,yes,4,order+recurrence
A298456,papers/A298/A298456.pdf,neighbour-count,,1,recurrence
A298457,papers/A298/A298457.pdf,neighbour-count,,1,recurrence
A298461,papers/A298/A298461.pdf,neighbour-count,yes,4,order+recurrence
A298489,papers/A298/A298489.pdf,neighbour-count,,1,recurrence
A298490,papers/A298/A298490.pdf,neighbour-count,,1,recurrence
A298494,papers/A298/A298494.pdf,neighbour-count,yes,4,order+recurrence
A298496,papers/A298/A298496.pdf,neighbour-count,,1,recurrence
A298497,papers/A298/A298497.pdf,neighbour-count,,1,recurrence
A298501,papers/A298/A298501.pdf,neighbour-count,yes,4,order+recurrence
A298503,papers/A298/A298503.pdf,neighbour-count,,1,recurrence
A298504,papers/A298/A298504.pdf,neighbour-count,,1,recurrence
A298508,papers/A298/A298508.pdf,neighbour-count,yes,4,order+recurrence
A298542,papers/A298/A298542.pdf,neighbour-count,,1,recurrence
A298543,papers/A298/A298543.pdf,neighbour-count,,1,recurrence
A298547,papers/A298/A298547.pdf,neighbour-count,yes,4,order+recurrence
A298549,papers/A298/A298549.pdf,neighbour-count,,1,recurrence
A298550,papers/A298/A298550.pdf,neighbour-count,,1,order
A298554,papers/A298/A298554.pdf,neighbour-count,yes,4,order+recurrence
A298556,papers/A298/A298556.pdf,neighbour-count,,1,recurrence
A298560,papers/A298/A298560.pdf,neighbour-count,yes,4,order+recurrence
A298569,papers/A298/A298569.pdf,neighbour-count,,1,recurrence
A298570,papers/A298/A298570.pdf,neighbour-count,,1,recurrence
A298571,papers/A298/A298571.pdf,neighbour-count,,1,recurrence
A298575,papers/A298/A298575.pdf,neighbour-count,yes,3,order+recurrence
A298577,papers/A298/A298577.pdf,neighbour-count,,1,recurrence
A298578,papers/A298/A298578.pdf,neighbour-count,,1,recurrence
A298582,papers/A298/A298582.pdf,neighbour-count,yes,4,order+recurrence
A298584,papers/A298/A298584.pdf,neighbour-count,,1,recurrence
A298585,papers/A298/A298585.pdf,neighbour-count,,1,recurrence
A298589,papers/A298/A298589.pdf,neighbour-count,yes,4,order+recurrence
A298617,papers/A298/A298617.pdf,neighbour-count,,1,recurrence
A298618,papers/A298/A298618.pdf,neighbour-count,,1,recurrence
A298622,papers/A298/A298622.pdf,neighbour-count,yes,4,order+recurrence
A298624,papers/A298/A298624.pdf,neighbour-count,,1,recurrence
A298625,papers/A298/A298625.pdf,neighbour-count,,1,recurrence
A298629,papers/A298/A298629.pdf,neighbour-count,yes,4,order+recurrence
A298631,papers/A298/A298631.pdf,neighbour-count,,1,recurrence
A298632,papers/A298/A298632.pdf,neighbour-count,,1,recurrence
A298635,papers/A298/A298635.pdf,neighbour-count,yes,5,order+recurrence
A298653,papers/A298/A298653.pdf,neighbour-count,yes,4,order+recurrence
A298656,papers/A298/A298656.pdf,neighbour-count,,1,recurrence
A298660,papers/A298/A298660.pdf,neighbour-count,yes,4,order+recurrence
A298662,papers/A298/A298662.pdf,neighbour-count,,1,recurrence
A298663,papers/A298/A298663.pdf,neighbour-count,,1,recurrence
A298667,papers/A298/A298667.pdf,neighbour-count,yes,4,order+recurrence
A298707,papers/A298/A298707.pdf,neighbour-count,,1,recurrence
A298708,papers/A298/A298708.pdf,neighbour-count,,1,order
A298712,papers/A298/A298712.pdf,neighbour-count,yes,4,order+recurrence
A298714,papers/A298/A298714.pdf,neighbour-count,,1,recurrence
A298715,papers/A298/A298715.pdf,neighbour-count,,1,recurrence
A298719,papers/A298/A298719.pdf,neighbour-count,yes,4,order+recurrence
A298722,papers/A298/A298722.pdf,neighbour-count,,1,recurrence
A298723,papers/A298/A298723.pdf,neighbour-count,,1,recurrence
A298727,papers/A298/A298727.pdf,neighbour-count,yes,4,order+recurrence
A298765,papers/A298/A298765.pdf,neighbour-count,,1,recurrence
A298766,papers/A298/A298766.pdf,neighbour-count,,1,recurrence
A298770,papers/A298/A298770.pdf,neighbour-count,yes,4,order+recurrence
A298775,papers/A298/A298775.pdf,neighbour-count,yes,4,order+recurrence
A298777,papers/A298/A298777.pdf,neighbour-count,,1,recurrence
A298778,papers/A298/A298778.pdf,neighbour-count,,1,recurrence
A298782,papers/A298/A298782.pdf,neighbour-count,yes,4,order+recurrence
A298829,papers/A298/A298829.pdf,neighbour-count,,1,recurrence
A298830,papers/A298/A298830.pdf,neighbour-count,,1,recurrence
A298834,papers/A298/A298834.pdf,neighbour-count,yes,4,order+recurrence
A298836,papers/A298/A298836.pdf,neighbour-count,,1,recurrence
A298837,papers/A298/A298837.pdf,neighbour-count,,1,recurrence
A298841,papers/A298/A298841.pdf,neighbour-count,yes,4,order+recurrence
A298846,papers/A298/A298846.pdf,neighbour-count,yes,4,order+recurrence
A298888,papers/A298/A298888.pdf,neighbour-count,yes,4,order+recurrence
A298890,papers/A298/A298890.pdf,neighbour-count,,1,recurrence
A298891,papers/A298/A298891.pdf,neighbour-count,,1,recurrence
A298895,papers/A298/A298895.pdf,neighbour-count,yes,4,order+recurrence
A298897,papers/A298/A298897.pdf,neighbour-count,,1,recurrence
A298898,papers/A298/A298898.pdf,neighbour-count,,1,recurrence
A298899,papers/A298/A298899.pdf,neighbour-count,,1,recurrence
A298902,papers/A298/A298902.pdf,neighbour-count,yes,5,order+recurrence
A298914,papers/A298/A298914.pdf,neighbour-count,,1,recurrence
A298915,papers/A298/A298915.pdf,neighbour-count,,1,recurrence
A298916,papers/A298/A298916.pdf,neighbour-count,,1,recurrence
A298917,papers/A298/A298917.pdf,neighbour-count,yes,6,recurrence
A298919,papers/A298/A298919.pdf,neighbour-count,,1,recurrence
A298920,papers/A298/A298920.pdf,neighbour-count,,1,recurrence
A298921,papers/A298/A298921.pdf,neighbour-count,,1,recurrence
A298924,papers/A298/A298924.pdf,neighbour-count,yes,5,recurrence
A298926,papers/A298/A298926.pdf,neighbour-count,,1,recurrence
A298930,papers/A298/A298930.pdf,neighbour-count,yes,4,order+recurrence
A298954,papers/A298/A298954.pdf,neighbour-count,,1,recurrence
A298957,papers/A298/A298957.pdf,neighbour-count,yes,5,order+recurrence
A298959,papers/A298/A298959.pdf,neighbour-count,,1,recurrence
A298960,papers/A298/A298960.pdf,neighbour-count,,1,recurrence
A298961,papers/A298/A298961.pdf,neighbour-count,,1,recurrence
A298963,papers/A298/A298963.pdf,neighbour-count,yes,6,order+recurrence
A298965,papers/A298/A298965.pdf,neighbour-count,,1,recurrence
A298966,papers/A298/A298966.pdf,neighbour-count,,1,recurrence
A298967,papers/A298/A298967.pdf,neighbour-count,,1,order
A298970,papers/A298/A298970.pdf,neighbour-count,yes,4,order+recurrence
A298996,papers/A298/A298996.pdf,neighbour-count,,1,recurrence
A298997,papers/A298/A298997.pdf,neighbour-count,,1,recurrence
A299001,papers/A299/A299001.pdf,neighbour-count,yes,4,order+recurrence
A299003,papers/A299/A299003.pdf,neighbour-count,,1,recurrence
A299004,papers/A299/A299004.pdf,neighbour-count,,1,order
A299008,papers/A299/A299008.pdf,neighbour-count,yes,4,order+recurrence
A299010,papers/A299/A299010.pdf,neighbour-count,,1,recurrence
A299011,papers/A299/A299011.pdf,neighbour-count,,1,order
A299015,papers/A299/A299015.pdf,neighbour-count,yes,4,order+recurrence
A299047,papers/A299/A299047.pdf,neighbour-count,,1,recurrence
A299048,papers/A299/A299048.pdf,neighbour-count,,1,recurrence
A299052,papers/A299/A299052.pdf,neighbour-count,yes,4,order+recurrence
A299055,papers/A299/A299055.pdf,neighbour-count,,1,recurrence
A299056,papers/A299/A299056.pdf,neighbour-count,,1,recurrence
A299060,papers/A299/A299060.pdf,neighbour-count,yes,4,order+recurrence
A299062,papers/A299/A299062.pdf,neighbour-count,,1,recurrence
A299063,papers/A299/A299063.pdf,neighbour-count,,1,recurrence
A299064,papers/A299/A299064.pdf,neighbour-count,,1,order
A299067,papers/A299/A299067.pdf,neighbour-count,yes,1,recurrence
A299076,papers/A299/A299076.pdf,neighbour-count,,1,recurrence
A299077,papers/A299/A299077.pdf,neighbour-count,,1,recurrence
A299081,papers/A299/A299081.pdf,neighbour-count,yes,4,order+recurrence
A299084,papers/A299/A299084.pdf,neighbour-count,,1,recurrence
A299085,papers/A299/A299085.pdf,neighbour-count,,1,recurrence
A299089,papers/A299/A299089.pdf,neighbour-count,yes,4,order+recurrence
A299092,papers/A299/A299092.pdf,neighbour-count,,1,recurrence
A299093,papers/A299/A299093.pdf,neighbour-count,,1,order
A299097,papers/A299/A299097.pdf,neighbour-count,yes,4,order+recurrence
A299123,papers/A299/A299123.pdf,neighbour-count,,1,recurrence
A299124,papers/A299/A299124.pdf,neighbour-count,,1,order
A299128,papers/A299/A299128.pdf,neighbour-count,yes,4,order+recurrence
A299130,papers/A299/A299130.pdf,neighbour-count,,1,recurrence
A299131,papers/A299/A299131.pdf,neighbour-count,,1,recurrence
A299135,papers/A299/A299135.pdf,neighbour-count,yes,4,order+recurrence
A299137,papers/A299/A299137.pdf,neighbour-count,,2,gf+recurrence
A299138,papers/A299/A299138.pdf,neighbour-count,,1,recurrence
A299142,papers/A299/A299142.pdf,neighbour-count,yes,4,order+recurrence
A299176,papers/A299/A299176.pdf,neighbour-count,,1,recurrence
A299180,papers/A299/A299180.pdf,neighbour-count,yes,4,order+recurrence
A299182,papers/A299/A299182.pdf,neighbour-count,,1,recurrence
A299183,papers/A299/A299183.pdf,neighbour-count,,1,recurrence
A299187,papers/A299/A299187.pdf,neighbour-count,yes,4,order+recurrence
A299189,papers/A299/A299189.pdf,neighbour-count,,1,recurrence
A299190,papers/A299/A299190.pdf,neighbour-count,,1,order
A299194,papers/A299/A299194.pdf,neighbour-count,yes,4,order+recurrence
A299216,papers/A299/A299216.pdf,neighbour-count,,1,recurrence
A299217,papers/A299/A299217.pdf,neighbour-count,,1,order
A299221,papers/A299/A299221.pdf,neighbour-count,yes,1,order
A299223,papers/A299/A299223.pdf,neighbour-count,,1,recurrence
A299224,papers/A299/A299224.pdf,neighbour-count,,1,recurrence
A299228,papers/A299/A299228.pdf,neighbour-count,yes,4,order+recurrence
A299244,papers/A299/A299244.pdf,neighbour-count,,1,recurrence
A299245,papers/A299/A299245.pdf,neighbour-count,,1,order
A299249,papers/A299/A299249.pdf,neighbour-count,yes,4,order+recurrence
A299303,papers/A299/A299303.pdf,neighbour-count,,1,order
A299307,papers/A299/A299307.pdf,neighbour-count,yes,4,order+recurrence
A299309,papers/A299/A299309.pdf,neighbour-count,,1,recurrence
A299310,papers/A299/A299310.pdf,neighbour-count,,1,recurrence
A299314,papers/A299/A299314.pdf,neighbour-count,yes,4,order+recurrence
A299316,papers/A299/A299316.pdf,neighbour-count,,1,recurrence
A299317,papers/A299/A299317.pdf,neighbour-count,,1,recurrence
A299321,papers/A299/A299321.pdf,neighbour-count,yes,4,order+recurrence
A299329,papers/A299/A299329.pdf,neighbour-count,,1,recurrence
A299330,papers/A299/A299330.pdf,neighbour-count,,1,recurrence
A299331,papers/A299/A299331.pdf,neighbour-count,,1,order
A299340,papers/A299/A299340.pdf,neighbour-count,,1,recurrence
A299341,papers/A299/A299341.pdf,neighbour-count,,1,recurrence
A299345,papers/A299/A299345.pdf,neighbour-count,yes,4,order+recurrence
A299350,papers/A299/A299350.pdf,neighbour-count,yes,4,order+recurrence
A299359,papers/A299/A299359.pdf,neighbour-count,yes,4,order+recurrence
A299361,papers/A299/A299361.pdf,neighbour-count,,1,recurrence
A299362,papers/A299/A299362.pdf,neighbour-count,,1,recurrence
A299366,papers/A299/A299366.pdf,neighbour-count,yes,4,order+recurrence
A299368,papers/A299/A299368.pdf,neighbour-count,,1,recurrence
A299369,papers/A299/A299369.pdf,neighbour-count,,1,recurrence
A299373,papers/A299/A299373.pdf,neighbour-count,yes,4,order+recurrence
A299388,papers/A299/A299388.pdf,neighbour-count,yes,2,order+recurrence
A299393,papers/A299/A299393.pdf,neighbour-count,yes,4,order+recurrence
A299398,papers/A299/A299398.pdf,neighbour-count,yes,4,order+recurrence
A299446,papers/A299/A299446.pdf,neighbour-count,,1,recurrence
A299447,papers/A299/A299447.pdf,neighbour-count,,1,recurrence
A299451,papers/A299/A299451.pdf,neighbour-count,yes,4,order+recurrence
A299453,papers/A299/A299453.pdf,neighbour-count,,1,recurrence
A299454,papers/A299/A299454.pdf,neighbour-count,,1,order
A299458,papers/A299/A299458.pdf,neighbour-count,yes,4,order+recurrence
A299460,papers/A299/A299460.pdf,neighbour-count,,1,recurrence
A299461,papers/A299/A299461.pdf,neighbour-count,,1,order
A299465,papers/A299/A299465.pdf,neighbour-count,yes,4,order+recurrence
A299509,papers/A299/A299509.pdf,neighbour-count,,1,recurrence
A299510,papers/A299/A299510.pdf,neighbour-count,,1,order
A299514,papers/A299/A299514.pdf,neighbour-count,yes,4,order+recurrence
A299516,papers/A299/A299516.pdf,neighbour-count,,1,recurrence
A299517,papers/A299/A299517.pdf,neighbour-count,,1,recurrence
A299521,papers/A299/A299521.pdf,neighbour-count,yes,4,order+recurrence
A299523,papers/A299/A299523.pdf,neighbour-count,,1,recurrence
A299524,papers/A299/A299524.pdf,neighbour-count,,1,recurrence
A299528,papers/A299/A299528.pdf,neighbour-count,yes,4,order+recurrence
A299549,papers/A299/A299549.pdf,neighbour-count,,1,recurrence
A299550,papers/A299/A299550.pdf,neighbour-count,,1,recurrence
A299554,papers/A299/A299554.pdf,neighbour-count,yes,4,order+recurrence
A299556,papers/A299/A299556.pdf,neighbour-count,,1,recurrence
A299557,papers/A299/A299557.pdf,neighbour-count,,1,order
A299561,papers/A299/A299561.pdf,neighbour-count,yes,4,order+recurrence
A299563,papers/A299/A299563.pdf,neighbour-count,,1,order
A299567,papers/A299/A299567.pdf,neighbour-count,yes,4,order+recurrence
A299569,papers/A299/A299569.pdf,neighbour-count,,1,recurrence
A299570,papers/A299/A299570.pdf,neighbour-count,,1,recurrence
A299574,papers/A299/A299574.pdf,neighbour-count,yes,4,order+recurrence
A299576,papers/A299/A299576.pdf,neighbour-count,,1,recurrence
A299577,papers/A299/A299577.pdf,neighbour-count,,1,recurrence
A299581,papers/A299/A299581.pdf,neighbour-count,yes,4,order+recurrence
A299583,papers/A299/A299583.pdf,neighbour-count,,1,recurrence
A299584,papers/A299/A299584.pdf,neighbour-count,,1,order
A299588,papers/A299/A299588.pdf,neighbour-count,yes,4,order+recurrence
A299590,papers/A299/A299590.pdf,neighbour-count,,2,gf+recurrence
A299591,papers/A299/A299591.pdf,neighbour-count,,2,gf+recurrence
A299592,papers/A299/A299592.pdf,neighbour-count,,2,gf+recurrence
A299593,papers/A299/A299593.pdf,neighbour-count,,2,gf+recurrence
A299594,papers/A299/A299594.pdf,neighbour-count,,2,gf+recurrence
A299595,papers/A299/A299595.pdf,neighbour-count,yes,3,recurrence
A299597,papers/A299/A299597.pdf,neighbour-count,,1,recurrence
A299598,papers/A299/A299598.pdf,neighbour-count,,1,recurrence
A299602,papers/A299/A299602.pdf,neighbour-count,yes,4,order+recurrence
A299607,papers/A299/A299607.pdf,neighbour-count,yes,4,order+recurrence
A299612,papers/A299/A299612.pdf,neighbour-count,yes,4,order+recurrence
A299649,papers/A299/A299649.pdf,neighbour-count,,1,recurrence
A299650,papers/A299/A299650.pdf,neighbour-count,,1,recurrence
A299651,papers/A299/A299651.pdf,neighbour-count,,1,recurrence
A299652,papers/A299/A299652.pdf,neighbour-count,,1,order
A299654,papers/A299/A299654.pdf,neighbour-count,yes,4,order+recurrence
A299656,papers/A299/A299656.pdf,neighbour-count,,1,recurrence
A299657,papers/A299/A299657.pdf,neighbour-count,,1,recurrence
A299658,papers/A299/A299658.pdf,neighbour-count,,1,order
A299661,papers/A299/A299661.pdf,neighbour-count,yes,4,order+recurrence
A299663,papers/A299/A299663.pdf,neighbour-count,,1,recurrence
A299664,papers/A299/A299664.pdf,neighbour-count,,1,recurrence
A299668,papers/A299/A299668.pdf,neighbour-count,yes,4,order+recurrence
A299670,papers/A299/A299670.pdf,neighbour-count,,1,recurrence
A299671,papers/A299/A299671.pdf,neighbour-count,,1,order
A299675,papers/A299/A299675.pdf,neighbour-count,yes,4,order+recurrence
A299677,papers/A299/A299677.pdf,neighbour-count,,1,recurrence
A299678,papers/A299/A299678.pdf,neighbour-count,,1,recurrence
A299682,papers/A299/A299682.pdf,neighbour-count,yes,4,order+recurrence
A299684,papers/A299/A299684.pdf,neighbour-count,,1,recurrence
A299685,papers/A299/A299685.pdf,neighbour-count,,1,recurrence
A299689,papers/A299/A299689.pdf,neighbour-count,yes,4,order+recurrence
A299716,papers/A299/A299716.pdf,neighbour-count,,1,recurrence
A299717,papers/A299/A299717.pdf,neighbour-count,,1,recurrence
A299718,papers/A299/A299718.pdf,neighbour-count,,1,order
A299721,papers/A299/A299721.pdf,neighbour-count,yes,4,order+recurrence
A299723,papers/A299/A299723.pdf,neighbour-count,,1,recurrence
A299724,papers/A299/A299724.pdf,neighbour-count,,1,recurrence
A299725,papers/A299/A299725.pdf,neighbour-count,,1,recurrence
A299726,papers/A299/A299726.pdf,neighbour-count,,1,order
A299728,papers/A299/A299728.pdf,neighbour-count,yes,4,order+recurrence
A299735,papers/A299/A299735.pdf,neighbour-count,,1,recurrence
A299736,papers/A299/A299736.pdf,neighbour-count,,1,recurrence
A299737,papers/A299/A299737.pdf,neighbour-count,,1,order
A299740,papers/A299/A299740.pdf,neighbour-count,yes,4,order+recurrence
A299746,papers/A299/A299746.pdf,neighbour-count,yes,4,order+recurrence
A299748,papers/A299/A299748.pdf,neighbour-count,,1,recurrence
A299749,papers/A299/A299749.pdf,neighbour-count,,1,order
A299753,papers/A299/A299753.pdf,neighbour-count,yes,4,order+recurrence
A299801,papers/A299/A299801.pdf,neighbour-count,,1,recurrence
A299802,papers/A299/A299802.pdf,neighbour-count,,1,order
A299806,papers/A299/A299806.pdf,neighbour-count,yes,4,order+recurrence
A299809,papers/A299/A299809.pdf,neighbour-count,,1,recurrence
A299810,papers/A299/A299810.pdf,neighbour-count,,1,recurrence
A299814,papers/A299/A299814.pdf,neighbour-count,yes,4,order+recurrence
A299816,papers/A299/A299816.pdf,neighbour-count,,1,recurrence
A299817,papers/A299/A299817.pdf,neighbour-count,,1,recurrence
A299821,papers/A299/A299821.pdf,neighbour-count,yes,4,order+recurrence
A299834,papers/A299/A299834.pdf,neighbour-count,,1,recurrence
A299835,papers/A299/A299835.pdf,neighbour-count,,1,recurrence
A299836,papers/A299/A299836.pdf,neighbour-count,,1,order
A299839,papers/A299/A299839.pdf,neighbour-count,yes,4,order+recurrence
A299844,papers/A299/A299844.pdf,neighbour-count,yes,4,order+recurrence
A299847,papers/A299/A299847.pdf,neighbour-count,,1,recurrence
A299848,papers/A299/A299848.pdf,neighbour-count,,1,recurrence
A299852,papers/A299/A299852.pdf,neighbour-count,yes,4,order+recurrence
A299874,papers/A299/A299874.pdf,neighbour-count,,1,recurrence
A299875,papers/A299/A299875.pdf,neighbour-count,,1,order
A299879,papers/A299/A299879.pdf,neighbour-count,yes,4,order+recurrence
A299881,papers/A299/A299881.pdf,neighbour-count,,1,recurrence
A299882,papers/A299/A299882.pdf,neighbour-count,,1,order
A299886,papers/A299/A299886.pdf,neighbour-count,yes,4,order+recurrence
A299888,papers/A299/A299888.pdf,neighbour-count,,1,recurrence
A299889,papers/A299/A299889.pdf,neighbour-count,,1,recurrence
A299893,papers/A299/A299893.pdf,neighbour-count,yes,4,order+recurrence
A299932,papers/A299/A299932.pdf,neighbour-count,,1,recurrence
A299933,papers/A299/A299933.pdf,neighbour-count,,1,recurrence
A299937,papers/A299/A299937.pdf,neighbour-count,yes,4,order+recurrence
A299942,papers/A299/A299942.pdf,neighbour-count,yes,4,order+recurrence
A299948,papers/A299/A299948.pdf,neighbour-count,yes,4,order+recurrence
A300030,papers/A300/A300030.pdf,neighbour-count,yes,4,order+recurrence
A300035,papers/A300/A300035.pdf,neighbour-count,yes,4,order+recurrence
A300040,papers/A300/A300040.pdf,neighbour-count,yes,4,order+recurrence
A300084,papers/A300/A300084.pdf,neighbour-count,,1,recurrence
A300085,papers/A300/A300085.pdf,neighbour-count,,1,recurrence
A300089,papers/A300/A300089.pdf,neighbour-count,yes,4,order+recurrence
A300091,papers/A300/A300091.pdf,neighbour-count,,1,recurrence
A300092,papers/A300/A300092.pdf,neighbour-count,,1,order
A300096,papers/A300/A300096.pdf,neighbour-count,yes,4,order+recurrence
A300104,papers/A300/A300104.pdf,neighbour-count,,1,order
A300108,papers/A300/A300108.pdf,neighbour-count,yes,4,order+recurrence
A300110,papers/A300/A300110.pdf,neighbour-count,,1,recurrence
A300111,papers/A300/A300111.pdf,neighbour-count,,1,recurrence
A300115,papers/A300/A300115.pdf,neighbour-count,yes,4,order+recurrence
A300133,papers/A300/A300133.pdf,neighbour-count,,1,recurrence
A300134,papers/A300/A300134.pdf,neighbour-count,,1,recurrence
A300138,papers/A300/A300138.pdf,neighbour-count,yes,4,order+recurrence
A300141,papers/A300/A300141.pdf,neighbour-count,,1,recurrence
A300142,papers/A300/A300142.pdf,neighbour-count,,1,recurrence
A300146,papers/A300/A300146.pdf,neighbour-count,yes,4,order+recurrence
A300170,papers/A300/A300170.pdf,neighbour-count,,1,recurrence
A300171,papers/A300/A300171.pdf,neighbour-count,,1,recurrence
A300172,papers/A300/A300172.pdf,neighbour-count,,1,order
A300175,papers/A300/A300175.pdf,neighbour-count,yes,5,order+recurrence
A300177,papers/A300/A300177.pdf,neighbour-count,,2,gf+recurrence
A300178,papers/A300/A300178.pdf,neighbour-count,,1,recurrence
A300179,papers/A300/A300179.pdf,neighbour-count,,1,recurrence
A300180,papers/A300/A300180.pdf,neighbour-count,,1,recurrence
A300182,papers/A300/A300182.pdf,neighbour-count,yes,4,recurrence
A300203,papers/A300/A300203.pdf,neighbour-count,,2,gf+recurrence
A300204,papers/A300/A300204.pdf,neighbour-count,,1,recurrence
A300205,papers/A300/A300205.pdf,neighbour-count,,1,recurrence
A300208,papers/A300/A300208.pdf,neighbour-count,yes,4,order+recurrence
A300210,papers/A300/A300210.pdf,neighbour-count,,1,recurrence
A300211,papers/A300/A300211.pdf,neighbour-count,,1,recurrence
A300212,papers/A300/A300212.pdf,neighbour-count,,1,order
A300215,papers/A300/A300215.pdf,neighbour-count,yes,4,order+recurrence
A300259,papers/A300/A300259.pdf,neighbour-count,yes,4,order+recurrence
A300262,papers/A300/A300262.pdf,neighbour-count,,1,recurrence
A300263,papers/A300/A300263.pdf,neighbour-count,,1,order
A300267,papers/A300/A300267.pdf,neighbour-count,yes,4,order+recurrence
A300309,papers/A300/A300309.pdf,neighbour-count,,1,recurrence
A300310,papers/A300/A300310.pdf,neighbour-count,,1,recurrence
A300314,papers/A300/A300314.pdf,neighbour-count,yes,4,order+recurrence
A300316,papers/A300/A300316.pdf,neighbour-count,,1,recurrence
A300317,papers/A300/A300317.pdf,neighbour-count,,1,recurrence
A300321,papers/A300/A300321.pdf,neighbour-count,yes,4,order+recurrence
A300337,papers/A300/A300337.pdf,neighbour-count,,1,recurrence
A300338,papers/A300/A300338.pdf,neighbour-count,,1,recurrence
A300339,papers/A300/A300339.pdf,neighbour-count,,1,order
A300342,papers/A300/A300342.pdf,neighbour-count,yes,5,order+recurrence
A300344,papers/A300/A300344.pdf,neighbour-count,,2,gf+recurrence
A300345,papers/A300/A300345.pdf,neighbour-count,,1,recurrence
A300346,papers/A300/A300346.pdf,neighbour-count,,1,recurrence
A300347,papers/A300/A300347.pdf,neighbour-count,,1,recurrence
A300348,papers/A300/A300348.pdf,neighbour-count,,1,recurrence
A300349,papers/A300/A300349.pdf,neighbour-count,,1,recurrence
A300350,papers/A300/A300350.pdf,neighbour-count,yes,6,order+recurrence
A300367,papers/A300/A300367.pdf,neighbour-count,,1,recurrence
A300368,papers/A300/A300368.pdf,neighbour-count,,1,recurrence
A300372,papers/A300/A300372.pdf,neighbour-count,yes,4,order+recurrence
A300374,papers/A300/A300374.pdf,neighbour-count,,1,recurrence
A300375,papers/A300/A300375.pdf,neighbour-count,,1,recurrence
A300376,papers/A300/A300376.pdf,neighbour-count,,1,order
A300380,papers/A300/A300380.pdf,neighbour-count,yes,4,order+recurrence
A300421,papers/A300/A300421.pdf,neighbour-count,,2,gf+recurrence
A300422,papers/A300/A300422.pdf,neighbour-count,,1,recurrence
A300423,papers/A300/A300423.pdf,neighbour-count,,1,recurrence
A300427,papers/A300/A300427.pdf,neighbour-count,yes,4,order+recurrence
A300430,papers/A300/A300430.pdf,neighbour-count,,1,recurrence
A300435,papers/A300/A300435.pdf,neighbour-count,yes,3,order+recurrence
A300460,papers/A300/A300460.pdf,neighbour-count,,1,recurrence
A300461,papers/A300/A300461.pdf,neighbour-count,,1,recurrence
A300465,papers/A300/A300465.pdf,neighbour-count,yes,4,order+recurrence
A300467,papers/A300/A300467.pdf,neighbour-count,,1,recurrence
A300468,papers/A300/A300468.pdf,neighbour-count,,1,recurrence
A300469,papers/A300/A300469.pdf,neighbour-count,,1,recurrence
A300472,papers/A300/A300472.pdf,neighbour-count,yes,4,order+recurrence
A300493,papers/A300/A300493.pdf,neighbour-count,,1,recurrence
A300494,papers/A300/A300494.pdf,neighbour-count,,1,order
A300498,papers/A300/A300498.pdf,neighbour-count,yes,4,order+recurrence
A300500,papers/A300/A300500.pdf,neighbour-count,,1,recurrence
A300501,papers/A300/A300501.pdf,neighbour-count,,1,recurrence
A300502,papers/A300/A300502.pdf,neighbour-count,,1,order
A300506,papers/A300/A300506.pdf,neighbour-count,yes,4,order+recurrence
A300533,papers/A300/A300533.pdf,neighbour-count,,1,recurrence
A300534,papers/A300/A300534.pdf,neighbour-count,,1,recurrence
A300535,papers/A300/A300535.pdf,neighbour-count,,1,order
A300539,papers/A300/A300539.pdf,neighbour-count,yes,4,order+recurrence
A300541,papers/A300/A300541.pdf,neighbour-count,,1,recurrence
A300542,papers/A300/A300542.pdf,neighbour-count,,1,recurrence
A300546,papers/A300/A300546.pdf,neighbour-count,yes,4,order+recurrence
A300600,papers/A300/A300600.pdf,neighbour-count,,1,recurrence
A300605,papers/A300/A300605.pdf,neighbour-count,yes,3,order+recurrence
A300607,papers/A300/A300607.pdf,neighbour-count,,1,recurrence
A300608,papers/A300/A300608.pdf,neighbour-count,,1,order
A300612,papers/A300/A300612.pdf,neighbour-count,yes,4,order+recurrence
A300634,papers/A300/A300634.pdf,neighbour-count,,1,recurrence
A300639,papers/A300/A300639.pdf,neighbour-count,yes,3,order+recurrence
A300641,papers/A300/A300641.pdf,neighbour-count,,1,recurrence
A300642,papers/A300/A300642.pdf,neighbour-count,,1,recurrence
A300646,papers/A300/A300646.pdf,neighbour-count,yes,4,order+recurrence
A300677,papers/A300/A300677.pdf,neighbour-count,,1,recurrence
A300678,papers/A300/A300678.pdf,neighbour-count,,1,order
A300682,papers/A300/A300682.pdf,neighbour-count,yes,4,order+recurrence
A300684,papers/A300/A300684.pdf,neighbour-count,,1,recurrence
A300685,papers/A300/A300685.pdf,neighbour-count,,1,recurrence
A300689,papers/A300/A300689.pdf,neighbour-count,yes,4,order+recurrence
A300769,papers/A300/A300769.pdf,neighbour-count,yes,3,order+recurrence
A300771,papers/A300/A300771.pdf,neighbour-count,,1,recurrence
A300772,papers/A300/A300772.pdf,neighbour-count,,1,recurrence
A300776,papers/A300/A300776.pdf,neighbour-count,yes,4,order+recurrence
A300799,papers/A300/A300799.pdf,neighbour-count,,1,recurrence
A300800,papers/A300/A300800.pdf,neighbour-count,,1,recurrence
A300801,papers/A300/A300801.pdf,neighbour-count,,1,recurrence
A300802,papers/A300/A300802.pdf,neighbour-count,,1,order
A300804,papers/A300/A300804.pdf,neighbour-count,yes,4,order+recurrence
A300806,papers/A300/A300806.pdf,neighbour-count,,1,recurrence
A300807,papers/A300/A300807.pdf,neighbour-count,,1,recurrence
A300811,papers/A300/A300811.pdf,neighbour-count,yes,4,order+recurrence
A300876,papers/A300/A300876.pdf,neighbour-count,,1,recurrence
A300877,papers/A300/A300877.pdf,neighbour-count,,1,order
A300881,papers/A300/A300881.pdf,neighbour-count,yes,4,order+recurrence
A300883,papers/A300/A300883.pdf,neighbour-count,,1,recurrence
A300884,papers/A300/A300884.pdf,neighbour-count,,1,order
A300888,papers/A300/A300888.pdf,neighbour-count,yes,4,order+recurrence
A300918,papers/A300/A300918.pdf,neighbour-count,,1,recurrence
A300919,papers/A300/A300919.pdf,neighbour-count,,1,recurrence
A300923,papers/A300/A300923.pdf,neighbour-count,yes,4,order+recurrence
A300925,papers/A300/A300925.pdf,neighbour-count,,1,recurrence
A300926,papers/A300/A300926.pdf,neighbour-count,,1,recurrence
A300927,papers/A300/A300927.pdf,neighbour-count,,1,order
A300930,papers/A300/A300930.pdf,neighbour-count,yes,4,order+recurrence
A300933,papers/A300/A300933.pdf,neighbour-count,,1,order
A300937,papers/A300/A300937.pdf,neighbour-count,yes,4,order+recurrence
A300939,papers/A300/A300939.pdf,neighbour-count,,1,recurrence
A300944,papers/A300/A300944.pdf,neighbour-count,yes,3,order+recurrence
A300961,papers/A300/A300961.pdf,neighbour-count,,1,recurrence
A300962,papers/A300/A300962.pdf,neighbour-count,,1,order
A300966,papers/A300/A300966.pdf,neighbour-count,yes,4,order+recurrence
A300968,papers/A300/A300968.pdf,neighbour-count,,1,recurrence
A300969,papers/A300/A300969.pdf,neighbour-count,,1,recurrence
A300973,papers/A300/A300973.pdf,neighbour-count,yes,4,order+recurrence
A301320,papers/A301/A301320.pdf,neighbour-count,,1,recurrence
A301321,papers/A301/A301321.pdf,neighbour-count,,1,recurrence
A301322,papers/A301/A301322.pdf,neighbour-count,,1,recurrence
A301323,papers/A301/A301323.pdf,neighbour-count,yes,5,order+recurrence
A301325,papers/A301/A301325.pdf,neighbour-count,,1,recurrence
A301330,papers/A301/A301330.pdf,neighbour-count,yes,3,order+recurrence
A301349,papers/A301/A301349.pdf,neighbour-count,,1,recurrence
A301350,papers/A301/A301350.pdf,neighbour-count,,1,order
A301354,papers/A301/A301354.pdf,neighbour-count,yes,4,order+recurrence
A301356,papers/A301/A301356.pdf,neighbour-count,,1,recurrence
A301361,papers/A301/A301361.pdf,neighbour-count,yes,3,order+recurrence
A301395,papers/A301/A301395.pdf,neighbour-count,,1,recurrence
A301396,papers/A301/A301396.pdf,neighbour-count,,1,recurrence
A301400,papers/A301/A301400.pdf,neighbour-count,yes,4,order+recurrence
A301402,papers/A301/A301402.pdf,neighbour-count,,1,recurrence
A301403,papers/A301/A301403.pdf,neighbour-count,,1,recurrence
A301404,papers/A301/A301404.pdf,neighbour-count,,1,recurrence
A301405,papers/A301/A301405.pdf,neighbour-count,,1,recurrence
A301406,papers/A301/A301406.pdf,neighbour-count,,1,order
A301407,papers/A301/A301407.pdf,neighbour-count,yes,4,recurrence
A301438,papers/A301/A301438.pdf,neighbour-count,,1,recurrence
A301439,papers/A301/A301439.pdf,neighbour-count,,1,recurrence
A301440,papers/A301/A301440.pdf,neighbour-count,,1,recurrence
A301441,papers/A301/A301441.pdf,neighbour-count,,1,order
A301445,papers/A301/A301445.pdf,neighbour-count,,1,recurrence
A301446,papers/A301/A301446.pdf,neighbour-count,,1,recurrence
A301450,papers/A301/A301450.pdf,neighbour-count,yes,4,order+recurrence
A301486,papers/A301/A301486.pdf,neighbour-count,,1,recurrence
A301487,papers/A301/A301487.pdf,neighbour-count,,1,order
A301491,papers/A301/A301491.pdf,neighbour-count,yes,1,order
A301493,papers/A301/A301493.pdf,neighbour-count,,1,recurrence
A301494,papers/A301/A301494.pdf,neighbour-count,,1,order
A301498,papers/A301/A301498.pdf,neighbour-count,yes,4,order+recurrence
A301526,papers/A301/A301526.pdf,neighbour-count,,1,recurrence
A301527,papers/A301/A301527.pdf,neighbour-count,,1,recurrence
A301531,papers/A301/A301531.pdf,neighbour-count,yes,4,order+recurrence
A301536,papers/A301/A301536.pdf,neighbour-count,,1,recurrence
A301537,papers/A301/A301537.pdf,neighbour-count,,1,recurrence
A301541,papers/A301/A301541.pdf,neighbour-count,yes,4,order+recurrence
A301603,papers/A301/A301603.pdf,neighbour-count,,1,recurrence
A301604,papers/A301/A301604.pdf,neighbour-count,,1,recurrence
A301608,papers/A301/A301608.pdf,neighbour-count,yes,4,order+recurrence
A301610,papers/A301/A301610.pdf,neighbour-count,,1,recurrence
A301611,papers/A301/A301611.pdf,neighbour-count,,1,recurrence
A301612,papers/A301/A301612.pdf,neighbour-count,,1,order
A301615,papers/A301/A301615.pdf,neighbour-count,yes,5,order+recurrence
A301657,papers/A301/A301657.pdf,neighbour-count,,1,recurrence
A301658,papers/A301/A301658.pdf,neighbour-count,,1,recurrence
A301659,papers/A301/A301659.pdf,neighbour-count,,1,recurrence
A301660,papers/A301/A301660.pdf,neighbour-count,,1,recurrence
A301661,papers/A301/A301661.pdf,neighbour-count,,1,recurrence
A301662,papers/A301/A301662.pdf,neighbour-count,yes,7,order+recurrence
A301664,papers/A301/A301664.pdf,neighbour-count,,1,recurrence
A301665,papers/A301/A301665.pdf,neighbour-count,,1,recurrence
A301669,papers/A301/A301669.pdf,neighbour-count,yes,4,order+recurrence
A301779,papers/A301/A301779.pdf,neighbour-count,,1,recurrence
A301780,papers/A301/A301780.pdf,neighbour-count,,1,recurrence
A301781,papers/A301/A301781.pdf,neighbour-count,,1,recurrence
A301782,papers/A301/A301782.pdf,neighbour-count,,1,recurrence
A301784,papers/A301/A301784.pdf,neighbour-count,yes,4,recurrence
A301786,papers/A301/A301786.pdf,neighbour-count,,1,recurrence
A301787,papers/A301/A301787.pdf,neighbour-count,,1,recurrence
A301788,papers/A301/A301788.pdf,neighbour-count,,1,recurrence
A301789,papers/A301/A301789.pdf,neighbour-count,,1,recurrence
A301790,papers/A301/A301790.pdf,neighbour-count,yes,12,recurrence
A301791,papers/A301/A301791.pdf,neighbour-count,,1,recurrence
A301792,papers/A301/A301792.pdf,neighbour-count,,1,recurrence
A301793,papers/A301/A301793.pdf,neighbour-count,,1,recurrence
A301794,papers/A301/A301794.pdf,neighbour-count,,1,recurrence
A301795,papers/A301/A301795.pdf,neighbour-count,,1,recurrence
A301796,papers/A301/A301796.pdf,neighbour-count,,1,recurrence
A301819,papers/A301/A301819.pdf,neighbour-count,,1,recurrence
A301820,papers/A301/A301820.pdf,neighbour-count,,1,recurrence
A301821,papers/A301/A301821.pdf,neighbour-count,,1,recurrence
A301822,papers/A301/A301822.pdf,neighbour-count,,1,recurrence
A301823,papers/A301/A301823.pdf,neighbour-count,yes,10,order+recurrence
A301824,papers/A301/A301824.pdf,neighbour-count,,1,recurrence
A301825,papers/A301/A301825.pdf,neighbour-count,,1,order
A301836,papers/A301/A301836.pdf,neighbour-count,,1,recurrence
A301837,papers/A301/A301837.pdf,neighbour-count,,1,recurrence
A301838,papers/A301/A301838.pdf,neighbour-count,,1,recurrence
A301839,papers/A301/A301839.pdf,neighbour-count,,1,recurrence
A301840,papers/A301/A301840.pdf,neighbour-count,,1,order
A301841,papers/A301/A301841.pdf,neighbour-count,yes,8,order+recurrence
A301842,papers/A301/A301842.pdf,neighbour-count,,1,recurrence
A301843,papers/A301/A301843.pdf,neighbour-count,,1,recurrence
A301844,papers/A301/A301844.pdf,neighbour-count,,1,recurrence
A301879,papers/A301/A301879.pdf,neighbour-count,,1,recurrence
A301880,papers/A301/A301880.pdf,neighbour-count,,1,recurrence
A301881,papers/A301/A301881.pdf,neighbour-count,,1,recurrence
A301882,papers/A301/A301882.pdf,neighbour-count,,1,recurrence
A301883,papers/A301/A301883.pdf,neighbour-count,,1,order
A301884,papers/A301/A301884.pdf,neighbour-count,yes,8,order+recurrence
A301885,papers/A301/A301885.pdf,neighbour-count,,1,recurrence
A301886,papers/A301/A301886.pdf,neighbour-count,,1,recurrence
A301902,papers/A301/A301902.pdf,neighbour-count,,1,recurrence
A301903,papers/A301/A301903.pdf,neighbour-count,,1,recurrence
A301904,papers/A301/A301904.pdf,neighbour-count,,1,recurrence
A301905,papers/A301/A301905.pdf,neighbour-count,,1,recurrence
A301906,papers/A301/A301906.pdf,neighbour-count,yes,10,order+recurrence
A301907,papers/A301/A301907.pdf,neighbour-count,,1,recurrence
A301946,papers/A301/A301946.pdf,neighbour-count,,1,recurrence
A301947,papers/A301/A301947.pdf,neighbour-count,,1,recurrence
A301948,papers/A301/A301948.pdf,neighbour-count,,1,recurrence
A301949,papers/A301/A301949.pdf,neighbour-count,,1,recurrence
A301950,papers/A301/A301950.pdf,neighbour-count,,1,recurrence
A301951,papers/A301/A301951.pdf,neighbour-count,yes,9,order+recurrence
A301952,papers/A301/A301952.pdf,neighbour-count,,1,recurrence
A301953,papers/A301/A301953.pdf,neighbour-count,,1,recurrence
A301959,papers/A301/A301959.pdf,neighbour-count,,1,recurrence
A301960,papers/A301/A301960.pdf,neighbour-count,,1,recurrence
A301961,papers/A301/A301961.pdf,neighbour-count,,1,recurrence
A301962,papers/A301/A301962.pdf,neighbour-count,,1,recurrence
A301963,papers/A301/A301963.pdf,neighbour-count,,1,recurrence
A301964,papers/A301/A301964.pdf,neighbour-count,yes,12,order+recurrence
A301965,papers/A301/A301965.pdf,neighbour-count,,1,recurrence
A301966,papers/A301/A301966.pdf,neighbour-count,,1,recurrence
A301967,papers/A301/A301967.pdf,neighbour-count,,1,recurrence
A301968,papers/A301/A301968.pdf,neighbour-count,,1,recurrence
A301969,papers/A301/A301969.pdf,neighbour-count,,1,recurrence
A301994,papers/A301/A301994.pdf,neighbour-count,,1,recurrence
A301995,papers/A301/A301995.pdf,neighbour-count,,1,recurrence
A301996,papers/A301/A301996.pdf,neighbour-count,,1,recurrence
A301997,papers/A301/A301997.pdf,neighbour-count,,1,recurrence
A301999,papers/A301/A301999.pdf,neighbour-count,yes,8,order+recurrence
A302000,papers/A302/A302000.pdf,neighbour-count,,1,recurrence
A302006,papers/A302/A302006.pdf,neighbour-count,,1,recurrence
A302007,papers/A302/A302007.pdf,neighbour-count,,1,recurrence
A302008,papers/A302/A302008.pdf,neighbour-count,,1,recurrence
A302009,papers/A302/A302009.pdf,neighbour-count,,1,recurrence
A302010,papers/A302/A302010.pdf,neighbour-count,yes,8,recurrence
A302011,papers/A302/A302011.pdf,neighbour-count,,1,recurrence
A302012,papers/A302/A302012.pdf,neighbour-count,,1,recurrence
A302013,papers/A302/A302013.pdf,neighbour-count,,1,recurrence
A302064,papers/A302/A302064.pdf,neighbour-count,,1,recurrence
A302065,papers/A302/A302065.pdf,neighbour-count,,1,recurrence
A302066,papers/A302/A302066.pdf,neighbour-count,,1,recurrence
A302067,papers/A302/A302067.pdf,neighbour-count,,1,recurrence
A302069,papers/A302/A302069.pdf,neighbour-count,yes,8,order+recurrence
A302070,papers/A302/A302070.pdf,neighbour-count,,1,recurrence
A302071,papers/A302/A302071.pdf,neighbour-count,,1,recurrence
A302076,papers/A302/A302076.pdf,neighbour-count,,1,recurrence
A302077,papers/A302/A302077.pdf,neighbour-count,,1,recurrence
A302078,papers/A302/A302078.pdf,neighbour-count,,1,recurrence
A302079,papers/A302/A302079.pdf,neighbour-count,,1,recurrence
A302080,papers/A302/A302080.pdf,neighbour-count,,1,order
A302081,papers/A302/A302081.pdf,neighbour-count,yes,9,order+recurrence
A302082,papers/A302/A302082.pdf,neighbour-count,,1,recurrence
A302083,papers/A302/A302083.pdf,neighbour-count,,1,order
A302146,papers/A302/A302146.pdf,neighbour-count,,1,recurrence
A302147,papers/A302/A302147.pdf,neighbour-count,,1,recurrence
A302148,papers/A302/A302148.pdf,neighbour-count,,1,recurrence
A302149,papers/A302/A302149.pdf,neighbour-count,,1,order
A302150,papers/A302/A302150.pdf,neighbour-count,yes,10,order+recurrence
A302151,papers/A302/A302151.pdf,neighbour-count,,1,recurrence
A302152,papers/A302/A302152.pdf,neighbour-count,,1,order
A302158,papers/A302/A302158.pdf,neighbour-count,,1,recurrence
A302159,papers/A302/A302159.pdf,neighbour-count,,1,recurrence
A302160,papers/A302/A302160.pdf,neighbour-count,,1,recurrence
A302161,papers/A302/A302161.pdf,neighbour-count,,1,recurrence
A302162,papers/A302/A302162.pdf,neighbour-count,,1,recurrence
A302163,papers/A302/A302163.pdf,neighbour-count,yes,12,order+recurrence
A302164,papers/A302/A302164.pdf,neighbour-count,,1,recurrence
A302165,papers/A302/A302165.pdf,neighbour-count,,1,recurrence
A302166,papers/A302/A302166.pdf,neighbour-count,,1,recurrence
A302167,papers/A302/A302167.pdf,neighbour-count,,1,recurrence
A302168,papers/A302/A302168.pdf,neighbour-count,,1,recurrence
A302169,papers/A302/A302169.pdf,neighbour-count,,1,order
A302207,papers/A302/A302207.pdf,neighbour-count,,1,recurrence
A302208,papers/A302/A302208.pdf,neighbour-count,,1,recurrence
A302209,papers/A302/A302209.pdf,neighbour-count,,1,recurrence
A302212,papers/A302/A302212.pdf,neighbour-count,yes,9,order+recurrence
A302213,papers/A302/A302213.pdf,neighbour-count,,1,recurrence
A302214,papers/A302/A302214.pdf,neighbour-count,,1,recurrence
A302219,papers/A302/A302219.pdf,neighbour-count,,1,recurrence
A302220,papers/A302/A302220.pdf,neighbour-count,,1,recurrence
A302221,papers/A302/A302221.pdf,neighbour-count,,1,order
A302224,papers/A302/A302224.pdf,neighbour-count,yes,9,order+recurrence
A302225,papers/A302/A302225.pdf,neighbour-count,,1,recurrence
A302226,papers/A302/A302226.pdf,neighbour-count,,1,recurrence
A302227,papers/A302/A302227.pdf,neighbour-count,,1,recurrence
A302260,papers/A302/A302260.pdf,neighbour-count,,1,recurrence
A302261,papers/A302/A302261.pdf,neighbour-count,,1,recurrence
A302262,papers/A302/A302262.pdf,neighbour-count,,1,order
A302265,papers/A302/A302265.pdf,neighbour-count,yes,8,order+recurrence
A302266,papers/A302/A302266.pdf,neighbour-count,,1,recurrence
A302267,papers/A302/A302267.pdf,neighbour-count,,1,recurrence
A302268,papers/A302/A302268.pdf,neighbour-count,,1,recurrence
A302273,papers/A302/A302273.pdf,neighbour-count,,1,recurrence
A302274,papers/A302/A302274.pdf,neighbour-count,,1,order
A302278,papers/A302/A302278.pdf,neighbour-count,yes,8,order+recurrence
A302279,papers/A302/A302279.pdf,neighbour-count,,1,recurrence
A302280,papers/A302/A302280.pdf,neighbour-count,,1,recurrence
A302281,papers/A302/A302281.pdf,neighbour-count,,1,recurrence
A302304,papers/A302/A302304.pdf,neighbour-count,,1,recurrence
A302305,papers/A302/A302305.pdf,neighbour-count,,1,recurrence
A302309,papers/A302/A302309.pdf,neighbour-count,yes,8,order+recurrence
A302310,papers/A302/A302310.pdf,neighbour-count,,1,recurrence
A302311,papers/A302/A302311.pdf,neighbour-count,,1,recurrence
A302312,papers/A302/A302312.pdf,neighbour-count,,1,recurrence
A302317,papers/A302/A302317.pdf,neighbour-count,,1,recurrence
A302318,papers/A302/A302318.pdf,neighbour-count,,1,recurrence
A302322,papers/A302/A302322.pdf,neighbour-count,yes,8,order+recurrence
A302323,papers/A302/A302323.pdf,neighbour-count,,1,recurrence
A302324,papers/A302/A302324.pdf,neighbour-count,,1,recurrence
A302325,papers/A302/A302325.pdf,neighbour-count,,1,recurrence
A302362,papers/A302/A302362.pdf,neighbour-count,,1,recurrence
A302363,papers/A302/A302363.pdf,neighbour-count,,1,recurrence
A302367,papers/A302/A302367.pdf,neighbour-count,yes,8,order+recurrence
A302368,papers/A302/A302368.pdf,neighbour-count,,1,recurrence
A302369,papers/A302/A302369.pdf,neighbour-count,,1,recurrence
A302370,papers/A302/A302370.pdf,neighbour-count,,1,order
A302376,papers/A302/A302376.pdf,neighbour-count,,1,recurrence
A302377,papers/A302/A302377.pdf,neighbour-count,,1,recurrence
A302378,papers/A302/A302378.pdf,neighbour-count,,1,order
A302381,papers/A302/A302381.pdf,neighbour-count,yes,9,order+recurrence
A302382,papers/A302/A302382.pdf,neighbour-count,,1,recurrence
A302383,papers/A302/A302383.pdf,neighbour-count,,1,recurrence
A302410,papers/A302/A302410.pdf,neighbour-count,,1,recurrence
A302411,papers/A302/A302411.pdf,neighbour-count,,1,recurrence
A302412,papers/A302/A302412.pdf,neighbour-count,,1,recurrence
A302415,papers/A302/A302415.pdf,neighbour-count,yes,10,order+recurrence
A302416,papers/A302/A302416.pdf,neighbour-count,,1,recurrence
A302417,papers/A302/A302417.pdf,neighbour-count,,1,recurrence
A302418,papers/A302/A302418.pdf,neighbour-count,,1,recurrence
A302419,papers/A302/A302419.pdf,neighbour-count,,1,order
A302422,papers/A302/A302422.pdf,neighbour-count,,1,recurrence
A302423,papers/A302/A302423.pdf,neighbour-count,,1,recurrence
A302424,papers/A302/A302424.pdf,neighbour-count,,1,recurrence
A302427,papers/A302/A302427.pdf,neighbour-count,yes,9,order+recurrence
A302428,papers/A302/A302428.pdf,neighbour-count,,1,recurrence
A302429,papers/A302/A302429.pdf,neighbour-count,,1,recurrence
A302455,papers/A302/A302455.pdf,neighbour-count,,1,recurrence
A302456,papers/A302/A302456.pdf,neighbour-count,,1,recurrence
A302460,papers/A302/A302460.pdf,neighbour-count,yes,8,order+recurrence
A302461,papers/A302/A302461.pdf,neighbour-count,,1,recurrence
A302462,papers/A302/A302462.pdf,neighbour-count,,1,order
A302467,papers/A302/A302467.pdf,neighbour-count,,1,recurrence
A302468,papers/A302/A302468.pdf,neighbour-count,,1,recurrence
A302472,papers/A302/A302472.pdf,neighbour-count,yes,8,order+recurrence
A302473,papers/A302/A302473.pdf,neighbour-count,,1,recurrence
A302474,papers/A302/A302474.pdf,neighbour-count,,1,order
A302510,papers/A302/A302510.pdf,neighbour-count,,1,recurrence
A302511,papers/A302/A302511.pdf,neighbour-count,,1,recurrence
A302512,papers/A302/A302512.pdf,neighbour-count,,1,recurrence
A302513,papers/A302/A302513.pdf,neighbour-count,,1,recurrence
A302514,papers/A302/A302514.pdf,neighbour-count,,1,recurrence
A302515,papers/A302/A302515.pdf,neighbour-count,yes,12,order+recurrence
A302516,papers/A302/A302516.pdf,neighbour-count,,1,recurrence
A302517,papers/A302/A302517.pdf,neighbour-count,,1,recurrence
A302518,papers/A302/A302518.pdf,neighbour-count,,1,recurrence
A302519,papers/A302/A302519.pdf,neighbour-count,,1,recurrence
A302520,papers/A302/A302520.pdf,neighbour-count,,1,recurrence
A302523,papers/A302/A302523.pdf,neighbour-count,,1,recurrence
A302524,papers/A302/A302524.pdf,neighbour-count,,1,order
A302528,papers/A302/A302528.pdf,neighbour-count,yes,8,order+recurrence
A302529,papers/A302/A302529.pdf,neighbour-count,,1,recurrence
A302530,papers/A302/A302530.pdf,neighbour-count,,1,order
A302618,papers/A302/A302618.pdf,neighbour-count,,1,recurrence
A302619,papers/A302/A302619.pdf,neighbour-count,,1,recurrence
A302620,papers/A302/A302620.pdf,neighbour-count,,1,recurrence
A302621,papers/A302/A302621.pdf,neighbour-count,,1,recurrence
A302622,papers/A302/A302622.pdf,neighbour-count,,1,recurrence
A302623,papers/A302/A302623.pdf,neighbour-count,yes,10,order+recurrence
A302624,papers/A302/A302624.pdf,neighbour-count,,1,recurrence
A302625,papers/A302/A302625.pdf,neighbour-count,,1,recurrence
A302626,papers/A302/A302626.pdf,neighbour-count,,1,recurrence
A302627,papers/A302/A302627.pdf,neighbour-count,,1,recurrence
A302628,papers/A302/A302628.pdf,neighbour-count,,1,recurrence
A302630,papers/A302/A302630.pdf,neighbour-count,,1,recurrence
A302631,papers/A302/A302631.pdf,neighbour-count,,1,recurrence
A302632,papers/A302/A302632.pdf,neighbour-count,,1,recurrence
A302633,papers/A302/A302633.pdf,neighbour-count,,1,recurrence
A302635,papers/A302/A302635.pdf,neighbour-count,yes,12,order+recurrence
A302636,papers/A302/A302636.pdf,neighbour-count,,1,recurrence
A302637,papers/A302/A302637.pdf,neighbour-count,,1,recurrence
A302638,papers/A302/A302638.pdf,neighbour-count,,1,recurrence
A302639,papers/A302/A302639.pdf,neighbour-count,,1,order
A302665,papers/A302/A302665.pdf,neighbour-count,,1,recurrence
A302666,papers/A302/A302666.pdf,neighbour-count,,1,recurrence
A302670,papers/A302/A302670.pdf,neighbour-count,yes,8,order+recurrence
A302675,papers/A302/A302675.pdf,neighbour-count,,1,recurrence
A302676,papers/A302/A302676.pdf,neighbour-count,,2,gf+recurrence
A302677,papers/A302/A302677.pdf,neighbour-count,,1,recurrence
A302678,papers/A302/A302678.pdf,neighbour-count,,1,recurrence
A302679,papers/A302/A302679.pdf,neighbour-count,,1,recurrence
A302680,papers/A302/A302680.pdf,neighbour-count,yes,12,order+recurrence
A302681,papers/A302/A302681.pdf,neighbour-count,,1,recurrence
A302682,papers/A302/A302682.pdf,neighbour-count,,1,recurrence
A302683,papers/A302/A302683.pdf,neighbour-count,,1,recurrence
A302684,papers/A302/A302684.pdf,neighbour-count,,1,recurrence
A302685,papers/A302/A302685.pdf,neighbour-count,,1,recurrence
A302724,papers/A302/A302724.pdf,neighbour-count,,1,recurrence
A302728,papers/A302/A302728.pdf,neighbour-count,yes,8,order+recurrence
A302729,papers/A302/A302729.pdf,neighbour-count,,1,recurrence
A302736,papers/A302/A302736.pdf,neighbour-count,,1,recurrence
A302737,papers/A302/A302737.pdf,neighbour-count,,1,recurrence
A302738,papers/A302/A302738.pdf,neighbour-count,,1,recurrence
A302741,papers/A302/A302741.pdf,neighbour-count,yes,8,order+recurrence
A302742,papers/A302/A302742.pdf,neighbour-count,,1,recurrence
A302743,papers/A302/A302743.pdf,neighbour-count,,1,recurrence
A302744,papers/A302/A302744.pdf,neighbour-count,,1,order
A302803,papers/A302/A302803.pdf,neighbour-count,,1,recurrence
A302804,papers/A302/A302804.pdf,neighbour-count,,1,recurrence
A302805,papers/A302/A302805.pdf,neighbour-count,,1,order
A302808,papers/A302/A302808.pdf,neighbour-count,yes,8,order+recurrence
A302809,papers/A302/A302809.pdf,neighbour-count,,1,recurrence
A302810,papers/A302/A302810.pdf,neighbour-count,,1,recurrence
A302815,papers/A302/A302815.pdf,neighbour-count,,1,recurrence
A302816,papers/A302/A302816.pdf,neighbour-count,,1,recurrence
A302820,papers/A302/A302820.pdf,neighbour-count,yes,8,order+recurrence
A302821,papers/A302/A302821.pdf,neighbour-count,,1,recurrence
A302822,papers/A302/A302822.pdf,neighbour-count,,1,order
A302872,papers/A302/A302872.pdf,neighbour-count,,1,recurrence
A302873,papers/A302/A302873.pdf,neighbour-count,,1,recurrence
A302877,papers/A302/A302877.pdf,neighbour-count,yes,8,order+recurrence
A302878,papers/A302/A302878.pdf,neighbour-count,,1,recurrence
A302879,papers/A302/A302879.pdf,neighbour-count,,1,recurrence
A302884,papers/A302/A302884.pdf,neighbour-count,,1,recurrence
A302885,papers/A302/A302885.pdf,neighbour-count,,1,recurrence
A302889,papers/A302/A302889.pdf,neighbour-count,yes,8,order+recurrence
A302890,papers/A302/A302890.pdf,neighbour-count,,1,recurrence
A302891,papers/A302/A302891.pdf,neighbour-count,,1,recurrence
A302948,papers/A302/A302948.pdf,neighbour-count,,1,recurrence
A302949,papers/A302/A302949.pdf,neighbour-count,,1,recurrence
A302950,papers/A302/A302950.pdf,neighbour-count,,1,recurrence
A302953,papers/A302/A302953.pdf,neighbour-count,yes,9,order+recurrence
A302954,papers/A302/A302954.pdf,neighbour-count,,1,recurrence
A302955,papers/A302/A302955.pdf,neighbour-count,,1,recurrence
A302956,papers/A302/A302956.pdf,neighbour-count,,1,order
A302960,papers/A302/A302960.pdf,neighbour-count,,1,recurrence
A302961,papers/A302/A302961.pdf,neighbour-count,,1,recurrence
A302962,papers/A302/A302962.pdf,neighbour-count,,1,order
A302965,papers/A302/A302965.pdf,neighbour-count,yes,8,order+recurrence
A302966,papers/A302/A302966.pdf,neighbour-count,,1,recurrence
A302967,papers/A302/A302967.pdf,neighbour-count,,1,recurrence
A303011,papers/A303/A303011.pdf,neighbour-count,,1,recurrence
A303012,papers/A303/A303012.pdf,neighbour-count,,1,recurrence
A303016,papers/A303/A303016.pdf,neighbour-count,yes,8,order+recurrence
A303017,papers/A303/A303017.pdf,neighbour-count,,1,recurrence
A303018,papers/A303/A303018.pdf,neighbour-count,,1,recurrence
A303035,papers/A303/A303035.pdf,neighbour-count,,1,recurrence
A303036,papers/A303/A303036.pdf,neighbour-count,,1,recurrence
A303040,papers/A303/A303040.pdf,neighbour-count,yes,8,order+recurrence
A303041,papers/A303/A303041.pdf,neighbour-count,,1,recurrence
A303042,papers/A303/A303042.pdf,neighbour-count,,1,recurrence
A303079,papers/A303/A303079.pdf,neighbour-count,,1,recurrence
A303080,papers/A303/A303080.pdf,neighbour-count,,1,recurrence
A303084,papers/A303/A303084.pdf,neighbour-count,yes,8,order+recurrence
A303085,papers/A303/A303085.pdf,neighbour-count,,1,recurrence
A303086,papers/A303/A303086.pdf,neighbour-count,,1,order
A303097,papers/A303/A303097.pdf,neighbour-count,,1,recurrence
A303098,papers/A303/A303098.pdf,neighbour-count,,1,recurrence
A303099,papers/A303/A303099.pdf,neighbour-count,,1,order
A303102,papers/A303/A303102.pdf,neighbour-count,yes,9,order+recurrence
A303103,papers/A303/A303103.pdf,neighbour-count,,1,recurrence
A303104,papers/A303/A303104.pdf,neighbour-count,,1,recurrence
A303177,papers/A303/A303177.pdf,neighbour-count,,1,recurrence
A303178,papers/A303/A303178.pdf,neighbour-count,,1,recurrence
A303179,papers/A303/A303179.pdf,neighbour-count,,1,recurrence
A303182,papers/A303/A303182.pdf,neighbour-count,yes,10,order+recurrence
A303183,papers/A303/A303183.pdf,neighbour-count,,1,recurrence
A303184,papers/A303/A303184.pdf,neighbour-count,,1,recurrence
A303185,papers/A303/A303185.pdf,neighbour-count,,1,recurrence
A303186,papers/A303/A303186.pdf,neighbour-count,,1,order
A303192,papers/A303/A303192.pdf,neighbour-count,,1,recurrence
A303193,papers/A303/A303193.pdf,neighbour-count,,1,recurrence
A303194,papers/A303/A303194.pdf,neighbour-count,,1,recurrence
A303197,papers/A303/A303197.pdf,neighbour-count,yes,9,order+recurrence
A303198,papers/A303/A303198.pdf,neighbour-count,,1,recurrence
A303199,papers/A303/A303199.pdf,neighbour-count,,1,recurrence
A303237,papers/A303/A303237.pdf,neighbour-count,,1,recurrence
A303238,papers/A303/A303238.pdf,neighbour-count,,1,recurrence
A303242,papers/A303/A303242.pdf,neighbour-count,yes,8,order+recurrence
A303243,papers/A303/A303243.pdf,neighbour-count,,1,recurrence
A303244,papers/A303/A303244.pdf,neighbour-count,,1,order
A303249,papers/A303/A303249.pdf,neighbour-count,,1,recurrence
A303250,papers/A303/A303250.pdf,neighbour-count,,1,recurrence
A303254,papers/A303/A303254.pdf,neighbour-count,yes,8,order+recurrence
A303309,papers/A303/A303309.pdf,neighbour-count,,1,recurrence
A303310,papers/A303/A303310.pdf,neighbour-count,,1,recurrence
A303311,papers/A303/A303311.pdf,neighbour-count,,1,recurrence
A303312,papers/A303/A303312.pdf,neighbour-count,,1,recurrence
A303313,papers/A303/A303313.pdf,neighbour-count,,1,recurrence
A303314,papers/A303/A303314.pdf,neighbour-count,yes,12,order+recurrence
A303315,papers/A303/A303315.pdf,neighbour-count,,1,recurrence
A303316,papers/A303/A303316.pdf,neighbour-count,,1,recurrence
A303317,papers/A303/A303317.pdf,neighbour-count,,1,recurrence
A303318,papers/A303/A303318.pdf,neighbour-count,,1,recurrence
A303319,papers/A303/A303319.pdf,neighbour-count,,1,recurrence
A303321,papers/A303/A303321.pdf,neighbour-count,,1,recurrence
A303322,papers/A303/A303322.pdf,neighbour-count,,1,recurrence
A303325,papers/A303/A303325.pdf,neighbour-count,yes,10,order+recurrence
A303326,papers/A303/A303326.pdf,neighbour-count,,1,recurrence
A303327,papers/A303/A303327.pdf,neighbour-count,,1,recurrence
A303406,papers/A303/A303406.pdf,neighbour-count,,1,recurrence
A303410,papers/A303/A303410.pdf,neighbour-count,yes,8,order+recurrence
A303411,papers/A303/A303411.pdf,neighbour-count,,1,order
A303416,papers/A303/A303416.pdf,neighbour-count,,1,recurrence
A303417,papers/A303/A303417.pdf,neighbour-count,,1,recurrence
A303418,papers/A303/A303418.pdf,neighbour-count,,1,recurrence
A303419,papers/A303/A303419.pdf,neighbour-count,,1,recurrence
A303420,papers/A303/A303420.pdf,neighbour-count,,1,order
A303421,papers/A303/A303421.pdf,neighbour-count,yes,8,order+recurrence
A303422,papers/A303/A303422.pdf,neighbour-count,,1,recurrence
A303423,papers/A303/A303423.pdf,neighbour-count,,1,recurrence
A303424,papers/A303/A303424.pdf,neighbour-count,,1,recurrence
A303425,papers/A303/A303425.pdf,neighbour-count,,1,order
A303451,papers/A303/A303451.pdf,neighbour-count,,1,recurrence
A303452,papers/A303/A303452.pdf,neighbour-count,,1,recurrence
A303453,papers/A303/A303453.pdf,neighbour-count,,1,recurrence
A303456,papers/A303/A303456.pdf,neighbour-count,yes,8,order+recurrence
A303457,papers/A303/A303457.pdf,neighbour-count,,1,recurrence
A303458,papers/A303/A303458.pdf,neighbour-count,,1,recurrence
A303459,papers/A303/A303459.pdf,neighbour-count,,1,order
A303464,papers/A303/A303464.pdf,neighbour-count,,1,recurrence
A303465,papers/A303/A303465.pdf,neighbour-count,,1,recurrence
A303469,papers/A303/A303469.pdf,neighbour-count,yes,8,order+recurrence
A303470,papers/A303/A303470.pdf,neighbour-count,,1,recurrence
A303471,papers/A303/A303471.pdf,neighbour-count,,1,recurrence
A303508,papers/A303/A303508.pdf,neighbour-count,,1,recurrence
A303509,papers/A303/A303509.pdf,neighbour-count,,1,recurrence
A303513,papers/A303/A303513.pdf,neighbour-count,yes,8,order+recurrence
A303514,papers/A303/A303514.pdf,neighbour-count,,1,recurrence
A303515,papers/A303/A303515.pdf,neighbour-count,,1,order
A303520,papers/A303/A303520.pdf,neighbour-count,,1,recurrence
A303521,papers/A303/A303521.pdf,neighbour-count,,1,recurrence
A303525,papers/A303/A303525.pdf,neighbour-count,yes,8,order+recurrence
A303526,papers/A303/A303526.pdf,neighbour-count,,1,recurrence
A303527,papers/A303/A303527.pdf,neighbour-count,,1,recurrence
A303619,papers/A303/A303619.pdf,neighbour-count,,1,recurrence
A303620,papers/A303/A303620.pdf,neighbour-count,,1,recurrence
A303621,papers/A303/A303621.pdf,neighbour-count,,1,recurrence
A303624,papers/A303/A303624.pdf,neighbour-count,yes,9,order+recurrence
A303625,papers/A303/A303625.pdf,neighbour-count,,1,recurrence
A303626,papers/A303/A303626.pdf,neighbour-count,,1,recurrence
A303631,papers/A303/A303631.pdf,neighbour-count,,1,recurrence
A303632,papers/A303/A303632.pdf,neighbour-count,,1,recurrence
A303633,papers/A303/A303633.pdf,neighbour-count,,1,recurrence
A303636,papers/A303/A303636.pdf,neighbour-count,yes,5,order+recurrence
A303677,papers/A303/A303677.pdf,neighbour-count,,1,recurrence
A303678,papers/A303/A303678.pdf,neighbour-count,,1,recurrence
A303679,papers/A303/A303679.pdf,neighbour-count,,1,recurrence
A303680,papers/A303/A303680.pdf,neighbour-count,,1,recurrence
A303681,papers/A303/A303681.pdf,neighbour-count,,1,recurrence
A303682,papers/A303/A303682.pdf,neighbour-count,yes,6,recurrence
A303684,papers/A303/A303684.pdf,neighbour-count,,1,recurrence
A303685,papers/A303/A303685.pdf,neighbour-count,,1,recurrence
A303686,papers/A303/A303686.pdf,neighbour-count,,1,recurrence
A303687,papers/A303/A303687.pdf,neighbour-count,,1,order
A303690,papers/A303/A303690.pdf,neighbour-count,yes,5,order+recurrence
A303714,papers/A303/A303714.pdf,neighbour-count,,2,gf+recurrence
A303715,papers/A303/A303715.pdf,neighbour-count,,1,recurrence
A303716,papers/A303/A303716.pdf,neighbour-count,,1,recurrence
A303717,papers/A303/A303717.pdf,neighbour-count,,1,recurrence
A303718,papers/A303/A303718.pdf,neighbour-count,,1,recurrence
A303719,papers/A303/A303719.pdf,neighbour-count,yes,6,recurrence
A303721,papers/A303/A303721.pdf,neighbour-count,,1,recurrence
A303722,papers/A303/A303722.pdf,neighbour-count,,1,recurrence
A303723,papers/A303/A303723.pdf,neighbour-count,,1,recurrence
A303724,papers/A303/A303724.pdf,neighbour-count,,1,recurrence
A303725,papers/A303/A303725.pdf,neighbour-count,,1,recurrence
A303726,papers/A303/A303726.pdf,neighbour-count,,1,recurrence
A303727,papers/A303/A303727.pdf,neighbour-count,yes,5,recurrence
A303794,papers/A303/A303794.pdf,neighbour-count,,1,recurrence
A303795,papers/A303/A303795.pdf,neighbour-count,,1,recurrence
A303796,papers/A303/A303796.pdf,neighbour-count,,1,recurrence
A303797,papers/A303/A303797.pdf,neighbour-count,,1,recurrence
A303798,papers/A303/A303798.pdf,neighbour-count,,1,recurrence
A303799,papers/A303/A303799.pdf,neighbour-count,,1,recurrence
A303800,papers/A303/A303800.pdf,neighbour-count,yes,5,order+recurrence
A303802,papers/A303/A303802.pdf,neighbour-count,,1,recurrence
A303803,papers/A303/A303803.pdf,neighbour-count,,1,recurrence
A303804,papers/A303/A303804.pdf,neighbour-count,,1,recurrence
A303805,papers/A303/A303805.pdf,neighbour-count,,1,recurrence
A303808,papers/A303/A303808.pdf,neighbour-count,yes,5,order+recurrence
A303882,papers/A303/A303882.pdf,neighbour-count,,1,recurrence
A303883,papers/A303/A303883.pdf,neighbour-count,,1,recurrence
A303884,papers/A303/A303884.pdf,neighbour-count,,1,recurrence
A303888,papers/A303/A303888.pdf,neighbour-count,yes,4,order+recurrence
A303890,papers/A303/A303890.pdf,neighbour-count,,1,recurrence
A303891,papers/A303/A303891.pdf,neighbour-count,,1,recurrence
A303892,papers/A303/A303892.pdf,neighbour-count,,1,recurrence
A303893,papers/A303/A303893.pdf,neighbour-count,,1,order
A303896,papers/A303/A303896.pdf,neighbour-count,yes,5,order+recurrence
A303956,papers/A303/A303956.pdf,neighbour-count,,1,recurrence
A303957,papers/A303/A303957.pdf,neighbour-count,,1,recurrence
A303958,papers/A303/A303958.pdf,neighbour-count,,1,recurrence
A303959,papers/A303/A303959.pdf,neighbour-count,,1,recurrence
A303960,papers/A303/A303960.pdf,neighbour-count,,1,recurrence
A303961,papers/A303/A303961.pdf,neighbour-count,yes,6,order+recurrence
A303963,papers/A303/A303963.pdf,neighbour-count,,1,recurrence
A303964,papers/A303/A303964.pdf,neighbour-count,,1,recurrence
A303965,papers/A303/A303965.pdf,neighbour-count,,1,recurrence
A303966,papers/A303/A303966.pdf,neighbour-count,,1,recurrence
A303969,papers/A303/A303969.pdf,neighbour-count,yes,5,order+recurrence
A304004,papers/A304/A304004.pdf,neighbour-count,,1,recurrence
A304005,papers/A304/A304005.pdf,neighbour-count,,1,recurrence
A304006,papers/A304/A304006.pdf,neighbour-count,,1,recurrence
A304010,papers/A304/A304010.pdf,neighbour-count,yes,4,order+recurrence
A304013,papers/A304/A304013.pdf,neighbour-count,,1,recurrence
A304014,papers/A304/A304014.pdf,neighbour-count,,1,recurrence
A304015,papers/A304/A304015.pdf,neighbour-count,,1,recurrence
A304019,papers/A304/A304019.pdf,neighbour-count,yes,4,order+recurrence
A304052,papers/A304/A304052.pdf,neighbour-count,,1,recurrence
A304053,papers/A304/A304053.pdf,neighbour-count,,1,recurrence
A304054,papers/A304/A304054.pdf,neighbour-count,,1,recurrence
A304058,papers/A304/A304058.pdf,neighbour-count,yes,4,order+recurrence
A304060,papers/A304/A304060.pdf,neighbour-count,,1,recurrence
A304061,papers/A304/A304061.pdf,neighbour-count,,1,recurrence
A304065,papers/A304/A304065.pdf,neighbour-count,yes,4,order+recurrence
A304128,papers/A304/A304128.pdf,neighbour-count,,1,recurrence
A304129,papers/A304/A304129.pdf,neighbour-count,,1,recurrence
A304130,papers/A304/A304130.pdf,neighbour-count,,1,recurrence
A304131,papers/A304/A304131.pdf,neighbour-count,,1,recurrence
A304132,papers/A304/A304132.pdf,neighbour-count,,1,order
A304133,papers/A304/A304133.pdf,neighbour-count,yes,6,order+recurrence
A304136,papers/A304/A304136.pdf,neighbour-count,,1,recurrence
A304137,papers/A304/A304137.pdf,neighbour-count,,1,recurrence
A304138,papers/A304/A304138.pdf,neighbour-count,,1,order
A304141,papers/A304/A304141.pdf,neighbour-count,yes,5,order+recurrence
A304143,papers/A304/A304143.pdf,neighbour-count,,1,recurrence
A304144,papers/A304/A304144.pdf,neighbour-count,,1,recurrence
A304145,papers/A304/A304145.pdf,neighbour-count,,1,recurrence
A304146,papers/A304/A304146.pdf,neighbour-count,,1,order
A304149,papers/A304/A304149.pdf,neighbour-count,yes,5,order+recurrence
A304151,papers/A304/A304151.pdf,neighbour-count,,1,recurrence
A304152,papers/A304/A304152.pdf,neighbour-count,,1,recurrence
A304156,papers/A304/A304156.pdf,neighbour-count,yes,4,order+recurrence
A304216,papers/A304/A304216.pdf,neighbour-count,,1,recurrence
A304217,papers/A304/A304217.pdf,neighbour-count,,1,recurrence
A304218,papers/A304/A304218.pdf,neighbour-count,,1,recurrence
A304219,papers/A304/A304219.pdf,neighbour-count,,1,recurrence
A304220,papers/A304/A304220.pdf,neighbour-count,,1,recurrence
A304221,papers/A304/A304221.pdf,neighbour-count,yes,6,order+recurrence
A304225,papers/A304/A304225.pdf,neighbour-count,,1,recurrence
A304226,papers/A304/A304226.pdf,neighbour-count,,1,recurrence
A304227,papers/A304/A304227.pdf,neighbour-count,,1,recurrence
A304228,papers/A304/A304228.pdf,neighbour-count,,1,recurrence
A304229,papers/A304/A304229.pdf,neighbour-count,,1,recurrence
A304230,papers/A304/A304230.pdf,neighbour-count,yes,6,order+recurrence
A304257,papers/A304/A304257.pdf,neighbour-count,,1,recurrence
A304258,papers/A304/A304258.pdf,neighbour-count,,1,recurrence
A304259,papers/A304/A304259.pdf,neighbour-count,,1,recurrence
A304263,papers/A304/A304263.pdf,neighbour-count,yes,4,order+recurrence
A304265,papers/A304/A304265.pdf,neighbour-count,,1,recurrence
A304266,papers/A304/A304266.pdf,neighbour-count,,1,recurrence
A304267,papers/A304/A304267.pdf,neighbour-count,,1,recurrence
A304268,papers/A304/A304268.pdf,neighbour-count,,1,recurrence
A304269,papers/A304/A304269.pdf,neighbour-count,,1,recurrence
A304270,papers/A304/A304270.pdf,neighbour-count,yes,6,order+recurrence
A304297,papers/A304/A304297.pdf,neighbour-count,,1,recurrence
A304298,papers/A304/A304298.pdf,neighbour-count,,1,recurrence
A304299,papers/A304/A304299.pdf,neighbour-count,,1,recurrence
A304300,papers/A304/A304300.pdf,neighbour-count,,1,recurrence
A304302,papers/A304/A304302.pdf,neighbour-count,yes,6,order+recurrence
A304304,papers/A304/A304304.pdf,neighbour-count,,1,recurrence
A304305,papers/A304/A304305.pdf,neighbour-count,,1,recurrence
A304306,papers/A304/A304306.pdf,neighbour-count,,1,recurrence
A304310,papers/A304/A304310.pdf,neighbour-count,yes,4,order+recurrence
A304341,papers/A304/A304341.pdf,neighbour-count,,1,recurrence
A304342,papers/A304/A304342.pdf,neighbour-count,,1,recurrence
A304343,papers/A304/A304343.pdf,neighbour-count,,1,recurrence
A304347,papers/A304/A304347.pdf,neighbour-count,yes,4,order+recurrence
A304349,papers/A304/A304349.pdf,neighbour-count,,1,recurrence
A304350,papers/A304/A304350.pdf,neighbour-count,,1,recurrence
A304351,papers/A304/A304351.pdf,neighbour-count,,1,recurrence
A304355,papers/A304/A304355.pdf,neighbour-count,yes,4,order+recurrence
A304414,papers/A304/A304414.pdf,neighbour-count,,1,recurrence
A304415,papers/A304/A304415.pdf,neighbour-count,,1,recurrence
A304419,papers/A304/A304419.pdf,neighbour-count,yes,4,order+recurrence
A304421,papers/A304/A304421.pdf,neighbour-count,,1,recurrence
A304422,papers/A304/A304422.pdf,neighbour-count,,1,recurrence
A304423,papers/A304/A304423.pdf,neighbour-count,,1,recurrence
A304424,papers/A304/A304424.pdf,neighbour-count,,1,order
A304427,papers/A304/A304427.pdf,neighbour-count,yes,4,order+recurrence
A304467,papers/A304/A304467.pdf,neighbour-count,,1,recurrence
A304468,papers/A304/A304468.pdf,neighbour-count,,1,recurrence
A304469,papers/A304/A304469.pdf,neighbour-count,,1,order
A304472,papers/A304/A304472.pdf,neighbour-count,yes,5,order+recurrence
A304474,papers/A304/A304474.pdf,neighbour-count,,1,recurrence
A304475,papers/A304/A304475.pdf,neighbour-count,,1,recurrence
A304479,papers/A304/A304479.pdf,neighbour-count,yes,4,order+recurrence
A304539,papers/A304/A304539.pdf,neighbour-count,,1,recurrence
A304540,papers/A304/A304540.pdf,neighbour-count,,1,recurrence
A304544,papers/A304/A304544.pdf,neighbour-count,yes,4,order+recurrence
A304546,papers/A304/A304546.pdf,neighbour-count,,1,recurrence
A304547,papers/A304/A304547.pdf,neighbour-count,,1,order
A304551,papers/A304/A304551.pdf,neighbour-count,yes,4,order+recurrence
A304592,papers/A304/A304592.pdf,neighbour-count,,1,recurrence
A304593,papers/A304/A304593.pdf,neighbour-count,,1,recurrence
A304597,papers/A304/A304597.pdf,neighbour-count,yes,4,order+recurrence
A304599,papers/A304/A304599.pdf,neighbour-count,,1,recurrence
A304600,papers/A304/A304600.pdf,neighbour-count,,1,recurrence
A304601,papers/A304/A304601.pdf,neighbour-count,,1,recurrence
A304602,papers/A304/A304602.pdf,neighbour-count,,1,order
A304604,papers/A304/A304604.pdf,neighbour-count,yes,6,order+recurrence
A304664,papers/A304/A304664.pdf,neighbour-count,,1,recurrence
A304665,papers/A304/A304665.pdf,neighbour-count,,1,recurrence
A304669,papers/A304/A304669.pdf,neighbour-count,yes,4,order+recurrence
A304671,papers/A304/A304671.pdf,neighbour-count,,1,recurrence
A304672,papers/A304/A304672.pdf,neighbour-count,,1,order
A304676,papers/A304/A304676.pdf,neighbour-count,yes,4,order+recurrence
A304692,papers/A304/A304692.pdf,neighbour-count,,1,recurrence
A304693,papers/A304/A304693.pdf,neighbour-count,,1,order
A304697,papers/A304/A304697.pdf,neighbour-count,yes,4,order+recurrence
A304699,papers/A304/A304699.pdf,neighbour-count,,1,recurrence
A304700,papers/A304/A304700.pdf,neighbour-count,,1,order
A304704,papers/A304/A304704.pdf,neighbour-count,yes,4,order+recurrence
A304762,papers/A304/A304762.pdf,neighbour-count,,1,recurrence
A304763,papers/A304/A304763.pdf,neighbour-count,,1,recurrence
A304767,papers/A304/A304767.pdf,neighbour-count,yes,4,order+recurrence
A304770,papers/A304/A304770.pdf,neighbour-count,,1,recurrence
A304771,papers/A304/A304771.pdf,neighbour-count,,1,recurrence
A304772,papers/A304/A304772.pdf,neighbour-count,,1,recurrence
A304773,papers/A304/A304773.pdf,neighbour-count,,1,recurrence
A304775,papers/A304/A304775.pdf,neighbour-count,yes,5,order+recurrence
A304843,papers/A304/A304843.pdf,neighbour-count,,1,recurrence
A304844,papers/A304/A304844.pdf,neighbour-count,,1,recurrence
A304848,papers/A304/A304848.pdf,neighbour-count,yes,2,order+recurrence
A304850,papers/A304/A304850.pdf,neighbour-count,,1,recurrence
A304851,papers/A304/A304851.pdf,neighbour-count,,1,recurrence
A304855,papers/A304/A304855.pdf,neighbour-count,yes,2,order+recurrence
A304889,papers/A304/A304889.pdf,neighbour-count,,1,recurrence
A304890,papers/A304/A304890.pdf,neighbour-count,,1,recurrence
A304894,papers/A304/A304894.pdf,neighbour-count,yes,4,order+recurrence
A304896,papers/A304/A304896.pdf,neighbour-count,,1,recurrence
A304897,papers/A304/A304897.pdf,neighbour-count,,1,recurrence
A304901,papers/A304/A304901.pdf,neighbour-count,yes,1,order
A304921,papers/A304/A304921.pdf,neighbour-count,,1,recurrence
A304922,papers/A304/A304922.pdf,neighbour-count,,1,recurrence
A304923,papers/A304/A304923.pdf,neighbour-count,,1,recurrence
A304924,papers/A304/A304924.pdf,neighbour-count,,1,order
A304926,papers/A304/A304926.pdf,neighbour-count,yes,5,order+recurrence
A304928,papers/A304/A304928.pdf,neighbour-count,,1,recurrence
A304931,papers/A304/A304931.pdf,neighbour-count,yes,5,order+recurrence
A304947,papers/A304/A304947.pdf,neighbour-count,,1,recurrence
A304948,papers/A304/A304948.pdf,neighbour-count,,1,recurrence
A304952,papers/A304/A304952.pdf,neighbour-count,yes,4,order+recurrence
A304954,papers/A304/A304954.pdf,neighbour-count,,1,recurrence
A304955,papers/A304/A304955.pdf,neighbour-count,,1,recurrence
A304959,papers/A304/A304959.pdf,neighbour-count,yes,4,order+recurrence
A305010,papers/A305/A305010.pdf,neighbour-count,,1,recurrence
A305011,papers/A305/A305011.pdf,neighbour-count,,1,order
A305015,papers/A305/A305015.pdf,neighbour-count,yes,4,order+recurrence
A305017,papers/A305/A305017.pdf,neighbour-count,,1,recurrence
A305018,papers/A305/A305018.pdf,neighbour-count,,1,recurrence
A305022,papers/A305/A305022.pdf,neighbour-count,yes,4,order+recurrence
A305035,papers/A305/A305035.pdf,neighbour-count,,1,recurrence
A305036,papers/A305/A305036.pdf,neighbour-count,,1,recurrence
A305037,papers/A305/A305037.pdf,neighbour-count,,1,recurrence
A305038,papers/A305/A305038.pdf,neighbour-count,,1,recurrence
A305039,papers/A305/A305039.pdf,neighbour-count,,1,recurrence
A305040,papers/A305/A305040.pdf,neighbour-count,yes,6,order+recurrence
A305042,papers/A305/A305042.pdf,neighbour-count,,1,recurrence
A305043,papers/A305/A305043.pdf,neighbour-count,,1,recurrence
A305047,papers/A305/A305047.pdf,neighbour-count,yes,4,order+recurrence
A305084,papers/A305/A305084.pdf,neighbour-count,,1,recurrence
A305085,papers/A305/A305085.pdf,neighbour-count,,1,recurrence
A305086,papers/A305/A305086.pdf,neighbour-count,,1,order
A305089,papers/A305/A305089.pdf,neighbour-count,yes,5,order+recurrence
A305091,papers/A305/A305091.pdf,neighbour-count,,1,recurrence
A305092,papers/A305/A305092.pdf,neighbour-count,,1,recurrence
A305093,papers/A305/A305093.pdf,neighbour-count,,1,recurrence
A305097,papers/A305/A305097.pdf,neighbour-count,yes,4,order+recurrence
A305170,papers/A305/A305170.pdf,neighbour-count,,1,recurrence
A305171,papers/A305/A305171.pdf,neighbour-count,,1,order
A305175,papers/A305/A305175.pdf,neighbour-count,yes,4,order+recurrence
A305177,papers/A305/A305177.pdf,neighbour-count,,1,recurrence
A305178,papers/A305/A305178.pdf,neighbour-count,,1,recurrence
A305179,papers/A305/A305179.pdf,neighbour-count,,1,recurrence
A305182,papers/A305/A305182.pdf,neighbour-count,yes,5,order+recurrence
A305218,papers/A305/A305218.pdf,neighbour-count,,1,recurrence
A305219,papers/A305/A305219.pdf,neighbour-count,,1,recurrence
A305223,papers/A305/A305223.pdf,neighbour-count,yes,4,order+recurrence
A305225,papers/A305/A305225.pdf,neighbour-count,,1,recurrence
A305226,papers/A305/A305226.pdf,neighbour-count,,1,recurrence
A305227,papers/A305/A305227.pdf,neighbour-count,,1,recurrence
A305228,papers/A305/A305228.pdf,neighbour-count,,1,recurrence
A305229,papers/A305/A305229.pdf,neighbour-count,,1,recurrence
A305230,papers/A305/A305230.pdf,neighbour-count,yes,5,order+recurrence
A305240,papers/A305/A305240.pdf,neighbour-count,,1,recurrence
A305241,papers/A305/A305241.pdf,neighbour-count,,1,recurrence
A305242,papers/A305/A305242.pdf,neighbour-count,,1,recurrence
A305243,papers/A305/A305243.pdf,neighbour-count,,1,order
A305245,papers/A305/A305245.pdf,neighbour-count,yes,5,order+recurrence
A305247,papers/A305/A305247.pdf,neighbour-count,,1,recurrence
A305248,papers/A305/A305248.pdf,neighbour-count,,1,recurrence
A305249,papers/A305/A305249.pdf,neighbour-count,,1,recurrence
A305252,papers/A305/A305252.pdf,neighbour-count,yes,5,order+recurrence
A305281,papers/A305/A305281.pdf,neighbour-count,yes,4,order+recurrence
A305283,papers/A305/A305283.pdf,neighbour-count,,1,recurrence
A305284,papers/A305/A305284.pdf,neighbour-count,,1,recurrence
A305288,papers/A305/A305288.pdf,neighbour-count,yes,4,order+recurrence
A305335,papers/A305/A305335.pdf,neighbour-count,,1,recurrence
A305336,papers/A305/A305336.pdf,neighbour-count,,1,recurrence
A305337,papers/A305/A305337.pdf,neighbour-count,,1,recurrence
A305338,papers/A305/A305338.pdf,neighbour-count,,1,recurrence
A305340,papers/A305/A305340.pdf,neighbour-count,yes,5,order+recurrence
A305342,papers/A305/A305342.pdf,neighbour-count,,1,recurrence
A305343,papers/A305/A305343.pdf,neighbour-count,,1,recurrence
A305344,papers/A305/A305344.pdf,neighbour-count,,1,recurrence
A305347,papers/A305/A305347.pdf,neighbour-count,yes,5,order+recurrence
A305360,papers/A305/A305360.pdf,neighbour-count,yes,4,order+recurrence
A305362,papers/A305/A305362.pdf,neighbour-count,,1,recurrence
A305363,papers/A305/A305363.pdf,neighbour-count,,1,recurrence
A305367,papers/A305/A305367.pdf,neighbour-count,yes,4,order+recurrence
A305447,papers/A305/A305447.pdf,neighbour-count,,1,recurrence
A305448,papers/A305/A305448.pdf,neighbour-count,,1,recurrence
A305452,papers/A305/A305452.pdf,neighbour-count,yes,4,order+recurrence
A305457,papers/A305/A305457.pdf,neighbour-count,yes,4,order+recurrence
A305477,papers/A305/A305477.pdf,neighbour-count,,1,recurrence
A305478,papers/A305/A305478.pdf,neighbour-count,,1,recurrence
A305479,papers/A305/A305479.pdf,neighbour-count,,1,recurrence
A305480,papers/A305/A305480.pdf,neighbour-count,,1,recurrence
A305482,papers/A305/A305482.pdf,neighbour-count,yes,6,order+recurrence
A305484,papers/A305/A305484.pdf,neighbour-count,,1,recurrence
A305485,papers/A305/A305485.pdf,neighbour-count,,1,recurrence
A305486,papers/A305/A305486.pdf,neighbour-count,,1,order
A305489,papers/A305/A305489.pdf,neighbour-count,yes,5,order+recurrence
A305509,papers/A305/A305509.pdf,neighbour-count,yes,4,order+recurrence
A305511,papers/A305/A305511.pdf,neighbour-count,,1,recurrence
A305512,papers/A305/A305512.pdf,neighbour-count,,1,recurrence
A305513,papers/A305/A305513.pdf,neighbour-count,,1,recurrence
A305514,papers/A305/A305514.pdf,neighbour-count,,1,order
A305516,papers/A305/A305516.pdf,neighbour-count,yes,6,order+recurrence
A305518,papers/A305/A305518.pdf,neighbour-count,,1,recurrence
A305519,papers/A305/A305519.pdf,neighbour-count,,1,recurrence
A305520,papers/A305/A305520.pdf,neighbour-count,,1,order
A305523,papers/A305/A305523.pdf,neighbour-count,yes,1,recurrence
A305525,papers/A305/A305525.pdf,neighbour-count,,1,recurrence
A305526,papers/A305/A305526.pdf,neighbour-count,,1,recurrence
A305530,papers/A305/A305530.pdf,neighbour-count,yes,4,order+recurrence
A305581,papers/A305/A305581.pdf,neighbour-count,,1,recurrence
A305582,papers/A305/A305582.pdf,neighbour-count,,1,recurrence
A305583,papers/A305/A305583.pdf,neighbour-count,,1,recurrence
A305584,papers/A305/A305584.pdf,neighbour-count,,1,recurrence
A305585,papers/A305/A305585.pdf,neighbour-count,,1,recurrence
A305586,papers/A305/A305586.pdf,neighbour-count,yes,6,order+recurrence
A305588,papers/A305/A305588.pdf,neighbour-count,,1,recurrence
A305589,papers/A305/A305589.pdf,neighbour-count,,1,recurrence
A305593,papers/A305/A305593.pdf,neighbour-count,yes,4,order+recurrence
A305637,papers/A305/A305637.pdf,neighbour-count,,1,recurrence
A305638,papers/A305/A305638.pdf,neighbour-count,,1,recurrence
A305642,papers/A305/A305642.pdf,neighbour-count,yes,4,order+recurrence
A305644,papers/A305/A305644.pdf,neighbour-count,,1,recurrence
A305645,papers/A305/A305645.pdf,neighbour-count,,1,recurrence
A305649,papers/A305/A305649.pdf,neighbour-count,yes,4,order+recurrence
A305680,papers/A305/A305680.pdf,neighbour-count,,1,recurrence
A305681,papers/A305/A305681.pdf,neighbour-count,,1,recurrence
A305685,papers/A305/A305685.pdf,neighbour-count,yes,4,order+recurrence
A305687,papers/A305/A305687.pdf,neighbour-count,,1,recurrence
A305688,papers/A305/A305688.pdf,neighbour-count,,1,recurrence
A305689,papers/A305/A305689.pdf,neighbour-count,,1,recurrence
A305692,papers/A305/A305692.pdf,neighbour-count,yes,4,order+recurrence
A305764,papers/A305/A305764.pdf,neighbour-count,,1,recurrence
A305765,papers/A305/A305765.pdf,neighbour-count,,1,recurrence
A305769,papers/A305/A305769.pdf,neighbour-count,yes,4,order+recurrence
A305771,papers/A305/A305771.pdf,neighbour-count,,1,recurrence
A305772,papers/A305/A305772.pdf,neighbour-count,,1,recurrence
A305776,papers/A305/A305776.pdf,neighbour-count,yes,4,order+recurrence
A305906,papers/A305/A305906.pdf,neighbour-count,,1,recurrence
A305907,papers/A305/A305907.pdf,neighbour-count,,1,order
A305911,papers/A305/A305911.pdf,neighbour-count,yes,2,order+recurrence
A305913,papers/A305/A305913.pdf,neighbour-count,,1,recurrence
A305914,papers/A305/A305914.pdf,neighbour-count,,1,order
A305918,papers/A305/A305918.pdf,neighbour-count,yes,4,order+recurrence
A305949,papers/A305/A305949.pdf,neighbour-count,,1,recurrence
A305950,papers/A305/A305950.pdf,neighbour-count,,1,recurrence
A305954,papers/A305/A305954.pdf,neighbour-count,yes,4,order+recurrence
A305956,papers/A305/A305956.pdf,neighbour-count,,1,recurrence
A305957,papers/A305/A305957.pdf,neighbour-count,,1,recurrence
A305961,papers/A305/A305961.pdf,neighbour-count,yes,4,order+recurrence
A306048,papers/A306/A306048.pdf,neighbour-count,,1,recurrence
A306049,papers/A306/A306049.pdf,neighbour-count,,1,recurrence
A306050,papers/A306/A306050.pdf,neighbour-count,,1,order
A306053,papers/A306/A306053.pdf,neighbour-count,yes,5,order+recurrence
A306055,papers/A306/A306055.pdf,neighbour-count,,1,recurrence
A306056,papers/A306/A306056.pdf,neighbour-count,,1,recurrence
A306060,papers/A306/A306060.pdf,neighbour-count,yes,4,order+recurrence
A306124,papers/A306/A306124.pdf,neighbour-count,,1,recurrence
A306125,papers/A306/A306125.pdf,neighbour-count,,1,recurrence
A306129,papers/A306/A306129.pdf,neighbour-count,yes,4,order+recurrence
A306131,papers/A306/A306131.pdf,neighbour-count,,1,recurrence
A306132,papers/A306/A306132.pdf,neighbour-count,,1,order
A306136,papers/A306/A306136.pdf,neighbour-count,yes,4,order+recurrence
A306138,papers/A306/A306138.pdf,neighbour-count,,1,recurrence
A306139,papers/A306/A306139.pdf,neighbour-count,,1,recurrence
A306143,papers/A306/A306143.pdf,neighbour-count,yes,4,order+recurrence
A306161,papers/A306/A306161.pdf,neighbour-count,,1,recurrence
A306162,papers/A306/A306162.pdf,neighbour-count,,1,recurrence
A306163,papers/A306/A306163.pdf,neighbour-count,,1,recurrence
A306166,papers/A306/A306166.pdf,neighbour-count,yes,5,order+recurrence
A306168,papers/A306/A306168.pdf,neighbour-count,,1,recurrence
A306172,papers/A306/A306172.pdf,neighbour-count,yes,4,order+recurrence
A316118,papers/A316/A316118.pdf,neighbour-count,,1,recurrence
A316119,papers/A316/A316119.pdf,neighbour-count,,1,order
A316123,papers/A316/A316123.pdf,neighbour-count,yes,4,order+recurrence
A316125,papers/A316/A316125.pdf,neighbour-count,,1,recurrence
A316126,papers/A316/A316126.pdf,neighbour-count,,1,order
A316130,papers/A316/A316130.pdf,neighbour-count,yes,4,order+recurrence
A316171,papers/A316/A316171.pdf,neighbour-count,,1,recurrence
A316172,papers/A316/A316172.pdf,neighbour-count,,1,order
A316176,papers/A316/A316176.pdf,neighbour-count,yes,4,order+recurrence
A316178,papers/A316/A316178.pdf,neighbour-count,,1,recurrence
A316179,papers/A316/A316179.pdf,neighbour-count,,1,recurrence
A316180,papers/A316/A316180.pdf,neighbour-count,,1,order
A316183,papers/A316/A316183.pdf,neighbour-count,yes,4,order+recurrence
A316204,papers/A316/A316204.pdf,neighbour-count,,1,recurrence
A316205,papers/A316/A316205.pdf,neighbour-count,,1,recurrence
A316209,papers/A316/A316209.pdf,neighbour-count,yes,4,order+recurrence
A316213,papers/A316/A316213.pdf,neighbour-count,,1,recurrence
A316214,papers/A316/A316214.pdf,neighbour-count,,1,recurrence
A316218,papers/A316/A316218.pdf,neighbour-count,yes,4,order+recurrence
A316234,papers/A316/A316234.pdf,neighbour-count,,1,recurrence
A316235,papers/A316/A316235.pdf,neighbour-count,,1,recurrence
A316239,papers/A316/A316239.pdf,neighbour-count,yes,4,order+recurrence
A316244,papers/A316/A316244.pdf,neighbour-count,yes,4,order+recurrence
A316277,papers/A316/A316277.pdf,neighbour-count,,1,recurrence
A316278,papers/A316/A316278.pdf,neighbour-count,,1,recurrence
A316279,papers/A316/A316279.pdf,neighbour-count,,1,order
A316282,papers/A316/A316282.pdf,neighbour-count,yes,4,order+recurrence
A316284,papers/A316/A316284.pdf,neighbour-count,,1,recurrence
A316285,papers/A316/A316285.pdf,neighbour-count,,1,recurrence
A316286,papers/A316/A316286.pdf,neighbour-count,,1,order
A316289,papers/A316/A316289.pdf,neighbour-count,yes,5,order+recurrence
A316299,papers/A316/A316299.pdf,neighbour-count,,1,recurrence
A316300,papers/A316/A316300.pdf,neighbour-count,,1,recurrence
A316304,papers/A316/A316304.pdf,neighbour-count,yes,4,order+recurrence
A316306,papers/A316/A316306.pdf,neighbour-count,,1,recurrence
A316307,papers/A316/A316307.pdf,neighbour-count,,1,recurrence
A316311,papers/A316/A316311.pdf,neighbour-count,yes,4,order+recurrence
A316376,papers/A316/A316376.pdf,neighbour-count,yes,4,order+recurrence
A316378,papers/A316/A316378.pdf,neighbour-count,,1,recurrence
A316379,papers/A316/A316379.pdf,neighbour-count,,1,recurrence
A316383,papers/A316/A316383.pdf,neighbour-count,yes,4,order+recurrence
A316415,papers/A316/A316415.pdf,neighbour-count,,1,recurrence
A316416,papers/A316/A316416.pdf,neighbour-count,,1,recurrence
A316417,papers/A316/A316417.pdf,neighbour-count,,1,recurrence
A316420,papers/A316/A316420.pdf,neighbour-count,yes,5,order+recurrence
A316422,papers/A316/A316422.pdf,neighbour-count,,1,recurrence
A316423,papers/A316/A316423.pdf,neighbour-count,,1,recurrence
A316427,papers/A316/A316427.pdf,neighbour-count,yes,4,order+recurrence
A316443,papers/A316/A316443.pdf,neighbour-count,,1,recurrence
A316444,papers/A316/A316444.pdf,neighbour-count,,1,order
A316448,papers/A316/A316448.pdf,neighbour-count,yes,4,order+recurrence
A316450,papers/A316/A316450.pdf,neighbour-count,,1,recurrence
A316451,papers/A316/A316451.pdf,neighbour-count,,1,order
A316455,papers/A316/A316455.pdf,neighbour-count,yes,4,order+recurrence
A316511,papers/A316/A316511.pdf,neighbour-count,yes,4,order+recurrence
A316513,papers/A316/A316513.pdf,neighbour-count,,1,recurrence
A316514,papers/A316/A316514.pdf,neighbour-count,,1,recurrence
A316515,papers/A316/A316515.pdf,neighbour-count,,1,recurrence
A316516,papers/A316/A316516.pdf,neighbour-count,,1,recurrence
A316518,papers/A316/A316518.pdf,neighbour-count,yes,5,order+recurrence
A316540,papers/A316/A316540.pdf,neighbour-count,,1,recurrence
A316541,papers/A316/A316541.pdf,neighbour-count,,1,recurrence
A316545,papers/A316/A316545.pdf,neighbour-count,yes,4,order+recurrence
A316547,papers/A316/A316547.pdf,neighbour-count,,1,recurrence
A316548,papers/A316/A316548.pdf,neighbour-count,,1,recurrence
A316552,papers/A316/A316552.pdf,neighbour-count,yes,4,order+recurrence
A316576,papers/A316/A316576.pdf,neighbour-count,yes,4,order+recurrence
A316578,papers/A316/A316578.pdf,neighbour-count,,1,recurrence
A316579,papers/A316/A316579.pdf,neighbour-count,,1,recurrence
A316583,papers/A316/A316583.pdf,neighbour-count,yes,4,order+recurrence
A316612,papers/A316/A316612.pdf,neighbour-count,,1,recurrence
A316615,papers/A316/A316615.pdf,neighbour-count,yes,5,order+recurrence
A316620,papers/A316/A316620.pdf,neighbour-count,yes,4,order+recurrence
A316636,papers/A316/A316636.pdf,neighbour-count,,1,recurrence
A316637,papers/A316/A316637.pdf,neighbour-count,,1,order
A316641,papers/A316/A316641.pdf,neighbour-count,yes,4,order+recurrence
A316643,papers/A316/A316643.pdf,neighbour-count,,1,recurrence
A316644,papers/A316/A316644.pdf,neighbour-count,,1,order
A316648,papers/A316/A316648.pdf,neighbour-count,yes,4,order+recurrence
A316686,papers/A316/A316686.pdf,neighbour-count,yes,2,order+recurrence
A316688,papers/A316/A316688.pdf,neighbour-count,,1,recurrence
A316689,papers/A316/A316689.pdf,neighbour-count,,1,recurrence
A316690,papers/A316/A316690.pdf,neighbour-count,,1,recurrence
A316691,papers/A316/A316691.pdf,neighbour-count,,1,recurrence
A316692,papers/A316/A316692.pdf,neighbour-count,,1,recurrence
A316693,papers/A316/A316693.pdf,neighbour-count,yes,6,order+recurrence
A316733,papers/A316/A316733.pdf,neighbour-count,yes,4,order+recurrence
A316735,papers/A316/A316735.pdf,neighbour-count,,1,recurrence
A316736,papers/A316/A316736.pdf,neighbour-count,,1,recurrence
A316737,papers/A316/A316737.pdf,neighbour-count,,1,order
A316740,papers/A316/A316740.pdf,neighbour-count,yes,1,recurrence
A316752,papers/A316/A316752.pdf,neighbour-count,,1,recurrence
A316753,papers/A316/A316753.pdf,neighbour-count,,1,recurrence
A316757,papers/A316/A316757.pdf,neighbour-count,yes,4,order+recurrence
A316763,papers/A316/A316763.pdf,neighbour-count,yes,4,order+recurrence
A316801,papers/A316/A316801.pdf,neighbour-count,yes,4,order+recurrence
A316803,papers/A316/A316803.pdf,neighbour-count,,1,recurrence
A316804,papers/A316/A316804.pdf,neighbour-count,,1,recurrence
A316805,papers/A316/A316805.pdf,neighbour-count,,1,recurrence
A316806,papers/A316/A316806.pdf,neighbour-count,,1,order
A316808,papers/A316/A316808.pdf,neighbour-count,yes,4,recurrence
A316810,papers/A316/A316810.pdf,neighbour-count,,1,recurrence
A316811,papers/A316/A316811.pdf,neighbour-count,,1,recurrence
A316812,papers/A316/A316812.pdf,neighbour-count,,1,order
A316815,papers/A316/A316815.pdf,neighbour-count,yes,4,order+recurrence
A316817,papers/A316/A316817.pdf,neighbour-count,,1,recurrence
A316818,papers/A316/A316818.pdf,neighbour-count,,1,recurrence
A316822,papers/A316/A316822.pdf,neighbour-count,yes,1,order
A316871,papers/A316/A316871.pdf,neighbour-count,,1,recurrence
A316872,papers/A316/A316872.pdf,neighbour-count,,1,recurrence
A316876,papers/A316/A316876.pdf,neighbour-count,yes,4,order+recurrence
A316878,papers/A316/A316878.pdf,neighbour-count,,1,recurrence
A316879,papers/A316/A316879.pdf,neighbour-count,,1,recurrence
A316883,papers/A316/A316883.pdf,neighbour-count,yes,4,order+recurrence
A316920,papers/A316/A316920.pdf,neighbour-count,,1,recurrence
A316921,papers/A316/A316921.pdf,neighbour-count,,1,recurrence
A316925,papers/A316/A316925.pdf,neighbour-count,yes,4,order+recurrence
A316927,papers/A316/A316927.pdf,neighbour-count,,1,recurrence
A316928,papers/A316/A316928.pdf,neighbour-count,,1,recurrence
A316932,papers/A316/A316932.pdf,neighbour-count,yes,4,order+recurrence
A316948,papers/A316/A316948.pdf,neighbour-count,,1,recurrence
A316949,papers/A316/A316949.pdf,neighbour-count,,1,recurrence
A316950,papers/A316/A316950.pdf,neighbour-count,,1,recurrence
A316951,papers/A316/A316951.pdf,neighbour-count,,1,order
A316953,papers/A316/A316953.pdf,neighbour-count,yes,4,order+recurrence
A316955,papers/A316/A316955.pdf,neighbour-count,,1,recurrence
A316956,papers/A316/A316956.pdf,neighbour-count,,1,recurrence
A316957,papers/A316/A316957.pdf,neighbour-count,,1,order
A316960,papers/A316/A316960.pdf,neighbour-count,yes,4,order+recurrence
A316999,papers/A316/A316999.pdf,neighbour-count,,1,recurrence
A317000,papers/A317/A317000.pdf,neighbour-count,,1,recurrence
A317004,papers/A317/A317004.pdf,neighbour-count,yes,4,order+recurrence
A317006,papers/A317/A317006.pdf,neighbour-count,,1,recurrence
A317007,papers/A317/A317007.pdf,neighbour-count,,1,recurrence
A317011,papers/A317/A317011.pdf,neighbour-count,yes,4,order+recurrence
A317031,papers/A317/A317031.pdf,neighbour-count,,1,recurrence
A317032,papers/A317/A317032.pdf,neighbour-count,,1,recurrence
A317036,papers/A317/A317036.pdf,neighbour-count,yes,4,order+recurrence
A317038,papers/A317/A317038.pdf,neighbour-count,,1,recurrence
A317039,papers/A317/A317039.pdf,neighbour-count,,1,recurrence
A317043,papers/A317/A317043.pdf,neighbour-count,yes,4,order+recurrence
A317065,papers/A317/A317065.pdf,neighbour-count,yes,4,order+recurrence
A317067,papers/A317/A317067.pdf,neighbour-count,,1,recurrence
A317068,papers/A317/A317068.pdf,neighbour-count,,1,recurrence
A317069,papers/A317/A317069.pdf,neighbour-count,,1,recurrence
A317072,papers/A317/A317072.pdf,neighbour-count,yes,4,order+recurrence
A317113,papers/A317/A317113.pdf,neighbour-count,,1,recurrence
A317114,papers/A317/A317114.pdf,neighbour-count,,1,recurrence
A317118,papers/A317/A317118.pdf,neighbour-count,yes,4,order+recurrence
A317120,papers/A317/A317120.pdf,neighbour-count,,1,recurrence
A317121,papers/A317/A317121.pdf,neighbour-count,,1,recurrence
A317125,papers/A317/A317125.pdf,neighbour-count,yes,4,order+recurrence
A317148,papers/A317/A317148.pdf,neighbour-count,,1,recurrence
A317149,papers/A317/A317149.pdf,neighbour-count,,1,order
A317153,papers/A317/A317153.pdf,neighbour-count,yes,4,order+recurrence
A317155,papers/A317/A317155.pdf,neighbour-count,,1,recurrence
A317156,papers/A317/A317156.pdf,neighbour-count,,1,order
A317160,papers/A317/A317160.pdf,neighbour-count,yes,4,order+recurrence
A317215,papers/A317/A317215.pdf,neighbour-count,yes,4,order+recurrence
A317217,papers/A317/A317217.pdf,neighbour-count,,1,recurrence
A317218,papers/A317/A317218.pdf,neighbour-count,,1,recurrence
A317222,papers/A317/A317222.pdf,neighbour-count,yes,4,order+recurrence
A317225,papers/A317/A317225.pdf,neighbour-count,,1,recurrence
A317226,papers/A317/A317226.pdf,neighbour-count,,1,recurrence
A317227,papers/A317/A317227.pdf,neighbour-count,,1,order
A317230,papers/A317/A317230.pdf,neighbour-count,yes,5,order+recurrence
A317233,papers/A317/A317233.pdf,neighbour-count,,1,recurrence
A317234,papers/A317/A317234.pdf,neighbour-count,,1,recurrence
A317238,papers/A317/A317238.pdf,neighbour-count,yes,4,order+recurrence
A317261,papers/A317/A317261.pdf,neighbour-count,,1,recurrence
A317262,papers/A317/A317262.pdf,neighbour-count,,1,order
A317266,papers/A317/A317266.pdf,neighbour-count,yes,4,order+recurrence
A317271,papers/A317/A317271.pdf,neighbour-count,yes,4,order+recurrence
A317371,papers/A317/A317371.pdf,neighbour-count,,1,recurrence
A317372,papers/A317/A317372.pdf,neighbour-count,,1,recurrence
A317376,papers/A317/A317376.pdf,neighbour-count,yes,4,order+recurrence
A317378,papers/A317/A317378.pdf,neighbour-count,,1,recurrence
A317379,papers/A317/A317379.pdf,neighbour-count,,1,recurrence
A317380,papers/A317/A317380.pdf,neighbour-count,,1,recurrence
A317383,papers/A317/A317383.pdf,neighbour-count,yes,5,order+recurrence
A317425,papers/A317/A317425.pdf,neighbour-count,,1,recurrence
A317429,papers/A317/A317429.pdf,neighbour-count,yes,4,order+recurrence
A317431,papers/A317/A317431.pdf,neighbour-count,,1,recurrence
A317432,papers/A317/A317432.pdf,neighbour-count,,1,order
A317436,papers/A317/A317436.pdf,neighbour-count,yes,4,order+recurrence
A317453,papers/A317/A317453.pdf,neighbour-count,,1,recurrence
A317454,papers/A317/A317454.pdf,neighbour-count,,1,order
A317458,papers/A317/A317458.pdf,neighbour-count,yes,4,order+recurrence
A317460,papers/A317/A317460.pdf,neighbour-count,,1,recurrence
A317461,papers/A317/A317461.pdf,neighbour-count,,1,recurrence
A317462,papers/A317/A317462.pdf,neighbour-count,,1,order
A317465,papers/A317/A317465.pdf,neighbour-count,yes,5,order+recurrence
A317512,papers/A317/A317512.pdf,neighbour-count,,1,recurrence
A317513,papers/A317/A317513.pdf,neighbour-count,,1,recurrence
A317514,papers/A317/A317514.pdf,neighbour-count,,1,recurrence
A317515,papers/A317/A317515.pdf,neighbour-count,,1,recurrence
A317517,papers/A317/A317517.pdf,neighbour-count,yes,4,recurrence
A317520,papers/A317/A317520.pdf,neighbour-count,,1,recurrence
A317521,papers/A317/A317521.pdf,neighbour-count,,1,recurrence
A317522,papers/A317/A317522.pdf,neighbour-count,,1,recurrence
A317523,papers/A317/A317523.pdf,neighbour-count,,1,order
A317525,papers/A317/A317525.pdf,neighbour-count,yes,4,recurrence
A317560,papers/A317/A317560.pdf,neighbour-count,,1,recurrence
A317561,papers/A317/A317561.pdf,neighbour-count,,1,recurrence
A317562,papers/A317/A317562.pdf,neighbour-count,,1,order
A317565,papers/A317/A317565.pdf,neighbour-count,yes,4,order+recurrence
A317567,papers/A317/A317567.pdf,neighbour-count,,1,recurrence
A317568,papers/A317/A317568.pdf,neighbour-count,,1,recurrence
A317572,papers/A317/A317572.pdf,neighbour-count,yes,4,order+recurrence
A317599,papers/A317/A317599.pdf,neighbour-count,,1,recurrence
A317600,papers/A317/A317600.pdf,neighbour-count,,1,recurrence
A317604,papers/A317/A317604.pdf,neighbour-count,yes,4,order+recurrence
A317606,papers/A317/A317606.pdf,neighbour-count,,1,recurrence
A317607,papers/A317/A317607.pdf,neighbour-count,,1,recurrence
A317611,papers/A317/A317611.pdf,neighbour-count,yes,4,order+recurrence
A317692,papers/A317/A317692.pdf,neighbour-count,,1,recurrence
A317693,papers/A317/A317693.pdf,neighbour-count,,1,recurrence
A317697,papers/A317/A317697.pdf,neighbour-count,yes,4,order+recurrence
A317703,papers/A317/A317703.pdf,neighbour-count,yes,5,order+recurrence
A317728,papers/A317/A317728.pdf,neighbour-count,,1,recurrence
A317729,papers/A317/A317729.pdf,neighbour-count,,1,recurrence
A317730,papers/A317/A317730.pdf,neighbour-count,,1,recurrence
A317731,papers/A317/A317731.pdf,neighbour-count,,1,recurrence
A317733,papers/A317/A317733.pdf,neighbour-count,yes,4,recurrence
A317735,papers/A317/A317735.pdf,neighbour-count,,1,recurrence
A317736,papers/A317/A317736.pdf,neighbour-count,,1,recurrence
A317737,papers/A317/A317737.pdf,neighbour-count,,1,recurrence
A317738,papers/A317/A317738.pdf,neighbour-count,,1,recurrence
A317739,papers/A317/A317739.pdf,neighbour-count,,1,recurrence
A317740,papers/A317/A317740.pdf,neighbour-count,,1,order
A317741,papers/A317/A317741.pdf,neighbour-count,yes,7,order+recurrence
A317759,papers/A317/A317759.pdf,neighbour-count,,1,recurrence
A317760,papers/A317/A317760.pdf,neighbour-count,,1,recurrence
A317761,papers/A317/A317761.pdf,neighbour-count,,1,recurrence
A317762,papers/A317/A317762.pdf,neighbour-count,,1,recurrence
A317763,papers/A317/A317763.pdf,neighbour-count,,1,recurrence
A317764,papers/A317/A317764.pdf,neighbour-count,yes,6,recurrence
A317767,papers/A317/A317767.pdf,neighbour-count,,2,gf+recurrence
A317768,papers/A317/A317768.pdf,neighbour-count,,1,recurrence
A317769,papers/A317/A317769.pdf,neighbour-count,,1,recurrence
A317770,papers/A317/A317770.pdf,neighbour-count,,1,recurrence
A317771,papers/A317/A317771.pdf,neighbour-count,,1,recurrence
A317773,papers/A317/A317773.pdf,neighbour-count,yes,6,order+recurrence
A317809,papers/A317/A317809.pdf,neighbour-count,,1,recurrence
A317810,papers/A317/A317810.pdf,neighbour-count,,1,recurrence
A317811,papers/A317/A317811.pdf,neighbour-count,,1,recurrence
A317815,papers/A317/A317815.pdf,neighbour-count,yes,4,order+recurrence
A317817,papers/A317/A317817.pdf,neighbour-count,,1,recurrence
A317818,papers/A317/A317818.pdf,neighbour-count,,1,recurrence
A317819,papers/A317/A317819.pdf,neighbour-count,,1,recurrence
A317820,papers/A317/A317820.pdf,neighbour-count,,1,order
A317823,papers/A317/A317823.pdf,neighbour-count,yes,5,order+recurrence
A317857,papers/A317/A317857.pdf,neighbour-count,,1,recurrence
A317858,papers/A317/A317858.pdf,neighbour-count,,1,recurrence
A317863,papers/A317/A317863.pdf,neighbour-count,yes,3,order+recurrence
A317866,papers/A317/A317866.pdf,neighbour-count,,1,recurrence
A317867,papers/A317/A317867.pdf,neighbour-count,,1,order
A317871,papers/A317/A317871.pdf,neighbour-count,yes,4,order+recurrence
A317890,papers/A317/A317890.pdf,neighbour-count,,1,recurrence
A317891,papers/A317/A317891.pdf,neighbour-count,,1,recurrence
A317892,papers/A317/A317892.pdf,neighbour-count,,1,recurrence
A317896,papers/A317/A317896.pdf,neighbour-count,yes,4,order+recurrence
A317898,papers/A317/A317898.pdf,neighbour-count,,1,recurrence
A317899,papers/A317/A317899.pdf,neighbour-count,,1,recurrence
A317902,papers/A317/A317902.pdf,neighbour-count,yes,5,order+recurrence
A318010,papers/A318/A318010.pdf,neighbour-count,,1,recurrence
A318011,papers/A318/A318011.pdf,neighbour-count,,1,recurrence
A318012,papers/A318/A318012.pdf,neighbour-count,,1,recurrence
A318013,papers/A318/A318013.pdf,neighbour-count,,1,recurrence
A318016,papers/A318/A318016.pdf,neighbour-count,yes,4,order+recurrence
A318018,papers/A318/A318018.pdf,neighbour-count,,1,recurrence
A318019,papers/A318/A318019.pdf,neighbour-count,,1,recurrence
A318020,papers/A318/A318020.pdf,neighbour-count,,1,recurrence
A318024,papers/A318/A318024.pdf,neighbour-count,yes,4,order+recurrence
A318031,papers/A318/A318031.pdf,neighbour-count,,1,recurrence
A318032,papers/A318/A318032.pdf,neighbour-count,,1,recurrence
A318037,papers/A318/A318037.pdf,neighbour-count,yes,3,order+recurrence
A318039,papers/A318/A318039.pdf,neighbour-count,,1,recurrence
A318040,papers/A318/A318040.pdf,neighbour-count,,1,recurrence
A318041,papers/A318/A318041.pdf,neighbour-count,,1,order
A318045,papers/A318/A318045.pdf,neighbour-count,yes,4,order+recurrence
A318062,papers/A318/A318062.pdf,neighbour-count,,1,recurrence
A318063,papers/A318/A318063.pdf,neighbour-count,,1,recurrence
A318064,papers/A318/A318064.pdf,neighbour-count,,1,recurrence
A318068,papers/A318/A318068.pdf,neighbour-count,yes,4,order+recurrence
A318070,papers/A318/A318070.pdf,neighbour-count,,1,recurrence
A318071,papers/A318/A318071.pdf,neighbour-count,,1,recurrence
A318072,papers/A318/A318072.pdf,neighbour-count,,1,recurrence
A318073,papers/A318/A318073.pdf,neighbour-count,,1,recurrence
A318075,papers/A318/A318075.pdf,neighbour-count,yes,5,order+recurrence
A318077,papers/A318/A318077.pdf,neighbour-count,,1,recurrence
A318082,papers/A318/A318082.pdf,neighbour-count,yes,3,order+recurrence
A318086,papers/A318/A318086.pdf,neighbour-count,,1,recurrence
A318091,papers/A318/A318091.pdf,neighbour-count,yes,3,order+recurrence
A318093,papers/A318/A318093.pdf,neighbour-count,,1,recurrence
A318094,papers/A318/A318094.pdf,neighbour-count,,1,order
A318098,papers/A318/A318098.pdf,neighbour-count,yes,4,order+recurrence
A318209,papers/A318/A318209.pdf,neighbour-count,,1,recurrence
A318214,papers/A318/A318214.pdf,neighbour-count,yes,3,order+recurrence
A318217,papers/A318/A318217.pdf,neighbour-count,,1,recurrence
A318218,papers/A318/A318218.pdf,neighbour-count,,1,recurrence
A318222,papers/A318/A318222.pdf,neighbour-count,yes,4,order+recurrence
A318338,papers/A318/A318338.pdf,neighbour-count,,1,recurrence
A318339,papers/A318/A318339.pdf,neighbour-count,,1,recurrence
A318340,papers/A318/A318340.pdf,neighbour-count,,1,recurrence
A318341,papers/A318/A318341.pdf,neighbour-count,,1,recurrence
A318342,papers/A318/A318342.pdf,neighbour-count,,1,recurrence
A318343,papers/A318/A318343.pdf,neighbour-count,yes,5,order+recurrence
A318345,papers/A318/A318345.pdf,neighbour-count,,1,recurrence
A318346,papers/A318/A318346.pdf,neighbour-count,,1,recurrence
A318350,papers/A318/A318350.pdf,neighbour-count,yes,4,order+recurrence
A318419,papers/A318/A318419.pdf,neighbour-count,,1,recurrence
A318423,papers/A318/A318423.pdf,neighbour-count,yes,4,order+recurrence
A318425,papers/A318/A318425.pdf,neighbour-count,,1,recurrence
A318426,papers/A318/A318426.pdf,neighbour-count,,1,recurrence
A318430,papers/A318/A318430.pdf,neighbour-count,yes,4,order+recurrence
A318540,papers/A318/A318540.pdf,neighbour-count,,1,recurrence
A318541,papers/A318/A318541.pdf,neighbour-count,,1,recurrence
A318542,papers/A318/A318542.pdf,neighbour-count,,1,recurrence
A318543,papers/A318/A318543.pdf,neighbour-count,,1,recurrence
A318544,papers/A318/A318544.pdf,neighbour-count,,1,recurrence
A318545,papers/A318/A318545.pdf,neighbour-count,yes,6,order+recurrence
A318547,papers/A318/A318547.pdf,neighbour-count,,1,recurrence
A318552,papers/A318/A318552.pdf,neighbour-count,yes,3,order+recurrence
A320359,papers/A320/A320359.pdf,neighbour-count,,1,recurrence
A320360,papers/A320/A320360.pdf,neighbour-count,,1,recurrence
A320364,papers/A320/A320364.pdf,neighbour-count,yes,4,order+recurrence
A320366,papers/A320/A320366.pdf,neighbour-count,,1,recurrence
A320367,papers/A320/A320367.pdf,neighbour-count,,1,recurrence
A320368,papers/A320/A320368.pdf,neighbour-count,,1,recurrence
A320371,papers/A320/A320371.pdf,neighbour-count,yes,4,order+recurrence
A320397,papers/A320/A320397.pdf,neighbour-count,,1,recurrence
A320398,papers/A320/A320398.pdf,neighbour-count,,1,recurrence
A320402,papers/A320/A320402.pdf,neighbour-count,yes,4,order+recurrence
A320404,papers/A320/A320404.pdf,neighbour-count,,1,recurrence
A320405,papers/A320/A320405.pdf,neighbour-count,,1,order
A320409,papers/A320/A320409.pdf,neighbour-count,yes,4,order+recurrence
A326100,papers/A326/A326100.pdf,neighbour-count,,1,recurrence
A326101,papers/A326/A326101.pdf,neighbour-count,,1,recurrence
A326102,papers/A326/A326102.pdf,neighbour-count,,1,recurrence
A326105,papers/A326/A326105.pdf,neighbour-count,yes,4,order+recurrence
A326160,papers/A326/A326160.pdf,neighbour-count,,1,recurrence
A326165,papers/A326/A326165.pdf,neighbour-count,yes,3,order+recurrence
